lat	lon	n_unique_classes	classes_present	mode_winner	overidden_crops
70.20833333333333	19.12499999999997	2	[1.0, 5.0]	1	temf_till
70.20833333333333	20.541666666666657	2	[1.0, 5.0]	1	temf_till
70.125	19.12499999999997	2	[1.0, 5.0]	1	temf_till
70.125	19.208333333333314	2	[1.0, 5.0]	1	temf_till
70.04166666666666	18.958333333333314	2	[1.0, 5.0]	1	temf_till
70.04166666666666	19.041666666666657	2	[1.0, 5.0]	1	temf_till
70.04166666666666	19.12499999999997	2	[1.0, 5.0]	1	temf_till
70.04166666666666	22.12499999999997	2	[1.0, 5.0]	1	temf_till
69.95833333333333	20.208333333333314	2	[1.0, 5.0]	1	temf_till
69.875	21.458333333333314	2	[1.0, 5.0]	1	temf_till
69.79166666666666	18.37499999999997	2	[1.0, 5.0]	1	temf_till
69.79166666666666	18.791666666666657	2	[1.0, 5.0]	1	temf_till
69.79166666666666	18.87499999999997	2	[1.0, 5.0]	1	temf_till
69.79166666666666	19.458333333333314	2	[1.0, 5.0]	1	temf_till
69.79166666666666	19.958333333333314	2	[1.0, 5.0]	1	temf_till
69.79166666666666	21.041666666666657	2	[1.0, 5.0]	1	temf_till
69.79166666666666	21.291666666666657	2	[1.0, 5.0]	1	temf_till
69.79166666666666	31.708333333333314	2	[1.0, 5.0]	1	temf_till
69.70833333333333	18.87499999999997	2	[1.0, 5.0]	1	temf_till
69.70833333333333	18.958333333333314	2	[1.0, 5.0]	1	temf_till
69.70833333333333	19.208333333333314	2	[1.0, 5.0]	1	temf_till
69.70833333333333	19.291666666666657	2	[1.0, 5.0]	1	temf_till
69.70833333333333	19.37499999999997	2	[1.0, 5.0]	1	temf_till
69.70833333333333	20.541666666666657	2	[1.0, 5.0]	1	temf_till
69.70833333333333	21.041666666666657	2	[1.0, 5.0]	1	temf_till
69.70833333333333	21.208333333333314	2	[1.0, 5.0]	1	temf_till
69.625	18.041666666666657	2	[1.0, 5.0]	1	temf_till
69.625	18.208333333333314	2	[1.0, 5.0]	1	temf_till
69.625	18.708333333333314	2	[1.0, 5.0]	1	temf_till
69.625	18.791666666666657	2	[1.0, 5.0]	1	temf_till
69.625	18.87499999999997	2	[1.0, 5.0]	1	temf_till
69.625	20.208333333333314	2	[1.0, 5.0]	1	temf_till
69.54166666666666	18.12499999999997	2	[1.0, 5.0]	1	temf_till
69.54166666666666	18.291666666666657	2	[1.0, 5.0]	1	temf_till
69.54166666666666	18.37499999999997	2	[1.0, 5.0]	1	temf_till
69.54166666666666	18.458333333333314	2	[1.0, 5.0]	1	temf_till
69.54166666666666	18.541666666666657	2	[1.0, 5.0]	1	temf_till
69.54166666666666	18.62499999999997	2	[1.0, 5.0]	1	temf_till
69.54166666666666	18.708333333333314	2	[1.0, 5.0]	1	temf_till
69.54166666666666	18.791666666666657	2	[1.0, 5.0]	1	temf_till
69.54166666666666	18.958333333333314	2	[1.0, 5.0]	1	temf_till
69.54166666666666	19.62499999999997	2	[1.0, 5.0]	1	temf_till
69.54166666666666	20.208333333333314	2	[1.0, 5.0]	1	temf_till
69.54166666666666	20.541666666666657	2	[1.0, 5.0]	1	temf_till
69.45833333333333	19.041666666666657	2	[1.0, 5.0]	1	temf_till
69.45833333333333	20.12499999999997	2	[1.0, 5.0]	1	temf_till
69.375	18.291666666666657	2	[1.0, 5.0]	1	temf_till
69.375	18.791666666666657	2	[1.0, 5.0]	1	temf_till
69.375	19.87499999999997	2	[1.0, 5.0]	1	temf_till
69.375	19.958333333333314	2	[1.0, 5.0]	1	temf_till
69.29166666666666	18.291666666666657	2	[1.0, 5.0]	1	temf_till
69.29166666666666	18.87499999999997	2	[1.0, 5.0]	1	temf_till
69.29166666666666	19.208333333333314	2	[1.0, 5.0]	1	temf_till
69.29166666666666	19.87499999999997	2	[1.0, 5.0]	1	temf_till
69.29166666666666	33.54166666666666	2	[1.0, 5.0]	1	temf_till
69.20833333333333	15.958333333333314	2	[1.0, 5.0]	1	temf_till
69.20833333333333	16.12499999999997	2	[1.0, 5.0]	1	temf_till
69.20833333333333	19.708333333333314	2	[1.0, 5.0]	1	temf_till
69.20833333333333	19.791666666666657	2	[1.0, 5.0]	1	temf_till
69.20833333333333	35.208333333333314	2	[1.0, 5.0]	1	temf_till
69.125	15.624999999999972	2	[1.0, 5.0]	1	temf_till
69.125	15.791666666666657	2	[1.0, 5.0]	1	temf_till
69.125	15.874999999999972	2	[1.0, 5.0]	1	temf_till
69.125	15.958333333333314	2	[1.0, 5.0]	1	temf_till
69.125	18.041666666666657	2	[1.0, 5.0]	1	temf_till
69.125	18.12499999999997	2	[1.0, 5.0]	1	temf_till
69.125	19.62499999999997	2	[1.0, 5.0]	1	temf_till
69.125	20.12499999999997	2	[1.0, 5.0]	1	temf_till
69.04166666666666	15.541666666666657	2	[1.0, 5.0]	1	temf_till
69.04166666666666	15.624999999999972	2	[1.0, 5.0]	1	temf_till
69.04166666666666	17.958333333333314	2	[1.0, 5.0]	1	temf_till
69.04166666666666	19.041666666666657	2	[1.0, 5.0]	1	temf_till
69.04166666666666	19.291666666666657	2	[1.0, 5.0]	1	temf_till
69.04166666666666	19.791666666666657	2	[1.0, 5.0]	1	temf_till
68.95833333333333	17.87499999999997	2	[1.0, 5.0]	1	temf_till
68.95833333333333	17.958333333333314	2	[1.0, 5.0]	1	temf_till
68.95833333333333	18.37499999999997	2	[1.0, 5.0]	1	temf_till
68.95833333333333	18.541666666666657	2	[1.0, 5.0]	1	temf_till
68.95833333333333	18.708333333333314	2	[1.0, 5.0]	1	temf_till
68.95833333333333	18.958333333333314	2	[1.0, 5.0]	1	temf_till
68.95833333333333	19.958333333333314	2	[1.0, 5.0]	1	temf_till
68.95833333333333	20.041666666666657	2	[1.0, 5.0]	1	temf_till
68.875	17.87499999999997	2	[1.0, 5.0]	1	temf_till
68.875	18.041666666666657	2	[1.0, 5.0]	1	temf_till
68.875	18.12499999999997	2	[1.0, 5.0]	1	temf_till
68.875	18.291666666666657	2	[1.0, 5.0]	1	temf_till
68.875	18.37499999999997	2	[1.0, 5.0]	1	temf_till
68.875	18.62499999999997	2	[1.0, 5.0]	1	temf_till
68.875	18.708333333333314	2	[1.0, 5.0]	1	temf_till
68.875	19.041666666666657	2	[1.0, 5.0]	1	temf_till
68.79166666666666	15.791666666666657	2	[1.0, 5.0]	1	temf_till
68.79166666666666	15.958333333333314	2	[1.0, 5.0]	1	temf_till
68.79166666666666	16.458333333333314	2	[1.0, 5.0]	1	temf_till
68.79166666666666	16.541666666666657	2	[1.0, 5.0]	1	temf_till
68.79166666666666	17.62499999999997	2	[1.0, 5.0]	1	temf_till
68.79166666666666	17.708333333333314	2	[1.0, 5.0]	1	temf_till
68.79166666666666	17.791666666666657	2	[1.0, 5.0]	1	temf_till
68.79166666666666	18.291666666666657	2	[1.0, 5.0]	1	temf_till
68.79166666666666	19.37499999999997	2	[1.0, 5.0]	1	temf_till
68.70833333333333	15.208333333333314	2	[1.0, 5.0]	1	temf_till
68.70833333333333	15.291666666666657	2	[1.0, 5.0]	1	temf_till
68.70833333333333	15.374999999999972	2	[1.0, 5.0]	1	temf_till
68.70833333333333	15.791666666666657	2	[1.0, 5.0]	1	temf_till
68.70833333333333	15.874999999999972	2	[1.0, 5.0]	1	temf_till
68.70833333333333	16.208333333333314	2	[1.0, 5.0]	1	temf_till
68.70833333333333	16.291666666666657	2	[1.0, 5.0]	1	temf_till
68.70833333333333	16.37499999999997	2	[1.0, 5.0]	1	temf_till
68.70833333333333	16.458333333333314	2	[1.0, 5.0]	1	temf_till
68.70833333333333	16.541666666666657	2	[1.0, 5.0]	1	temf_till
68.70833333333333	16.791666666666657	2	[1.0, 5.0]	1	temf_till
68.70833333333333	17.791666666666657	2	[1.0, 5.0]	1	temf_till
68.70833333333333	18.041666666666657	2	[1.0, 5.0]	1	temf_till
68.70833333333333	18.208333333333314	2	[1.0, 5.0]	1	temf_till
68.70833333333333	18.458333333333314	2	[1.0, 5.0]	1	temf_till
68.70833333333333	18.541666666666657	2	[1.0, 5.0]	1	temf_till
68.70833333333333	18.708333333333314	2	[1.0, 5.0]	1	temf_till
68.70833333333333	19.541666666666657	2	[1.0, 5.0]	1	temf_till
68.625	14.458333333333314	2	[1.0, 5.0]	1	temf_till
68.625	16.041666666666657	2	[1.0, 5.0]	1	temf_till
68.625	16.291666666666657	2	[1.0, 5.0]	1	temf_till
68.625	16.458333333333314	2	[1.0, 5.0]	1	temf_till
68.625	16.541666666666657	2	[1.0, 5.0]	1	temf_till
68.625	16.62499999999997	2	[1.0, 5.0]	1	temf_till
68.625	16.791666666666657	2	[1.0, 5.0]	1	temf_till
68.54166666666666	15.208333333333314	2	[1.0, 5.0]	1	temf_till
68.54166666666666	16.708333333333314	2	[1.0, 5.0]	1	temf_till
68.54166666666666	17.458333333333314	2	[1.0, 5.0]	1	temf_till
68.54166666666666	17.541666666666657	2	[1.0, 5.0]	1	temf_till
68.54166666666666	17.708333333333314	2	[1.0, 5.0]	1	temf_till
68.54166666666666	18.541666666666657	2	[1.0, 5.0]	1	temf_till
68.54166666666666	19.208333333333314	2	[1.0, 5.0]	1	temf_till
68.45833333333333	17.541666666666657	2	[1.0, 5.0]	1	temf_till
68.45833333333333	17.708333333333314	2	[1.0, 5.0]	1	temf_till
68.375	16.708333333333314	2	[1.0, 5.0]	1	temf_till
68.375	17.291666666666657	2	[1.0, 5.0]	1	temf_till
68.375	17.62499999999997	2	[1.0, 5.0]	1	temf_till
68.29166666666666	14.208333333333314	2	[1.0, 5.0]	1	temf_till
68.29166666666666	17.37499999999997	2	[1.0, 5.0]	1	temf_till
68.20833333333333	13.624999999999972	2	[1.0, 5.0]	1	temf_till
68.20833333333333	13.708333333333314	2	[1.0, 5.0]	1	temf_till
68.04166666666666	39.87499999999997	2	[1.0, 5.0]	1	temf_till
67.29166666666666	14.708333333333314	2	[1.0, 5.0]	1	temf_till
67.29166666666666	14.791666666666657	2	[1.0, 5.0]	1	temf_till
67.29166666666666	15.124999999999972	2	[1.0, 5.0]	1	temf_till
67.29166666666666	15.208333333333314	2	[1.0, 5.0]	1	temf_till
67.29166666666666	15.291666666666657	2	[1.0, 5.0]	1	temf_till
67.29166666666666	15.458333333333314	2	[1.0, 5.0]	1	temf_till
67.29166666666666	15.541666666666657	2	[1.0, 5.0]	1	temf_till
67.29166666666666	32.458333333333314	2	[1.0, 5.0]	1	temf_till
67.20833333333333	15.458333333333314	2	[1.0, 5.0]	1	temf_till
67.125	14.291666666666657	2	[1.0, 5.0]	1	temf_till
67.125	15.458333333333314	2	[1.0, 5.0]	1	temf_till
67.04166666666666	14.541666666666657	2	[1.0, 5.0]	1	temf_till
67.04166666666666	15.374999999999972	2	[1.0, 5.0]	1	temf_till
66.95833333333333	13.624999999999972	2	[1.0, 5.0]	1	temf_till
66.95833333333333	14.624999999999972	2	[1.0, 5.0]	1	temf_till
66.95833333333333	14.708333333333314	2	[1.0, 5.0]	1	temf_till
66.95833333333333	14.791666666666657	2	[1.0, 5.0]	1	temf_till
66.875	13.708333333333314	2	[1.0, 5.0]	1	temf_till
66.79166666666666	29.208333333333314	2	[1.0, 5.0]	1	temf_till
66.375	14.374999999999972	2	[1.0, 5.0]	1	temf_till
66.375	23.708333333333314	2	[1.0, 5.0]	1	temf_till
66.29166666666666	13.458333333333314	2	[1.0, 5.0]	1	temf_till
66.29166666666666	13.541666666666657	2	[1.0, 5.0]	1	temf_till
66.29166666666666	13.791666666666657	2	[1.0, 5.0]	1	temf_till
66.29166666666666	14.041666666666657	2	[1.0, 5.0]	1	temf_till
66.29166666666666	14.708333333333314	2	[1.0, 5.0]	1	temf_till
66.29166666666666	36.79166666666666	2	[1.0, 5.0]	1	temf_till
66.29166666666666	36.87499999999997	2	[1.0, 5.0]	1	temf_till
66.20833333333333	13.374999999999972	2	[1.0, 5.0]	1	temf_till
66.20833333333333	13.624999999999972	2	[1.0, 5.0]	1	temf_till
66.20833333333333	23.791666666666657	2	[1.0, 5.0]	1	temf_till
66.20833333333333	25.291666666666657	3	[1.0, 4.0, 5.0]	4	temf_till,pota_till
66.125	12.541666666666657	2	[1.0, 5.0]	1	temf_till
66.125	13.541666666666657	2	[1.0, 5.0]	1	temf_till
66.125	13.791666666666657	2	[1.0, 5.0]	1	temf_till
66.125	13.874999999999972	2	[1.0, 5.0]	1	temf_till
66.125	24.458333333333314	3	[1.0, 4.0, 5.0]	4	temf_till,pota_till
66.125	24.87499999999997	3	[1.0, 4.0, 5.0]	4	temf_till,pota_till
66.125	24.958333333333314	3	[1.0, 4.0, 5.0]	4	temf_till,pota_till
66.125	29.541666666666657	2	[1.0, 5.0]	1	temf_till
66.125	32.958333333333314	2	[1.0, 5.0]	1	temf_till
66.125	37.708333333333314	2	[1.0, 5.0]	1	temf_till
66.125	38.958333333333314	2	[1.0, 5.0]	1	temf_till
66.04166666666666	12.874999999999972	2	[1.0, 5.0]	1	temf_till
66.04166666666666	12.958333333333314	2	[1.0, 5.0]	1	temf_till
66.04166666666666	13.291666666666657	2	[1.0, 5.0]	1	temf_till
66.04166666666666	13.458333333333314	2	[1.0, 5.0]	1	temf_till
66.04166666666666	13.874999999999972	2	[1.0, 5.0]	1	temf_till
66.04166666666666	13.958333333333314	2	[1.0, 5.0]	1	temf_till
66.04166666666666	24.041666666666657	2	[1.0, 5.0]	1	temf_till
66.04166666666666	24.12499999999997	2	[1.0, 5.0]	1	temf_till
66.04166666666666	24.37499999999997	3	[1.0, 4.0, 5.0]	4	temf_till,pota_till
66.04166666666666	24.708333333333314	3	[1.0, 4.0, 5.0]	4	temf_till,pota_till
66.04166666666666	24.791666666666657	3	[1.0, 4.0, 5.0]	4	temf_till,pota_till
66.04166666666666	38.708333333333314	2	[1.0, 5.0]	1	temf_till
66.04166666666666	52.37499999999997	2	[1.0, 5.0]	1	temf_till
65.95833333333333	12.458333333333314	2	[1.0, 5.0]	1	temf_till
65.95833333333333	13.124999999999972	2	[1.0, 5.0]	1	temf_till
65.95833333333333	13.208333333333314	2	[1.0, 5.0]	1	temf_till
65.95833333333333	13.791666666666657	2	[1.0, 5.0]	1	temf_till
65.95833333333333	24.12499999999997	2	[1.0, 5.0]	1	temf_till
65.95833333333333	24.208333333333314	2	[1.0, 5.0]	1	temf_till
65.95833333333333	24.708333333333314	3	[1.0, 4.0, 5.0]	4	temf_till,pota_till
65.95833333333333	44.208333333333314	2	[1.0, 5.0]	1	temf_till
65.95833333333333	52.37499999999997	2	[1.0, 5.0]	1	temf_till
65.875	13.208333333333314	2	[1.0, 5.0]	1	temf_till
65.875	13.291666666666657	2	[1.0, 5.0]	1	temf_till
65.875	24.208333333333314	2	[1.0, 5.0]	1	temf_till
65.875	24.291666666666657	3	[1.0, 4.0, 5.0]	4	temf_till,pota_till
65.875	24.541666666666657	3	[1.0, 4.0, 5.0]	4	temf_till,pota_till
65.875	24.62499999999997	3	[1.0, 4.0, 5.0]	4	temf_till,pota_till
65.875	30.958333333333314	2	[1.0, 5.0]	1	temf_till
65.875	56.79166666666666	2	[1.0, 5.0]	1	temf_till
65.79166666666666	24.458333333333314	3	[1.0, 4.0, 5.0]	4	temf_till,pota_till
65.79166666666666	27.458333333333314	2	[1.0, 5.0]	1	temf_till
65.70833333333333	11.958333333333314	2	[1.0, 5.0]	1	temf_till
65.70833333333333	24.958333333333314	3	[1.0, 4.0, 5.0]	4	temf_till,pota_till
65.625	13.958333333333314	2	[1.0, 5.0]	1	temf_till
65.625	25.041666666666657	2	[4.0, 5.0]	4	temf_till
65.625	27.208333333333314	2	[1.0, 5.0]	1	temf_till
65.54166666666666	12.291666666666657	2	[1.0, 5.0]	1	temf_till
65.54166666666666	12.374999999999972	2	[1.0, 5.0]	1	temf_till
65.54166666666666	13.124999999999972	2	[1.0, 5.0]	1	temf_till
65.54166666666666	25.208333333333314	2	[4.0, 5.0]	4	temf_till
65.54166666666666	25.62499999999997	3	[1.0, 4.0, 5.0]	4	temf_till,pota_till
65.45833333333333	13.374999999999972	2	[1.0, 5.0]	1	temf_till
65.45833333333333	51.708333333333314	2	[1.0, 5.0]	1	temf_till
65.45833333333333	51.79166666666666	2	[1.0, 5.0]	1	temf_till
65.45833333333333	51.87499999999997	2	[1.0, 5.0]	1	temf_till
65.375	12.208333333333314	2	[1.0, 5.0]	1	temf_till
65.375	12.291666666666657	2	[1.0, 5.0]	1	temf_till
65.375	12.708333333333314	2	[1.0, 5.0]	1	temf_till
65.375	25.708333333333314	3	[1.0, 4.0, 5.0]	4	temf_till,pota_till
65.29166666666666	12.124999999999972	2	[1.0, 5.0]	1	temf_till
65.29166666666666	12.208333333333314	2	[1.0, 5.0]	1	temf_till
65.29166666666666	51.87499999999997	2	[1.0, 5.0]	1	temf_till
65.29166666666666	56.208333333333314	2	[1.0, 5.0]	1	temf_till
65.20833333333333	31.12499999999997	2	[1.0, 5.0]	1	temf_till
65.125	25.37499999999997	3	[1.0, 4.0, 5.0]	4	temf_till,pota_till
65.125	25.791666666666657	3	[1.0, 4.0, 5.0]	4	temf_till,pota_till
65.125	53.87499999999997	2	[1.0, 5.0]	1	temf_till
65.04166666666666	24.708333333333314	2	[1.0, 5.0]	1	temf_till
65.04166666666666	24.791666666666657	3	[1.0, 4.0, 5.0]	4	temf_till,pota_till
64.95833333333333	24.708333333333314	2	[4.0, 5.0]	4	temf_till
64.95833333333333	25.37499999999997	3	[1.0, 4.0, 5.0]	4	temf_till,pota_till
64.95833333333333	25.458333333333314	2	[4.0, 5.0]	4	temf_till
64.95833333333333	25.541666666666657	3	[1.0, 4.0, 5.0]	4	temf_till,pota_till
64.95833333333333	25.62499999999997	3	[1.0, 4.0, 5.0]	4	temf_till,pota_till
64.95833333333333	25.708333333333314	3	[1.0, 4.0, 5.0]	4	temf_till,pota_till
64.95833333333333	53.79166666666666	2	[1.0, 5.0]	1	temf_till
64.95833333333333	53.87499999999997	2	[1.0, 5.0]	1	temf_till
64.875	24.708333333333314	2	[4.0, 5.0]	4	temf_till
64.875	24.958333333333314	2	[1.0, 5.0]	1	temf_till
64.875	25.041666666666657	2	[1.0, 5.0]	1	temf_till
64.875	25.12499999999997	3	[1.0, 4.0, 5.0]	4	temf_till,pota_till
64.875	25.37499999999997	2	[4.0, 5.0]	4	temf_till
64.875	25.458333333333314	3	[1.0, 4.0, 5.0]	4	temf_till,pota_till
64.875	25.541666666666657	3	[1.0, 4.0, 5.0]	4	temf_till,pota_till
64.875	25.62499999999997	3	[1.0, 4.0, 5.0]	4	temf_till,pota_till
64.875	25.87499999999997	3	[1.0, 4.0, 5.0]	4	temf_till,pota_till
64.875	25.958333333333314	3	[1.0, 4.0, 5.0]	4	temf_till,pota_till
64.875	59.12499999999997	2	[1.0, 5.0]	1	temf_till
64.79166666666666	24.62499999999997	2	[1.0, 5.0]	1	temf_till
64.79166666666666	24.708333333333314	3	[1.0, 4.0, 5.0]	4	temf_till,pota_till
64.79166666666666	24.791666666666657	3	[1.0, 4.0, 5.0]	4	temf_till,pota_till
64.79166666666666	24.87499999999997	3	[1.0, 4.0, 5.0]	4	temf_till,pota_till
64.79166666666666	25.12499999999997	3	[1.0, 4.0, 5.0]	4	temf_till,pota_till
64.79166666666666	25.37499999999997	3	[1.0, 4.0, 5.0]	4	temf_till,pota_till
64.79166666666666	25.458333333333314	3	[1.0, 4.0, 5.0]	4	temf_till,pota_till
64.79166666666666	25.541666666666657	3	[1.0, 4.0, 5.0]	4	temf_till,pota_till
64.79166666666666	25.62499999999997	3	[1.0, 4.0, 5.0]	4	temf_till,pota_till
64.79166666666666	25.708333333333314	3	[1.0, 4.0, 5.0]	4	temf_till,pota_till
64.79166666666666	25.791666666666657	3	[1.0, 4.0, 5.0]	4	temf_till,pota_till
64.79166666666666	25.87499999999997	3	[1.0, 4.0, 5.0]	4	temf_till,pota_till
64.79166666666666	25.958333333333314	3	[1.0, 4.0, 5.0]	4	temf_till,pota_till
64.79166666666666	26.041666666666657	3	[1.0, 4.0, 5.0]	4	temf_till,pota_till
64.79166666666666	26.12499999999997	3	[1.0, 4.0, 5.0]	4	temf_till,pota_till
64.79166666666666	26.291666666666657	3	[1.0, 4.0, 5.0]	4	temf_till,pota_till
64.79166666666666	26.37499999999997	3	[1.0, 4.0, 5.0]	4	temf_till,pota_till
64.79166666666666	42.29166666666666	2	[1.0, 5.0]	1	temf_till
64.70833333333333	24.541666666666657	3	[1.0, 4.0, 5.0]	4	temf_till,pota_till
64.70833333333333	24.62499999999997	3	[1.0, 4.0, 5.0]	4	temf_till,pota_till
64.70833333333333	24.958333333333314	3	[1.0, 4.0, 5.0]	4	temf_till,pota_till
64.70833333333333	25.041666666666657	3	[1.0, 4.0, 5.0]	4	temf_till,pota_till
64.70833333333333	25.12499999999997	3	[1.0, 4.0, 5.0]	4	temf_till,pota_till
64.70833333333333	25.541666666666657	3	[1.0, 4.0, 5.0]	4	temf_till,pota_till
64.70833333333333	25.62499999999997	3	[1.0, 4.0, 5.0]	4	temf_till,pota_till
64.70833333333333	25.708333333333314	3	[1.0, 4.0, 5.0]	4	temf_till,pota_till
64.70833333333333	26.541666666666657	3	[1.0, 4.0, 5.0]	4	temf_till,pota_till
64.70833333333333	58.87499999999997	2	[1.0, 5.0]	1	temf_till
64.625	24.62499999999997	3	[1.0, 4.0, 5.0]	4	temf_till,pota_till
64.625	24.708333333333314	2	[1.0, 5.0]	1	temf_till
64.625	25.041666666666657	3	[1.0, 4.0, 5.0]	4	temf_till,pota_till
64.625	25.12499999999997	3	[1.0, 4.0, 5.0]	4	temf_till,pota_till
64.625	25.208333333333314	3	[1.0, 4.0, 5.0]	4	temf_till,pota_till
64.625	25.291666666666657	3	[1.0, 4.0, 5.0]	4	temf_till,pota_till
64.625	25.37499999999997	3	[1.0, 4.0, 5.0]	4	temf_till,pota_till
64.625	25.458333333333314	3	[1.0, 4.0, 5.0]	4	temf_till,pota_till
64.625	25.541666666666657	3	[1.0, 4.0, 5.0]	4	temf_till,pota_till
64.625	26.458333333333314	3	[1.0, 4.0, 5.0]	4	temf_till,pota_till
64.625	26.541666666666657	3	[1.0, 4.0, 5.0]	4	temf_till,pota_till
64.625	33.04166666666666	2	[1.0, 5.0]	1	temf_till
64.625	40.54166666666666	2	[1.0, 5.0]	1	temf_till
64.625	40.62499999999997	2	[1.0, 5.0]	1	temf_till
64.625	40.87499999999997	2	[1.0, 5.0]	1	temf_till
64.625	42.04166666666666	2	[1.0, 5.0]	1	temf_till
64.54166666666666	24.37499999999997	3	[1.0, 4.0, 5.0]	4	temf_till,pota_till
64.54166666666666	25.12499999999997	3	[1.0, 4.0, 5.0]	4	temf_till,pota_till
64.54166666666666	25.208333333333314	3	[1.0, 4.0, 5.0]	4	temf_till,pota_till
64.54166666666666	25.291666666666657	3	[1.0, 4.0, 5.0]	4	temf_till,pota_till
64.54166666666666	25.37499999999997	3	[1.0, 4.0, 5.0]	4	temf_till,pota_till
64.54166666666666	25.541666666666657	3	[1.0, 4.0, 5.0]	4	temf_till,pota_till
64.54166666666666	25.62499999999997	3	[1.0, 4.0, 5.0]	4	temf_till,pota_till
64.54166666666666	26.458333333333314	3	[1.0, 4.0, 5.0]	4	temf_till,pota_till
64.54166666666666	39.958333333333314	2	[1.0, 5.0]	1	temf_till
64.54166666666666	40.62499999999997	2	[1.0, 5.0]	1	temf_till
64.54166666666666	41.79166666666666	2	[1.0, 5.0]	1	temf_till
64.54166666666666	58.29166666666666	2	[1.0, 5.0]	1	temf_till
64.45833333333333	11.791666666666657	2	[1.0, 5.0]	1	temf_till
64.45833333333333	24.12499999999997	2	[1.0, 5.0]	1	temf_till
64.45833333333333	24.208333333333314	2	[1.0, 5.0]	1	temf_till
64.45833333333333	24.291666666666657	3	[1.0, 4.0, 5.0]	4	temf_till,pota_till
64.45833333333333	24.37499999999997	2	[1.0, 5.0]	1	temf_till
64.45833333333333	24.958333333333314	3	[1.0, 4.0, 5.0]	4	temf_till,pota_till
64.45833333333333	25.208333333333314	3	[1.0, 4.0, 5.0]	4	temf_till,pota_till
64.45833333333333	25.62499999999997	3	[1.0, 4.0, 5.0]	4	temf_till,pota_till
64.45833333333333	25.708333333333314	3	[1.0, 4.0, 5.0]	4	temf_till,pota_till
64.45833333333333	26.458333333333314	3	[1.0, 4.0, 5.0]	4	temf_till,pota_till
64.45833333333333	26.541666666666657	3	[1.0, 4.0, 5.0]	4	temf_till,pota_till
64.45833333333333	34.12499999999997	2	[1.0, 5.0]	1	temf_till
64.45833333333333	40.458333333333314	2	[1.0, 5.0]	1	temf_till
64.45833333333333	40.54166666666666	2	[1.0, 5.0]	1	temf_till
64.45833333333333	40.79166666666666	2	[1.0, 5.0]	1	temf_till
64.45833333333333	57.87499999999997	2	[1.0, 5.0]	1	temf_till
64.375	23.958333333333314	2	[1.0, 5.0]	1	temf_till
64.375	24.041666666666657	2	[1.0, 5.0]	1	temf_till
64.375	24.12499999999997	3	[1.0, 4.0, 5.0]	4	temf_till,pota_till
64.375	24.37499999999997	3	[1.0, 4.0, 5.0]	4	temf_till,pota_till
64.375	24.458333333333314	2	[1.0, 5.0]	1	temf_till
64.375	25.041666666666657	3	[1.0, 4.0, 5.0]	4	temf_till,pota_till
64.375	25.12499999999997	3	[1.0, 4.0, 5.0]	4	temf_till,pota_till
64.375	25.208333333333314	3	[1.0, 4.0, 5.0]	4	temf_till,pota_till
64.375	25.87499999999997	3	[1.0, 4.0, 5.0]	4	temf_till,pota_till
64.375	26.291666666666657	3	[1.0, 4.0, 5.0]	4	temf_till,pota_till
64.375	26.37499999999997	3	[1.0, 4.0, 5.0]	4	temf_till,pota_till
64.375	35.208333333333314	2	[1.0, 5.0]	1	temf_till
64.375	40.958333333333314	2	[1.0, 5.0]	1	temf_till
64.375	41.04166666666666	2	[1.0, 5.0]	1	temf_till
64.29166666666666	10.541666666666657	2	[1.0, 5.0]	1	temf_till
64.29166666666666	23.958333333333314	3	[1.0, 4.0, 5.0]	4	temf_till,pota_till
64.29166666666666	24.208333333333314	2	[1.0, 5.0]	1	temf_till
64.29166666666666	24.291666666666657	3	[1.0, 4.0, 5.0]	4	temf_till,pota_till
64.29166666666666	24.37499999999997	3	[1.0, 4.0, 5.0]	4	temf_till,pota_till
64.29166666666666	24.458333333333314	2	[1.0, 5.0]	1	temf_till
64.29166666666666	24.541666666666657	2	[1.0, 5.0]	1	temf_till
64.29166666666666	24.62499999999997	2	[1.0, 5.0]	1	temf_till
64.29166666666666	24.708333333333314	2	[1.0, 5.0]	1	temf_till
64.29166666666666	24.791666666666657	2	[1.0, 5.0]	1	temf_till
64.29166666666666	24.87499999999997	2	[1.0, 5.0]	1	temf_till
64.29166666666666	24.958333333333314	2	[1.0, 5.0]	1	temf_till
64.29166666666666	25.708333333333314	3	[1.0, 4.0, 5.0]	4	temf_till,pota_till
64.29166666666666	25.791666666666657	3	[1.0, 4.0, 5.0]	4	temf_till,pota_till
64.29166666666666	25.87499999999997	3	[1.0, 4.0, 5.0]	4	temf_till,pota_till
64.29166666666666	26.87499999999997	3	[1.0, 4.0, 5.0]	4	temf_till,pota_till
64.29166666666666	27.87499999999997	2	[1.0, 5.0]	1	temf_till
64.29166666666666	28.041666666666657	2	[1.0, 5.0]	1	temf_till
64.29166666666666	35.458333333333314	2	[1.0, 5.0]	1	temf_till
64.29166666666666	41.54166666666666	2	[1.0, 5.0]	1	temf_till
64.29166666666666	41.62499999999997	2	[1.0, 5.0]	1	temf_till
64.29166666666666	41.708333333333314	2	[1.0, 5.0]	1	temf_till
64.29166666666666	44.04166666666666	2	[1.0, 5.0]	1	temf_till
64.29166666666666	46.62499999999997	2	[1.0, 5.0]	1	temf_till
64.20833333333333	10.208333333333314	2	[1.0, 5.0]	1	temf_till
64.20833333333333	23.958333333333314	3	[1.0, 4.0, 5.0]	4	temf_till,pota_till
64.20833333333333	24.041666666666657	3	[1.0, 4.0, 5.0]	4	temf_till,pota_till
64.20833333333333	24.12499999999997	3	[1.0, 4.0, 5.0]	4	temf_till,pota_till
64.20833333333333	24.208333333333314	3	[1.0, 4.0, 5.0]	4	temf_till,pota_till
64.20833333333333	24.291666666666657	3	[1.0, 4.0, 5.0]	4	temf_till,pota_till
64.20833333333333	24.37499999999997	3	[1.0, 4.0, 5.0]	4	temf_till,pota_till
64.20833333333333	24.458333333333314	3	[1.0, 4.0, 5.0]	4	temf_till,pota_till
64.20833333333333	25.041666666666657	3	[1.0, 4.0, 5.0]	4	temf_till,pota_till
64.20833333333333	25.12499999999997	3	[1.0, 4.0, 5.0]	4	temf_till,pota_till
64.20833333333333	25.37499999999997	3	[1.0, 4.0, 5.0]	4	temf_till,pota_till
64.20833333333333	25.458333333333314	3	[1.0, 4.0, 5.0]	4	temf_till,pota_till
64.20833333333333	25.708333333333314	3	[1.0, 4.0, 5.0]	4	temf_till,pota_till
64.20833333333333	25.791666666666657	3	[1.0, 4.0, 5.0]	4	temf_till,pota_till
64.20833333333333	25.958333333333314	3	[1.0, 4.0, 5.0]	4	temf_till,pota_till
64.20833333333333	26.37499999999997	3	[1.0, 4.0, 5.0]	4	temf_till,pota_till
64.20833333333333	26.458333333333314	3	[1.0, 4.0, 5.0]	4	temf_till,pota_till
64.20833333333333	26.958333333333314	3	[1.0, 4.0, 5.0]	4	temf_till,pota_till
64.20833333333333	27.041666666666657	3	[1.0, 4.0, 5.0]	4	temf_till,pota_till
64.20833333333333	28.208333333333314	2	[1.0, 5.0]	1	temf_till
64.20833333333333	28.291666666666657	2	[1.0, 5.0]	1	temf_till
64.20833333333333	35.87499999999997	2	[1.0, 5.0]	1	temf_till
64.20833333333333	41.62499999999997	2	[1.0, 5.0]	1	temf_till
64.20833333333333	41.708333333333314	2	[1.0, 5.0]	1	temf_till
64.20833333333333	41.87499999999997	2	[1.0, 5.0]	1	temf_till
64.125	23.791666666666657	3	[1.0, 4.0, 5.0]	4	temf_till,pota_till
64.125	23.958333333333314	3	[1.0, 4.0, 5.0]	4	temf_till,pota_till
64.125	24.041666666666657	3	[1.0, 4.0, 5.0]	4	temf_till,pota_till
64.125	24.208333333333314	3	[1.0, 4.0, 5.0]	4	temf_till,pota_till
64.125	24.291666666666657	3	[1.0, 4.0, 5.0]	4	temf_till,pota_till
64.125	24.37499999999997	2	[1.0, 5.0]	1	temf_till
64.125	24.458333333333314	2	[1.0, 5.0]	1	temf_till
64.125	24.541666666666657	2	[1.0, 5.0]	1	temf_till
64.125	24.708333333333314	2	[1.0, 5.0]	1	temf_till
64.125	25.291666666666657	3	[1.0, 4.0, 5.0]	4	temf_till,pota_till
64.125	25.37499999999997	3	[1.0, 4.0, 5.0]	4	temf_till,pota_till
64.125	25.458333333333314	3	[1.0, 4.0, 5.0]	4	temf_till,pota_till
64.125	25.541666666666657	3	[1.0, 4.0, 5.0]	4	temf_till,pota_till
64.125	41.708333333333314	2	[1.0, 5.0]	1	temf_till
64.125	41.79166666666666	2	[1.0, 5.0]	1	temf_till
64.125	41.87499999999997	2	[1.0, 5.0]	1	temf_till
64.125	43.04166666666666	2	[1.0, 5.0]	1	temf_till
64.125	51.62499999999997	2	[1.0, 5.0]	1	temf_till
64.04166666666666	23.541666666666657	3	[1.0, 4.0, 5.0]	4	temf_till,pota_till
64.04166666666666	23.62499999999997	3	[1.0, 4.0, 5.0]	4	temf_till,pota_till
64.04166666666666	23.708333333333314	3	[1.0, 4.0, 5.0]	4	temf_till,pota_till
64.04166666666666	24.208333333333314	3	[1.0, 4.0, 5.0]	4	temf_till,pota_till
64.04166666666666	24.708333333333314	2	[1.0, 5.0]	1	temf_till
64.04166666666666	24.791666666666657	2	[1.0, 5.0]	1	temf_till
64.04166666666666	25.041666666666657	2	[1.0, 5.0]	1	temf_till
64.04166666666666	25.291666666666657	3	[1.0, 4.0, 5.0]	4	temf_till,pota_till
64.04166666666666	25.541666666666657	3	[1.0, 4.0, 5.0]	4	temf_till,pota_till
64.04166666666666	26.041666666666657	3	[1.0, 4.0, 5.0]	4	temf_till,pota_till
64.04166666666666	28.291666666666657	2	[1.0, 5.0]	1	temf_till
64.04166666666666	36.12499999999997	2	[1.0, 5.0]	1	temf_till
64.04166666666666	36.29166666666666	2	[1.0, 5.0]	1	temf_till
64.04166666666666	41.62499999999997	2	[1.0, 5.0]	1	temf_till
64.04166666666666	41.708333333333314	2	[1.0, 5.0]	1	temf_till
64.04166666666666	41.79166666666666	2	[1.0, 5.0]	1	temf_till
64.04166666666666	42.29166666666666	2	[1.0, 5.0]	1	temf_till
64.04166666666666	44.29166666666666	2	[1.0, 5.0]	1	temf_till
64.04166666666666	46.958333333333314	2	[1.0, 5.0]	1	temf_till
64.04166666666666	47.79166666666666	2	[1.0, 5.0]	1	temf_till
64.04166666666666	51.708333333333314	2	[1.0, 5.0]	1	temf_till
64.04166666666666	51.79166666666666	2	[1.0, 5.0]	1	temf_till
64.04166666666666	52.29166666666666	2	[1.0, 5.0]	1	temf_till
63.95833333333333	10.208333333333314	2	[1.0, 5.0]	1	temf_till
63.95833333333333	10.374999999999972	2	[1.0, 5.0]	1	temf_till
63.95833333333333	10.458333333333314	2	[1.0, 5.0]	1	temf_till
63.95833333333333	11.291666666666657	2	[1.0, 5.0]	1	temf_till
63.95833333333333	11.541666666666657	2	[1.0, 5.0]	1	temf_till
63.95833333333333	23.37499999999997	2	[4.0, 5.0]	4	temf_till
63.95833333333333	23.458333333333314	3	[1.0, 4.0, 5.0]	4	temf_till,pota_till
63.95833333333333	23.541666666666657	3	[1.0, 4.0, 5.0]	4	temf_till,pota_till
63.95833333333333	23.62499999999997	3	[1.0, 4.0, 5.0]	4	temf_till,pota_till
63.95833333333333	23.708333333333314	3	[1.0, 4.0, 5.0]	4	temf_till,pota_till
63.95833333333333	23.791666666666657	3	[1.0, 4.0, 5.0]	4	temf_till,pota_till
63.95833333333333	23.87499999999997	3	[1.0, 4.0, 5.0]	4	temf_till,pota_till
63.95833333333333	24.208333333333314	3	[1.0, 4.0, 5.0]	4	temf_till,pota_till
63.95833333333333	24.291666666666657	3	[1.0, 4.0, 5.0]	4	temf_till,pota_till
63.95833333333333	24.37499999999997	2	[1.0, 5.0]	1	temf_till
63.95833333333333	24.458333333333314	2	[1.0, 5.0]	1	temf_till
63.95833333333333	24.541666666666657	2	[1.0, 5.0]	1	temf_till
63.95833333333333	24.62499999999997	2	[1.0, 5.0]	1	temf_till
63.95833333333333	24.708333333333314	2	[1.0, 5.0]	1	temf_till
63.95833333333333	24.791666666666657	2	[1.0, 5.0]	1	temf_till
63.95833333333333	24.87499999999997	2	[1.0, 5.0]	1	temf_till
63.95833333333333	24.958333333333314	2	[1.0, 5.0]	1	temf_till
63.95833333333333	25.041666666666657	2	[1.0, 5.0]	1	temf_till
63.95833333333333	25.12499999999997	2	[1.0, 5.0]	1	temf_till
63.95833333333333	25.208333333333314	2	[1.0, 5.0]	1	temf_till
63.95833333333333	25.291666666666657	2	[1.0, 5.0]	1	temf_till
63.95833333333333	25.37499999999997	2	[1.0, 5.0]	1	temf_till
63.95833333333333	25.62499999999997	3	[1.0, 4.0, 5.0]	4	temf_till,pota_till
63.95833333333333	25.708333333333314	2	[1.0, 5.0]	1	temf_till
63.95833333333333	25.791666666666657	3	[1.0, 4.0, 5.0]	4	temf_till,pota_till
63.95833333333333	25.87499999999997	3	[1.0, 4.0, 5.0]	4	temf_till,pota_till
63.95833333333333	26.791666666666657	2	[1.0, 5.0]	1	temf_till
63.95833333333333	36.208333333333314	2	[1.0, 5.0]	1	temf_till
63.95833333333333	36.29166666666666	2	[1.0, 5.0]	1	temf_till
63.95833333333333	38.12499999999997	2	[1.0, 5.0]	1	temf_till
63.95833333333333	41.62499999999997	2	[1.0, 5.0]	1	temf_till
63.95833333333333	41.708333333333314	2	[1.0, 5.0]	1	temf_till
63.95833333333333	41.79166666666666	2	[1.0, 5.0]	1	temf_till
63.95833333333333	47.62499999999997	2	[1.0, 5.0]	1	temf_till
63.95833333333333	47.79166666666666	2	[1.0, 5.0]	1	temf_till
63.95833333333333	47.87499999999997	2	[1.0, 5.0]	1	temf_till
63.95833333333333	52.208333333333314	2	[1.0, 5.0]	1	temf_till
63.95833333333333	52.29166666666666	2	[1.0, 5.0]	1	temf_till
63.95833333333333	52.37499999999997	2	[1.0, 5.0]	1	temf_till
63.95833333333333	52.458333333333314	2	[1.0, 5.0]	1	temf_till
63.95833333333333	56.958333333333314	2	[1.0, 5.0]	1	temf_till
63.95833333333333	57.458333333333314	2	[1.0, 5.0]	1	temf_till
63.875	11.291666666666657	2	[1.0, 5.0]	1	temf_till
63.875	23.208333333333314	3	[1.0, 4.0, 5.0]	4	temf_till,pota_till
63.875	23.291666666666657	3	[1.0, 4.0, 5.0]	4	temf_till,pota_till
63.875	23.37499999999997	3	[1.0, 4.0, 5.0]	4	temf_till,pota_till
63.875	23.458333333333314	3	[1.0, 4.0, 5.0]	4	temf_till,pota_till
63.875	23.541666666666657	3	[1.0, 4.0, 5.0]	4	temf_till,pota_till
63.875	23.62499999999997	3	[1.0, 4.0, 5.0]	4	temf_till,pota_till
63.875	23.87499999999997	3	[1.0, 4.0, 5.0]	4	temf_till,pota_till
63.875	23.958333333333314	3	[1.0, 4.0, 5.0]	4	temf_till,pota_till
63.875	24.041666666666657	3	[1.0, 4.0, 5.0]	4	temf_till,pota_till
63.875	24.12499999999997	3	[1.0, 4.0, 5.0]	4	temf_till,pota_till
63.875	24.62499999999997	2	[1.0, 5.0]	1	temf_till
63.875	24.708333333333314	2	[1.0, 5.0]	1	temf_till
63.875	24.958333333333314	2	[1.0, 5.0]	1	temf_till
63.875	25.041666666666657	2	[1.0, 5.0]	1	temf_till
63.875	25.12499999999997	2	[1.0, 5.0]	1	temf_till
63.875	25.208333333333314	2	[1.0, 5.0]	1	temf_till
63.875	25.458333333333314	2	[1.0, 5.0]	1	temf_till
63.875	25.791666666666657	3	[1.0, 4.0, 5.0]	4	temf_till,pota_till
63.875	26.458333333333314	3	[1.0, 4.0, 5.0]	4	temf_till,pota_till
63.875	26.87499999999997	2	[1.0, 5.0]	1	temf_till
63.875	27.37499999999997	2	[1.0, 5.0]	1	temf_till
63.875	27.458333333333314	2	[1.0, 5.0]	1	temf_till
63.875	37.708333333333314	2	[1.0, 5.0]	1	temf_till
63.875	41.54166666666666	2	[1.0, 5.0]	1	temf_till
63.875	41.62499999999997	2	[1.0, 5.0]	1	temf_till
63.875	41.708333333333314	2	[1.0, 5.0]	1	temf_till
63.875	44.54166666666666	2	[1.0, 5.0]	1	temf_till
63.875	44.62499999999997	2	[1.0, 5.0]	1	temf_till
63.875	44.708333333333314	2	[1.0, 5.0]	1	temf_till
63.875	44.79166666666666	2	[1.0, 5.0]	1	temf_till
63.875	52.208333333333314	2	[1.0, 5.0]	1	temf_till
63.875	52.29166666666666	2	[1.0, 5.0]	1	temf_till
63.875	52.37499999999997	2	[1.0, 5.0]	1	temf_till
63.875	57.37499999999997	2	[1.0, 5.0]	1	temf_till
63.875	59.29166666666666	2	[1.0, 5.0]	1	temf_till
63.791666666666664	9.541666666666657	2	[1.0, 5.0]	1	temf_till
63.791666666666664	9.624999999999972	2	[1.0, 5.0]	1	temf_till
63.791666666666664	9.708333333333314	2	[1.0, 5.0]	1	temf_till
63.791666666666664	9.791666666666657	2	[1.0, 5.0]	1	temf_till
63.791666666666664	9.874999999999972	2	[1.0, 5.0]	1	temf_till
63.791666666666664	10.124999999999972	2	[1.0, 5.0]	1	temf_till
63.791666666666664	10.458333333333314	2	[1.0, 5.0]	1	temf_till
63.791666666666664	11.041666666666657	2	[1.0, 5.0]	1	temf_till
63.791666666666664	11.208333333333314	2	[1.0, 5.0]	1	temf_till
63.791666666666664	11.291666666666657	2	[1.0, 5.0]	1	temf_till
63.791666666666664	11.374999999999972	2	[1.0, 5.0]	1	temf_till
63.791666666666664	22.958333333333314	3	[1.0, 4.0, 5.0]	4	temf_till,pota_till
63.791666666666664	23.041666666666657	3	[1.0, 4.0, 5.0]	4	temf_till,pota_till
63.791666666666664	23.12499999999997	3	[1.0, 4.0, 5.0]	4	temf_till,pota_till
63.791666666666664	23.208333333333314	3	[1.0, 4.0, 5.0]	4	temf_till,pota_till
63.791666666666664	23.291666666666657	3	[1.0, 4.0, 5.0]	4	temf_till,pota_till
63.791666666666664	24.208333333333314	3	[1.0, 4.0, 5.0]	4	temf_till,pota_till
63.791666666666664	24.291666666666657	2	[1.0, 5.0]	1	temf_till
63.791666666666664	24.37499999999997	2	[1.0, 5.0]	1	temf_till
63.791666666666664	24.62499999999997	2	[1.0, 5.0]	1	temf_till
63.791666666666664	24.708333333333314	2	[1.0, 5.0]	1	temf_till
63.791666666666664	25.12499999999997	2	[1.0, 5.0]	1	temf_till
63.791666666666664	25.208333333333314	2	[1.0, 5.0]	1	temf_till
63.791666666666664	25.291666666666657	2	[1.0, 5.0]	1	temf_till
63.791666666666664	25.458333333333314	2	[1.0, 5.0]	1	temf_till
63.791666666666664	25.958333333333314	2	[1.0, 5.0]	1	temf_till
63.791666666666664	26.291666666666657	2	[1.0, 5.0]	1	temf_till
63.791666666666664	26.37499999999997	2	[1.0, 5.0]	1	temf_till
63.791666666666664	26.458333333333314	2	[1.0, 5.0]	1	temf_till
63.791666666666664	26.62499999999997	2	[1.0, 5.0]	1	temf_till
63.791666666666664	26.708333333333314	2	[1.0, 5.0]	1	temf_till
63.791666666666664	26.87499999999997	2	[1.0, 5.0]	1	temf_till
63.791666666666664	26.958333333333314	2	[1.0, 5.0]	1	temf_till
63.791666666666664	27.041666666666657	2	[1.0, 5.0]	1	temf_till
63.791666666666664	27.12499999999997	2	[1.0, 5.0]	1	temf_till
63.791666666666664	27.208333333333314	2	[1.0, 5.0]	1	temf_till
63.791666666666664	27.291666666666657	2	[1.0, 5.0]	1	temf_till
63.791666666666664	27.458333333333314	2	[1.0, 5.0]	1	temf_till
63.791666666666664	28.62499999999997	2	[1.0, 5.0]	1	temf_till
63.791666666666664	37.12499999999997	2	[1.0, 5.0]	1	temf_till
63.791666666666664	37.208333333333314	2	[1.0, 5.0]	1	temf_till
63.791666666666664	37.37499999999997	2	[1.0, 5.0]	1	temf_till
63.791666666666664	37.62499999999997	2	[1.0, 5.0]	1	temf_till
63.791666666666664	41.458333333333314	2	[1.0, 5.0]	1	temf_till
63.791666666666664	41.54166666666666	2	[1.0, 5.0]	1	temf_till
63.791666666666664	41.62499999999997	2	[1.0, 5.0]	1	temf_till
63.791666666666664	44.458333333333314	2	[1.0, 5.0]	1	temf_till
63.791666666666664	52.54166666666666	2	[1.0, 5.0]	1	temf_till
63.791666666666664	52.62499999999997	2	[1.0, 5.0]	1	temf_till
63.791666666666664	56.708333333333314	2	[1.0, 5.0]	1	temf_till
63.70833333333333	9.624999999999972	2	[1.0, 5.0]	1	temf_till
63.70833333333333	9.708333333333314	2	[1.0, 5.0]	1	temf_till
63.70833333333333	9.791666666666657	2	[1.0, 5.0]	1	temf_till
63.70833333333333	9.874999999999972	2	[1.0, 5.0]	1	temf_till
63.70833333333333	10.208333333333314	2	[1.0, 5.0]	1	temf_till
63.70833333333333	10.291666666666657	2	[1.0, 5.0]	1	temf_till
63.70833333333333	22.62499999999997	3	[1.0, 4.0, 5.0]	4	temf_till,pota_till
63.70833333333333	22.87499999999997	2	[4.0, 5.0]	4	temf_till
63.70833333333333	22.958333333333314	3	[1.0, 4.0, 5.0]	4	temf_till,pota_till
63.70833333333333	23.041666666666657	3	[1.0, 4.0, 5.0]	4	temf_till,pota_till
63.70833333333333	23.208333333333314	3	[1.0, 4.0, 5.0]	4	temf_till,pota_till
63.70833333333333	23.291666666666657	3	[1.0, 4.0, 5.0]	4	temf_till,pota_till
63.70833333333333	23.37499999999997	3	[1.0, 4.0, 5.0]	4	temf_till,pota_till
63.70833333333333	23.958333333333314	3	[1.0, 4.0, 5.0]	4	temf_till,pota_till
63.70833333333333	24.291666666666657	2	[1.0, 5.0]	1	temf_till
63.70833333333333	24.37499999999997	2	[1.0, 5.0]	1	temf_till
63.70833333333333	25.041666666666657	2	[1.0, 5.0]	1	temf_till
63.70833333333333	25.12499999999997	2	[1.0, 5.0]	1	temf_till
63.70833333333333	25.208333333333314	2	[1.0, 5.0]	1	temf_till
63.70833333333333	25.291666666666657	2	[1.0, 5.0]	1	temf_till
63.70833333333333	25.37499999999997	2	[1.0, 5.0]	1	temf_till
63.70833333333333	25.458333333333314	2	[1.0, 5.0]	1	temf_till
63.70833333333333	25.87499999999997	2	[1.0, 5.0]	1	temf_till
63.70833333333333	25.958333333333314	2	[1.0, 5.0]	1	temf_till
63.70833333333333	26.12499999999997	2	[1.0, 5.0]	1	temf_till
63.70833333333333	26.208333333333314	2	[1.0, 5.0]	1	temf_till
63.70833333333333	26.37499999999997	2	[1.0, 5.0]	1	temf_till
63.70833333333333	26.458333333333314	2	[1.0, 5.0]	1	temf_till
63.70833333333333	26.541666666666657	2	[1.0, 5.0]	1	temf_till
63.70833333333333	26.62499999999997	2	[1.0, 5.0]	1	temf_till
63.70833333333333	26.708333333333314	2	[1.0, 5.0]	1	temf_till
63.70833333333333	26.791666666666657	2	[1.0, 5.0]	1	temf_till
63.70833333333333	26.958333333333314	2	[1.0, 5.0]	1	temf_till
63.70833333333333	27.041666666666657	2	[1.0, 5.0]	1	temf_till
63.70833333333333	27.12499999999997	2	[1.0, 5.0]	1	temf_till
63.70833333333333	27.208333333333314	2	[1.0, 5.0]	1	temf_till
63.70833333333333	27.291666666666657	2	[1.0, 5.0]	1	temf_till
63.70833333333333	27.37499999999997	2	[1.0, 5.0]	1	temf_till
63.70833333333333	27.458333333333314	2	[1.0, 5.0]	1	temf_till
63.70833333333333	27.541666666666657	2	[1.0, 5.0]	1	temf_till
63.70833333333333	28.708333333333314	2	[1.0, 5.0]	1	temf_till
63.70833333333333	28.791666666666657	2	[1.0, 5.0]	1	temf_till
63.70833333333333	28.87499999999997	2	[1.0, 5.0]	1	temf_till
63.70833333333333	28.958333333333314	2	[1.0, 5.0]	1	temf_till
63.70833333333333	29.12499999999997	2	[1.0, 5.0]	1	temf_till
63.70833333333333	29.208333333333314	2	[1.0, 5.0]	1	temf_till
63.70833333333333	35.62499999999997	2	[1.0, 5.0]	1	temf_till
63.70833333333333	41.458333333333314	2	[1.0, 5.0]	1	temf_till
63.70833333333333	41.54166666666666	2	[1.0, 5.0]	1	temf_till
63.70833333333333	43.958333333333314	2	[1.0, 5.0]	1	temf_till
63.70833333333333	51.29166666666666	2	[1.0, 5.0]	1	temf_till
63.70833333333333	54.958333333333314	2	[1.0, 5.0]	1	temf_till
63.70833333333333	55.62499999999997	2	[1.0, 5.0]	1	temf_till
63.70833333333333	57.29166666666666	2	[1.0, 5.0]	1	temf_till
63.625	9.874999999999972	2	[1.0, 5.0]	1	temf_till
63.625	9.958333333333314	2	[1.0, 5.0]	1	temf_till
63.625	10.041666666666657	2	[1.0, 5.0]	1	temf_till
63.625	10.124999999999972	2	[1.0, 5.0]	1	temf_till
63.625	22.62499999999997	3	[1.0, 4.0, 5.0]	4	temf_till,pota_till
63.625	22.708333333333314	3	[1.0, 4.0, 5.0]	4	temf_till,pota_till
63.625	22.791666666666657	3	[1.0, 4.0, 5.0]	4	temf_till,pota_till
63.625	22.87499999999997	3	[1.0, 4.0, 5.0]	4	temf_till,pota_till
63.625	22.958333333333314	3	[1.0, 4.0, 5.0]	4	temf_till,pota_till
63.625	23.041666666666657	3	[1.0, 4.0, 5.0]	4	temf_till,pota_till
63.625	23.12499999999997	3	[1.0, 4.0, 5.0]	4	temf_till,pota_till
63.625	23.541666666666657	3	[1.0, 4.0, 5.0]	4	temf_till,pota_till
63.625	23.62499999999997	3	[1.0, 4.0, 5.0]	4	temf_till,pota_till
63.625	23.708333333333314	3	[1.0, 4.0, 5.0]	4	temf_till,pota_till
63.625	23.958333333333314	3	[1.0, 4.0, 5.0]	4	temf_till,pota_till
63.625	24.041666666666657	2	[1.0, 5.0]	1	temf_till
63.625	24.12499999999997	3	[1.0, 4.0, 5.0]	4	temf_till,pota_till
63.625	24.37499999999997	2	[1.0, 5.0]	1	temf_till
63.625	24.458333333333314	2	[1.0, 5.0]	1	temf_till
63.625	24.87499999999997	2	[1.0, 5.0]	1	temf_till
63.625	24.958333333333314	2	[1.0, 5.0]	1	temf_till
63.625	25.041666666666657	2	[1.0, 5.0]	1	temf_till
63.625	25.12499999999997	2	[1.0, 5.0]	1	temf_till
63.625	25.791666666666657	2	[1.0, 5.0]	1	temf_till
63.625	26.37499999999997	2	[1.0, 5.0]	1	temf_till
63.625	26.458333333333314	2	[1.0, 5.0]	1	temf_till
63.625	26.541666666666657	2	[1.0, 5.0]	1	temf_till
63.625	26.62499999999997	2	[1.0, 5.0]	1	temf_till
63.625	26.708333333333314	2	[1.0, 5.0]	1	temf_till
63.625	26.791666666666657	2	[1.0, 5.0]	1	temf_till
63.625	26.87499999999997	2	[1.0, 5.0]	1	temf_till
63.625	26.958333333333314	2	[1.0, 5.0]	1	temf_till
63.625	27.041666666666657	2	[1.0, 5.0]	1	temf_till
63.625	27.12499999999997	2	[1.0, 5.0]	1	temf_till
63.625	27.208333333333314	2	[1.0, 5.0]	1	temf_till
63.625	27.291666666666657	2	[1.0, 5.0]	1	temf_till
63.625	27.37499999999997	2	[1.0, 5.0]	1	temf_till
63.625	27.458333333333314	2	[1.0, 5.0]	1	temf_till
63.625	27.541666666666657	2	[1.0, 5.0]	1	temf_till
63.625	27.62499999999997	2	[1.0, 5.0]	1	temf_till
63.625	28.791666666666657	2	[1.0, 5.0]	1	temf_till
63.625	28.87499999999997	2	[1.0, 5.0]	1	temf_till
63.625	29.041666666666657	2	[1.0, 5.0]	1	temf_till
63.625	29.12499999999997	2	[1.0, 5.0]	1	temf_till
63.625	39.208333333333314	2	[1.0, 5.0]	1	temf_till
63.625	41.54166666666666	2	[1.0, 5.0]	1	temf_till
63.625	41.62499999999997	2	[1.0, 5.0]	1	temf_till
63.625	41.708333333333314	2	[1.0, 5.0]	1	temf_till
63.625	41.79166666666666	2	[1.0, 5.0]	1	temf_till
63.625	42.04166666666666	2	[1.0, 5.0]	1	temf_till
63.625	42.12499999999997	2	[1.0, 5.0]	1	temf_till
63.625	43.958333333333314	2	[1.0, 5.0]	1	temf_till
63.625	45.62499999999997	2	[1.0, 5.0]	1	temf_till
63.625	45.708333333333314	2	[1.0, 5.0]	1	temf_till
63.625	47.12499999999997	2	[1.0, 5.0]	1	temf_till
63.625	47.29166666666666	2	[1.0, 5.0]	1	temf_till
63.625	48.208333333333314	2	[1.0, 5.0]	1	temf_till
63.625	53.458333333333314	2	[1.0, 5.0]	1	temf_till
63.625	53.62499999999997	2	[1.0, 5.0]	1	temf_till
63.625	54.87499999999997	2	[1.0, 5.0]	1	temf_till
63.541666666666664	9.791666666666657	2	[1.0, 5.0]	1	temf_till
63.541666666666664	9.958333333333314	2	[1.0, 5.0]	1	temf_till
63.541666666666664	10.041666666666657	2	[1.0, 5.0]	1	temf_till
63.541666666666664	10.124999999999972	2	[1.0, 5.0]	1	temf_till
63.541666666666664	10.624999999999972	2	[1.0, 5.0]	1	temf_till
63.541666666666664	10.708333333333314	2	[1.0, 5.0]	1	temf_till
63.541666666666664	22.541666666666657	2	[1.0, 5.0]	1	temf_till
63.541666666666664	22.708333333333314	2	[1.0, 5.0]	1	temf_till
63.541666666666664	22.87499999999997	3	[1.0, 4.0, 5.0]	4	temf_till,pota_till
63.541666666666664	22.958333333333314	3	[1.0, 4.0, 5.0]	4	temf_till,pota_till
63.541666666666664	23.041666666666657	3	[1.0, 4.0, 5.0]	4	temf_till,pota_till
63.541666666666664	23.458333333333314	3	[1.0, 4.0, 5.0]	4	temf_till,pota_till
63.541666666666664	23.541666666666657	3	[1.0, 4.0, 5.0]	4	temf_till,pota_till
63.541666666666664	23.62499999999997	3	[1.0, 4.0, 5.0]	4	temf_till,pota_till
63.541666666666664	23.708333333333314	3	[1.0, 4.0, 5.0]	4	temf_till,pota_till
63.541666666666664	25.208333333333314	2	[1.0, 5.0]	1	temf_till
63.541666666666664	25.291666666666657	2	[1.0, 5.0]	1	temf_till
63.541666666666664	25.37499999999997	2	[1.0, 5.0]	1	temf_till
63.541666666666664	26.37499999999997	2	[1.0, 5.0]	1	temf_till
63.541666666666664	26.458333333333314	2	[1.0, 5.0]	1	temf_till
63.541666666666664	26.541666666666657	2	[1.0, 5.0]	1	temf_till
63.541666666666664	26.62499999999997	2	[1.0, 5.0]	1	temf_till
63.541666666666664	26.708333333333314	2	[1.0, 5.0]	1	temf_till
63.541666666666664	26.791666666666657	2	[1.0, 5.0]	1	temf_till
63.541666666666664	26.958333333333314	2	[1.0, 5.0]	1	temf_till
63.541666666666664	27.041666666666657	2	[1.0, 5.0]	1	temf_till
63.541666666666664	27.12499999999997	2	[1.0, 5.0]	1	temf_till
63.541666666666664	27.208333333333314	2	[1.0, 5.0]	1	temf_till
63.541666666666664	27.291666666666657	2	[1.0, 5.0]	1	temf_till
63.541666666666664	27.37499999999997	2	[1.0, 5.0]	1	temf_till
63.541666666666664	27.458333333333314	2	[1.0, 5.0]	1	temf_till
63.541666666666664	27.541666666666657	2	[1.0, 5.0]	1	temf_till
63.541666666666664	27.62499999999997	2	[1.0, 5.0]	1	temf_till
63.541666666666664	28.87499999999997	2	[1.0, 5.0]	1	temf_till
63.541666666666664	28.958333333333314	2	[1.0, 5.0]	1	temf_till
63.541666666666664	29.541666666666657	2	[1.0, 5.0]	1	temf_till
63.541666666666664	39.04166666666666	2	[1.0, 5.0]	1	temf_till
63.541666666666664	41.54166666666666	2	[1.0, 5.0]	1	temf_till
63.541666666666664	41.62499999999997	2	[1.0, 5.0]	1	temf_till
63.541666666666664	41.708333333333314	2	[1.0, 5.0]	1	temf_till
63.541666666666664	41.79166666666666	2	[1.0, 5.0]	1	temf_till
63.541666666666664	41.87499999999997	2	[1.0, 5.0]	1	temf_till
63.541666666666664	41.958333333333314	2	[1.0, 5.0]	1	temf_till
63.541666666666664	42.04166666666666	2	[1.0, 5.0]	1	temf_till
63.541666666666664	45.62499999999997	2	[1.0, 5.0]	1	temf_till
63.541666666666664	45.708333333333314	2	[1.0, 5.0]	1	temf_till
63.541666666666664	53.12499999999997	2	[1.0, 5.0]	1	temf_till
63.541666666666664	53.37499999999997	2	[1.0, 5.0]	1	temf_till
63.541666666666664	53.458333333333314	2	[1.0, 5.0]	1	temf_till
63.541666666666664	53.708333333333314	2	[1.0, 5.0]	1	temf_till
63.541666666666664	53.79166666666666	2	[1.0, 5.0]	1	temf_till
63.541666666666664	53.87499999999997	2	[1.0, 5.0]	1	temf_till
63.541666666666664	54.208333333333314	2	[1.0, 5.0]	1	temf_till
63.45833333333333	7.874999999999972	2	[1.0, 5.0]	1	temf_till
63.45833333333333	7.958333333333314	2	[1.0, 5.0]	1	temf_till
63.45833333333333	8.041666666666657	2	[1.0, 5.0]	1	temf_till
63.45833333333333	9.791666666666657	2	[1.0, 5.0]	1	temf_till
63.45833333333333	9.874999999999972	2	[1.0, 5.0]	1	temf_till
63.45833333333333	9.958333333333314	2	[1.0, 5.0]	1	temf_till
63.45833333333333	10.124999999999972	2	[1.0, 5.0]	1	temf_till
63.45833333333333	10.208333333333314	2	[1.0, 5.0]	1	temf_till
63.45833333333333	10.374999999999972	2	[1.0, 5.0]	1	temf_till
63.45833333333333	10.458333333333314	2	[1.0, 5.0]	1	temf_till
63.45833333333333	10.624999999999972	2	[1.0, 5.0]	1	temf_till
63.45833333333333	10.874999999999972	2	[1.0, 5.0]	1	temf_till
63.45833333333333	22.291666666666657	2	[1.0, 5.0]	1	temf_till
63.45833333333333	22.37499999999997	2	[1.0, 5.0]	1	temf_till
63.45833333333333	22.458333333333314	2	[1.0, 5.0]	1	temf_till
63.45833333333333	22.541666666666657	2	[1.0, 5.0]	1	temf_till
63.45833333333333	22.62499999999997	2	[1.0, 5.0]	1	temf_till
63.45833333333333	22.87499999999997	3	[1.0, 4.0, 5.0]	4	temf_till,pota_till
63.45833333333333	23.041666666666657	3	[1.0, 4.0, 5.0]	4	temf_till,pota_till
63.45833333333333	23.291666666666657	3	[1.0, 4.0, 5.0]	4	temf_till,pota_till
63.45833333333333	23.37499999999997	3	[1.0, 4.0, 5.0]	4	temf_till,pota_till
63.45833333333333	23.541666666666657	3	[1.0, 4.0, 5.0]	4	temf_till,pota_till
63.45833333333333	23.62499999999997	3	[1.0, 4.0, 5.0]	4	temf_till,pota_till
63.45833333333333	23.791666666666657	3	[1.0, 4.0, 5.0]	4	temf_till,pota_till
63.45833333333333	23.87499999999997	3	[1.0, 4.0, 5.0]	4	temf_till,pota_till
63.45833333333333	24.041666666666657	2	[1.0, 5.0]	1	temf_till
63.45833333333333	24.12499999999997	3	[1.0, 4.0, 5.0]	4	temf_till,pota_till
63.45833333333333	24.208333333333314	3	[1.0, 4.0, 5.0]	4	temf_till,pota_till
63.45833333333333	25.37499999999997	2	[1.0, 5.0]	1	temf_till
63.45833333333333	25.62499999999997	2	[1.0, 5.0]	1	temf_till
63.45833333333333	25.708333333333314	2	[1.0, 5.0]	1	temf_till
63.45833333333333	26.541666666666657	2	[1.0, 5.0]	1	temf_till
63.45833333333333	26.62499999999997	2	[1.0, 5.0]	1	temf_till
63.45833333333333	26.708333333333314	2	[1.0, 5.0]	1	temf_till
63.45833333333333	27.208333333333314	2	[1.0, 5.0]	1	temf_till
63.45833333333333	27.291666666666657	2	[1.0, 5.0]	1	temf_till
63.45833333333333	27.37499999999997	2	[1.0, 5.0]	1	temf_till
63.45833333333333	27.791666666666657	2	[1.0, 5.0]	1	temf_till
63.45833333333333	27.958333333333314	2	[1.0, 5.0]	1	temf_till
63.45833333333333	28.041666666666657	2	[1.0, 5.0]	1	temf_till
63.45833333333333	29.041666666666657	2	[1.0, 5.0]	1	temf_till
63.45833333333333	29.62499999999997	2	[1.0, 5.0]	1	temf_till
63.45833333333333	29.708333333333314	2	[1.0, 5.0]	1	temf_till
63.45833333333333	39.04166666666666	2	[1.0, 5.0]	1	temf_till
63.45833333333333	40.29166666666666	2	[1.0, 5.0]	1	temf_till
63.45833333333333	41.79166666666666	2	[1.0, 5.0]	1	temf_till
63.45833333333333	41.87499999999997	2	[1.0, 5.0]	1	temf_till
63.45833333333333	41.958333333333314	2	[1.0, 5.0]	1	temf_till
63.45833333333333	42.708333333333314	2	[1.0, 5.0]	1	temf_till
63.45833333333333	46.54166666666666	2	[1.0, 5.0]	1	temf_till
63.45833333333333	48.79166666666666	2	[1.0, 5.0]	1	temf_till
63.45833333333333	53.62499999999997	2	[1.0, 5.0]	1	temf_till
63.45833333333333	53.708333333333314	2	[1.0, 5.0]	1	temf_till
63.45833333333333	53.79166666666666	2	[1.0, 5.0]	1	temf_till
63.45833333333333	53.87499999999997	2	[1.0, 5.0]	1	temf_till
63.45833333333333	53.958333333333314	2	[1.0, 5.0]	1	temf_till
63.45833333333333	56.79166666666666	2	[1.0, 5.0]	1	temf_till
63.45833333333333	57.12499999999997	2	[1.0, 5.0]	1	temf_till
63.375	7.874999999999972	2	[1.0, 5.0]	1	temf_till
63.375	7.958333333333314	2	[1.0, 5.0]	1	temf_till
63.375	8.041666666666657	2	[1.0, 5.0]	1	temf_till
63.375	8.541666666666657	2	[1.0, 5.0]	1	temf_till
63.375	9.041666666666657	2	[1.0, 5.0]	1	temf_till
63.375	9.291666666666657	2	[1.0, 5.0]	1	temf_till
63.375	10.041666666666657	2	[1.0, 5.0]	1	temf_till
63.375	10.124999999999972	2	[1.0, 5.0]	1	temf_till
63.375	10.208333333333314	2	[1.0, 5.0]	1	temf_till
63.375	10.291666666666657	2	[1.0, 5.0]	1	temf_till
63.375	10.374999999999972	2	[1.0, 5.0]	1	temf_till
63.375	10.458333333333314	2	[1.0, 5.0]	1	temf_till
63.375	10.541666666666657	2	[1.0, 5.0]	1	temf_till
63.375	10.624999999999972	2	[1.0, 5.0]	1	temf_till
63.375	10.708333333333314	2	[1.0, 5.0]	1	temf_till
63.375	10.791666666666657	2	[1.0, 5.0]	1	temf_till
63.375	22.37499999999997	2	[1.0, 5.0]	1	temf_till
63.375	22.458333333333314	2	[1.0, 5.0]	1	temf_till
63.375	22.541666666666657	2	[1.0, 5.0]	1	temf_till
63.375	22.62499999999997	2	[1.0, 5.0]	1	temf_till
63.375	22.708333333333314	2	[1.0, 5.0]	1	temf_till
63.375	22.791666666666657	2	[1.0, 5.0]	1	temf_till
63.375	22.87499999999997	2	[1.0, 5.0]	1	temf_till
63.375	23.041666666666657	3	[1.0, 4.0, 5.0]	4	temf_till,pota_till
63.375	23.208333333333314	3	[1.0, 4.0, 5.0]	4	temf_till,pota_till
63.375	23.291666666666657	3	[1.0, 4.0, 5.0]	4	temf_till,pota_till
63.375	23.37499999999997	3	[1.0, 4.0, 5.0]	4	temf_till,pota_till
63.375	23.458333333333314	3	[1.0, 4.0, 5.0]	4	temf_till,pota_till
63.375	23.541666666666657	3	[1.0, 4.0, 5.0]	4	temf_till,pota_till
63.375	23.62499999999997	3	[1.0, 4.0, 5.0]	4	temf_till,pota_till
63.375	23.791666666666657	3	[1.0, 4.0, 5.0]	4	temf_till,pota_till
63.375	23.87499999999997	3	[1.0, 4.0, 5.0]	4	temf_till,pota_till
63.375	23.958333333333314	3	[1.0, 4.0, 5.0]	4	temf_till,pota_till
63.375	24.958333333333314	2	[1.0, 5.0]	1	temf_till
63.375	25.041666666666657	2	[1.0, 5.0]	1	temf_till
63.375	25.62499999999997	2	[1.0, 5.0]	1	temf_till
63.375	26.208333333333314	2	[1.0, 5.0]	1	temf_till
63.375	26.291666666666657	2	[1.0, 5.0]	1	temf_till
63.375	26.541666666666657	2	[1.0, 5.0]	1	temf_till
63.375	26.62499999999997	2	[1.0, 5.0]	1	temf_till
63.375	26.708333333333314	2	[1.0, 5.0]	1	temf_till
63.375	27.208333333333314	2	[1.0, 5.0]	1	temf_till
63.375	27.291666666666657	2	[1.0, 5.0]	1	temf_till
63.375	27.37499999999997	2	[1.0, 5.0]	1	temf_till
63.375	27.458333333333314	2	[1.0, 5.0]	1	temf_till
63.375	27.708333333333314	2	[1.0, 5.0]	1	temf_till
63.375	27.791666666666657	2	[1.0, 5.0]	1	temf_till
63.375	27.87499999999997	2	[1.0, 5.0]	1	temf_till
63.375	27.958333333333314	2	[1.0, 5.0]	1	temf_till
63.375	28.12499999999997	2	[1.0, 5.0]	1	temf_till
63.375	28.291666666666657	2	[1.0, 5.0]	1	temf_till
63.375	29.12499999999997	2	[1.0, 5.0]	1	temf_till
63.375	29.791666666666657	2	[1.0, 5.0]	1	temf_till
63.375	29.87499999999997	2	[1.0, 5.0]	1	temf_till
63.375	37.54166666666666	2	[1.0, 5.0]	1	temf_till
63.375	38.79166666666666	2	[1.0, 5.0]	1	temf_till
63.375	39.54166666666666	2	[1.0, 5.0]	1	temf_till
63.375	39.708333333333314	2	[1.0, 5.0]	1	temf_till
63.375	40.54166666666666	2	[1.0, 5.0]	1	temf_till
63.375	41.87499999999997	2	[1.0, 5.0]	1	temf_till
63.375	41.958333333333314	2	[1.0, 5.0]	1	temf_till
63.375	42.04166666666666	2	[1.0, 5.0]	1	temf_till
63.375	47.04166666666666	2	[1.0, 5.0]	1	temf_till
63.375	47.12499999999997	2	[1.0, 5.0]	1	temf_till
63.375	53.958333333333314	2	[1.0, 5.0]	1	temf_till
63.375	55.12499999999997	2	[1.0, 5.0]	1	temf_till
63.291666666666664	8.541666666666657	2	[1.0, 5.0]	1	temf_till
63.291666666666664	9.041666666666657	2	[1.0, 5.0]	1	temf_till
63.291666666666664	9.124999999999972	2	[1.0, 5.0]	1	temf_till
63.291666666666664	9.708333333333314	2	[1.0, 5.0]	1	temf_till
63.291666666666664	9.791666666666657	2	[1.0, 5.0]	1	temf_till
63.291666666666664	9.874999999999972	2	[1.0, 5.0]	1	temf_till
63.291666666666664	10.208333333333314	2	[1.0, 5.0]	1	temf_till
63.291666666666664	10.374999999999972	2	[1.0, 5.0]	1	temf_till
63.291666666666664	10.791666666666657	2	[1.0, 5.0]	1	temf_till
63.291666666666664	10.874999999999972	2	[1.0, 5.0]	1	temf_till
63.291666666666664	10.958333333333314	2	[1.0, 5.0]	1	temf_till
63.291666666666664	11.041666666666657	2	[1.0, 5.0]	1	temf_till
63.291666666666664	11.124999999999972	2	[1.0, 5.0]	1	temf_till
63.291666666666664	22.37499999999997	2	[1.0, 5.0]	1	temf_till
63.291666666666664	22.458333333333314	2	[1.0, 5.0]	1	temf_till
63.291666666666664	22.62499999999997	2	[1.0, 5.0]	1	temf_till
63.291666666666664	22.708333333333314	2	[1.0, 5.0]	1	temf_till
63.291666666666664	22.791666666666657	2	[1.0, 5.0]	1	temf_till
63.291666666666664	22.87499999999997	2	[1.0, 5.0]	1	temf_till
63.291666666666664	22.958333333333314	3	[1.0, 4.0, 5.0]	4	temf_till,pota_till
63.291666666666664	23.041666666666657	3	[1.0, 4.0, 5.0]	4	temf_till,pota_till
63.291666666666664	23.12499999999997	3	[1.0, 4.0, 5.0]	4	temf_till,pota_till
63.291666666666664	23.208333333333314	3	[1.0, 4.0, 5.0]	4	temf_till,pota_till
63.291666666666664	23.291666666666657	3	[1.0, 4.0, 5.0]	4	temf_till,pota_till
63.291666666666664	23.37499999999997	3	[1.0, 4.0, 5.0]	4	temf_till,pota_till
63.291666666666664	23.791666666666657	3	[1.0, 4.0, 5.0]	4	temf_till,pota_till
63.291666666666664	23.87499999999997	3	[1.0, 4.0, 5.0]	4	temf_till,pota_till
63.291666666666664	24.12499999999997	2	[1.0, 5.0]	1	temf_till
63.291666666666664	26.208333333333314	2	[1.0, 5.0]	1	temf_till
63.291666666666664	26.541666666666657	2	[1.0, 5.0]	1	temf_till
63.291666666666664	26.791666666666657	2	[1.0, 5.0]	1	temf_till
63.291666666666664	27.12499999999997	2	[1.0, 5.0]	1	temf_till
63.291666666666664	27.208333333333314	2	[1.0, 5.0]	1	temf_till
63.291666666666664	27.37499999999997	2	[1.0, 5.0]	1	temf_till
63.291666666666664	27.458333333333314	2	[1.0, 5.0]	1	temf_till
63.291666666666664	27.541666666666657	2	[1.0, 5.0]	1	temf_till
63.291666666666664	27.62499999999997	2	[1.0, 5.0]	1	temf_till
63.291666666666664	27.708333333333314	2	[1.0, 5.0]	1	temf_till
63.291666666666664	27.87499999999997	2	[1.0, 5.0]	1	temf_till
63.291666666666664	27.958333333333314	2	[1.0, 5.0]	1	temf_till
63.291666666666664	28.12499999999997	2	[1.0, 5.0]	1	temf_till
63.291666666666664	28.208333333333314	2	[1.0, 5.0]	1	temf_till
63.291666666666664	28.291666666666657	2	[1.0, 5.0]	1	temf_till
63.291666666666664	28.37499999999997	2	[1.0, 5.0]	1	temf_till
63.291666666666664	28.458333333333314	2	[1.0, 5.0]	1	temf_till
63.291666666666664	29.208333333333314	2	[1.0, 5.0]	1	temf_till
63.291666666666664	30.041666666666657	2	[1.0, 5.0]	1	temf_till
63.291666666666664	33.458333333333314	2	[1.0, 5.0]	1	temf_till
63.291666666666664	39.12499999999997	2	[1.0, 5.0]	1	temf_till
63.291666666666664	40.458333333333314	2	[1.0, 5.0]	1	temf_till
63.291666666666664	40.54166666666666	2	[1.0, 5.0]	1	temf_till
63.291666666666664	40.62499999999997	2	[1.0, 5.0]	1	temf_till
63.291666666666664	40.708333333333314	2	[1.0, 5.0]	1	temf_till
63.291666666666664	41.458333333333314	2	[1.0, 5.0]	1	temf_till
63.291666666666664	41.958333333333314	2	[1.0, 5.0]	1	temf_till
63.291666666666664	42.04166666666666	2	[1.0, 5.0]	1	temf_till
63.291666666666664	42.12499999999997	2	[1.0, 5.0]	1	temf_till
63.291666666666664	42.708333333333314	2	[1.0, 5.0]	1	temf_till
63.291666666666664	43.04166666666666	2	[1.0, 5.0]	1	temf_till
63.20833333333333	8.041666666666657	2	[1.0, 5.0]	1	temf_till
63.20833333333333	8.374999999999972	2	[1.0, 5.0]	1	temf_till
63.20833333333333	8.874999999999972	2	[1.0, 5.0]	1	temf_till
63.20833333333333	9.041666666666657	2	[1.0, 5.0]	1	temf_till
63.20833333333333	9.624999999999972	2	[1.0, 5.0]	1	temf_till
63.20833333333333	9.708333333333314	2	[1.0, 5.0]	1	temf_till
63.20833333333333	9.791666666666657	2	[1.0, 5.0]	1	temf_till
63.20833333333333	9.874999999999972	2	[1.0, 5.0]	1	temf_till
63.20833333333333	10.041666666666657	2	[1.0, 5.0]	1	temf_till
63.20833333333333	10.124999999999972	2	[1.0, 5.0]	1	temf_till
63.20833333333333	10.208333333333314	2	[1.0, 5.0]	1	temf_till
63.20833333333333	10.374999999999972	2	[1.0, 5.0]	1	temf_till
63.20833333333333	10.958333333333314	2	[1.0, 5.0]	1	temf_till
63.20833333333333	11.041666666666657	2	[1.0, 5.0]	1	temf_till
63.20833333333333	11.124999999999972	2	[1.0, 5.0]	1	temf_till
63.20833333333333	11.208333333333314	2	[1.0, 5.0]	1	temf_till
63.20833333333333	21.791666666666657	2	[1.0, 5.0]	1	temf_till
63.20833333333333	21.87499999999997	2	[1.0, 5.0]	1	temf_till
63.20833333333333	22.208333333333314	2	[1.0, 5.0]	1	temf_till
63.20833333333333	22.291666666666657	2	[1.0, 5.0]	1	temf_till
63.20833333333333	22.458333333333314	2	[1.0, 5.0]	1	temf_till
63.20833333333333	22.541666666666657	2	[1.0, 5.0]	1	temf_till
63.20833333333333	22.62499999999997	2	[1.0, 5.0]	1	temf_till
63.20833333333333	22.708333333333314	2	[1.0, 5.0]	1	temf_till
63.20833333333333	22.791666666666657	2	[1.0, 5.0]	1	temf_till
63.20833333333333	22.87499999999997	2	[1.0, 5.0]	1	temf_till
63.20833333333333	23.12499999999997	3	[1.0, 4.0, 5.0]	4	temf_till,pota_till
63.20833333333333	23.208333333333314	3	[1.0, 4.0, 5.0]	4	temf_till,pota_till
63.20833333333333	23.291666666666657	3	[1.0, 4.0, 5.0]	4	temf_till,pota_till
63.20833333333333	23.541666666666657	3	[1.0, 4.0, 5.0]	4	temf_till,pota_till
63.20833333333333	23.62499999999997	3	[1.0, 4.0, 5.0]	4	temf_till,pota_till
63.20833333333333	23.791666666666657	3	[1.0, 4.0, 5.0]	4	temf_till,pota_till
63.20833333333333	23.958333333333314	3	[1.0, 4.0, 5.0]	4	temf_till,pota_till
63.20833333333333	24.12499999999997	2	[1.0, 5.0]	1	temf_till
63.20833333333333	24.37499999999997	2	[1.0, 5.0]	1	temf_till
63.20833333333333	24.458333333333314	2	[1.0, 5.0]	1	temf_till
63.20833333333333	25.87499999999997	2	[1.0, 5.0]	1	temf_till
63.20833333333333	26.208333333333314	2	[1.0, 5.0]	1	temf_till
63.20833333333333	26.291666666666657	2	[1.0, 5.0]	1	temf_till
63.20833333333333	26.87499999999997	2	[1.0, 5.0]	1	temf_till
63.20833333333333	27.12499999999997	2	[1.0, 5.0]	1	temf_till
63.20833333333333	27.208333333333314	2	[1.0, 5.0]	1	temf_till
63.20833333333333	27.291666666666657	2	[1.0, 5.0]	1	temf_till
63.20833333333333	27.37499999999997	2	[1.0, 5.0]	1	temf_till
63.20833333333333	27.458333333333314	2	[1.0, 5.0]	1	temf_till
63.20833333333333	27.541666666666657	2	[1.0, 5.0]	1	temf_till
63.20833333333333	27.62499999999997	2	[1.0, 5.0]	1	temf_till
63.20833333333333	27.708333333333314	2	[1.0, 5.0]	1	temf_till
63.20833333333333	27.791666666666657	2	[1.0, 5.0]	1	temf_till
63.20833333333333	27.87499999999997	3	[1.0, 4.0, 5.0]	4	temf_till,pota_till
63.20833333333333	27.958333333333314	2	[1.0, 5.0]	1	temf_till
63.20833333333333	28.041666666666657	2	[1.0, 5.0]	1	temf_till
63.20833333333333	28.208333333333314	2	[1.0, 5.0]	1	temf_till
63.20833333333333	28.37499999999997	2	[1.0, 5.0]	1	temf_till
63.20833333333333	28.458333333333314	2	[1.0, 5.0]	1	temf_till
63.20833333333333	29.291666666666657	2	[1.0, 5.0]	1	temf_till
63.20833333333333	30.041666666666657	2	[1.0, 5.0]	1	temf_till
63.20833333333333	37.208333333333314	2	[1.0, 5.0]	1	temf_till
63.20833333333333	39.12499999999997	2	[1.0, 5.0]	1	temf_till
63.20833333333333	41.958333333333314	2	[1.0, 5.0]	1	temf_till
63.20833333333333	42.04166666666666	2	[1.0, 5.0]	1	temf_till
63.20833333333333	43.29166666666666	2	[1.0, 5.0]	1	temf_till
63.20833333333333	43.37499999999997	2	[1.0, 5.0]	1	temf_till
63.20833333333333	52.54166666666666	2	[1.0, 5.0]	1	temf_till
63.20833333333333	52.62499999999997	2	[1.0, 5.0]	1	temf_till
63.20833333333333	54.04166666666666	2	[1.0, 5.0]	1	temf_till
63.20833333333333	55.62499999999997	2	[1.0, 5.0]	1	temf_till
63.125	8.208333333333314	2	[1.0, 5.0]	1	temf_till
63.125	8.291666666666657	2	[1.0, 5.0]	1	temf_till
63.125	8.374999999999972	2	[1.0, 5.0]	1	temf_till
63.125	9.458333333333314	2	[1.0, 5.0]	1	temf_till
63.125	9.624999999999972	2	[1.0, 5.0]	1	temf_till
63.125	9.708333333333314	2	[1.0, 5.0]	1	temf_till
63.125	9.791666666666657	2	[1.0, 5.0]	1	temf_till
63.125	9.874999999999972	2	[1.0, 5.0]	1	temf_till
63.125	9.958333333333314	2	[1.0, 5.0]	1	temf_till
63.125	10.041666666666657	2	[1.0, 5.0]	1	temf_till
63.125	10.124999999999972	2	[1.0, 5.0]	1	temf_till
63.125	10.208333333333314	2	[1.0, 5.0]	1	temf_till
63.125	10.291666666666657	2	[1.0, 5.0]	1	temf_till
63.125	11.291666666666657	2	[1.0, 5.0]	1	temf_till
63.125	11.374999999999972	2	[1.0, 5.0]	1	temf_till
63.125	21.708333333333314	2	[1.0, 5.0]	1	temf_till
63.125	21.87499999999997	2	[1.0, 5.0]	1	temf_till
63.125	21.958333333333314	2	[1.0, 5.0]	1	temf_till
63.125	22.041666666666657	2	[1.0, 5.0]	1	temf_till
63.125	22.12499999999997	2	[1.0, 5.0]	1	temf_till
63.125	22.208333333333314	2	[1.0, 5.0]	1	temf_till
63.125	22.291666666666657	2	[1.0, 5.0]	1	temf_till
63.125	22.37499999999997	2	[1.0, 5.0]	1	temf_till
63.125	22.458333333333314	2	[1.0, 5.0]	1	temf_till
63.125	22.541666666666657	2	[1.0, 5.0]	1	temf_till
63.125	22.62499999999997	2	[1.0, 5.0]	1	temf_till
63.125	22.708333333333314	2	[1.0, 5.0]	1	temf_till
63.125	22.791666666666657	2	[1.0, 5.0]	1	temf_till
63.125	22.87499999999997	2	[1.0, 5.0]	1	temf_till
63.125	22.958333333333314	2	[1.0, 5.0]	1	temf_till
63.125	23.041666666666657	2	[1.0, 5.0]	1	temf_till
63.125	23.12499999999997	3	[1.0, 4.0, 5.0]	4	temf_till,pota_till
63.125	23.208333333333314	3	[1.0, 4.0, 5.0]	4	temf_till,pota_till
63.125	23.291666666666657	3	[1.0, 4.0, 5.0]	4	temf_till,pota_till
63.125	23.37499999999997	2	[1.0, 5.0]	1	temf_till
63.125	23.541666666666657	3	[1.0, 4.0, 5.0]	4	temf_till,pota_till
63.125	23.791666666666657	3	[1.0, 4.0, 5.0]	4	temf_till,pota_till
63.125	23.87499999999997	2	[1.0, 5.0]	1	temf_till
63.125	23.958333333333314	2	[1.0, 5.0]	1	temf_till
63.125	24.541666666666657	2	[1.0, 5.0]	1	temf_till
63.125	25.791666666666657	2	[1.0, 5.0]	1	temf_till
63.125	26.708333333333314	2	[1.0, 5.0]	1	temf_till
63.125	26.87499999999997	2	[1.0, 5.0]	1	temf_till
63.125	27.12499999999997	2	[1.0, 5.0]	1	temf_till
63.125	27.208333333333314	2	[1.0, 5.0]	1	temf_till
63.125	27.291666666666657	2	[1.0, 5.0]	1	temf_till
63.125	27.37499999999997	2	[1.0, 5.0]	1	temf_till
63.125	27.458333333333314	2	[1.0, 5.0]	1	temf_till
63.125	27.541666666666657	2	[1.0, 5.0]	1	temf_till
63.125	27.62499999999997	2	[1.0, 5.0]	1	temf_till
63.125	27.708333333333314	2	[1.0, 5.0]	1	temf_till
63.125	27.791666666666657	3	[1.0, 4.0, 5.0]	4	temf_till,pota_till
63.125	27.87499999999997	3	[1.0, 4.0, 5.0]	4	temf_till,pota_till
63.125	27.958333333333314	3	[1.0, 4.0, 5.0]	4	temf_till,pota_till
63.125	28.041666666666657	3	[1.0, 4.0, 5.0]	4	temf_till,pota_till
63.125	28.12499999999997	3	[1.0, 4.0, 5.0]	4	temf_till,pota_till
63.125	28.208333333333314	3	[1.0, 4.0, 5.0]	4	temf_till,pota_till
63.125	28.458333333333314	2	[1.0, 5.0]	1	temf_till
63.125	30.041666666666657	2	[1.0, 5.0]	1	temf_till
63.125	33.208333333333314	2	[1.0, 5.0]	1	temf_till
63.125	36.458333333333314	2	[1.0, 5.0]	1	temf_till
63.125	38.79166666666666	2	[1.0, 5.0]	1	temf_till
63.125	38.87499999999997	2	[1.0, 5.0]	1	temf_till
63.125	39.29166666666666	2	[1.0, 5.0]	1	temf_till
63.125	39.54166666666666	2	[1.0, 5.0]	1	temf_till
63.125	41.958333333333314	2	[1.0, 5.0]	1	temf_till
63.125	42.04166666666666	2	[1.0, 5.0]	1	temf_till
63.125	42.12499999999997	2	[1.0, 5.0]	1	temf_till
63.125	43.37499999999997	2	[1.0, 5.0]	1	temf_till
63.125	47.708333333333314	2	[1.0, 5.0]	1	temf_till
63.125	47.79166666666666	2	[1.0, 5.0]	1	temf_till
63.125	50.12499999999997	2	[1.0, 5.0]	1	temf_till
63.125	52.958333333333314	2	[1.0, 5.0]	1	temf_till
63.125	54.458333333333314	2	[1.0, 5.0]	1	temf_till
63.041666666666664	7.791666666666657	2	[1.0, 5.0]	1	temf_till
63.041666666666664	7.874999999999972	2	[1.0, 5.0]	1	temf_till
63.041666666666664	8.041666666666657	2	[1.0, 5.0]	1	temf_till
63.041666666666664	8.124999999999972	2	[1.0, 5.0]	1	temf_till
63.041666666666664	9.624999999999972	2	[1.0, 5.0]	1	temf_till
63.041666666666664	9.708333333333314	2	[1.0, 5.0]	1	temf_till
63.041666666666664	9.791666666666657	2	[1.0, 5.0]	1	temf_till
63.041666666666664	10.208333333333314	2	[1.0, 5.0]	1	temf_till
63.041666666666664	10.291666666666657	2	[1.0, 5.0]	1	temf_till
63.041666666666664	10.374999999999972	2	[1.0, 5.0]	1	temf_till
63.041666666666664	11.624999999999972	2	[1.0, 5.0]	1	temf_till
63.041666666666664	11.708333333333314	2	[1.0, 5.0]	1	temf_till
63.041666666666664	21.541666666666657	2	[1.0, 5.0]	1	temf_till
63.041666666666664	21.62499999999997	2	[1.0, 5.0]	1	temf_till
63.041666666666664	21.708333333333314	2	[1.0, 5.0]	1	temf_till
63.041666666666664	21.791666666666657	2	[1.0, 5.0]	1	temf_till
63.041666666666664	21.87499999999997	2	[1.0, 5.0]	1	temf_till
63.041666666666664	21.958333333333314	2	[1.0, 5.0]	1	temf_till
63.041666666666664	22.041666666666657	2	[1.0, 5.0]	1	temf_till
63.041666666666664	22.12499999999997	2	[1.0, 5.0]	1	temf_till
63.041666666666664	22.208333333333314	2	[1.0, 5.0]	1	temf_till
63.041666666666664	22.291666666666657	2	[1.0, 5.0]	1	temf_till
63.041666666666664	22.37499999999997	2	[1.0, 5.0]	1	temf_till
63.041666666666664	22.458333333333314	2	[1.0, 5.0]	1	temf_till
63.041666666666664	22.541666666666657	2	[1.0, 5.0]	1	temf_till
63.041666666666664	22.62499999999997	2	[1.0, 5.0]	1	temf_till
63.041666666666664	22.708333333333314	2	[1.0, 5.0]	1	temf_till
63.041666666666664	22.791666666666657	2	[1.0, 5.0]	1	temf_till
63.041666666666664	22.87499999999997	2	[1.0, 5.0]	1	temf_till
63.041666666666664	22.958333333333314	2	[1.0, 5.0]	1	temf_till
63.041666666666664	23.041666666666657	2	[1.0, 5.0]	1	temf_till
63.041666666666664	23.208333333333314	2	[1.0, 5.0]	1	temf_till
63.041666666666664	23.291666666666657	3	[1.0, 4.0, 5.0]	4	temf_till,pota_till
63.041666666666664	23.37499999999997	2	[1.0, 5.0]	1	temf_till
63.041666666666664	23.458333333333314	2	[1.0, 5.0]	1	temf_till
63.041666666666664	23.62499999999997	2	[1.0, 5.0]	1	temf_till
63.041666666666664	23.708333333333314	2	[1.0, 5.0]	1	temf_till
63.041666666666664	23.791666666666657	2	[1.0, 5.0]	1	temf_till
63.041666666666664	23.87499999999997	2	[1.0, 5.0]	1	temf_till
63.041666666666664	23.958333333333314	2	[1.0, 5.0]	1	temf_till
63.041666666666664	24.541666666666657	2	[1.0, 5.0]	1	temf_till
63.041666666666664	24.62499999999997	2	[1.0, 5.0]	1	temf_till
63.041666666666664	25.37499999999997	2	[1.0, 5.0]	1	temf_till
63.041666666666664	26.12499999999997	2	[1.0, 5.0]	1	temf_till
63.041666666666664	26.458333333333314	2	[1.0, 5.0]	1	temf_till
63.041666666666664	27.291666666666657	2	[1.0, 5.0]	1	temf_till
63.041666666666664	27.37499999999997	2	[1.0, 5.0]	1	temf_till
63.041666666666664	27.458333333333314	2	[1.0, 5.0]	1	temf_till
63.041666666666664	27.541666666666657	2	[1.0, 5.0]	1	temf_till
63.041666666666664	27.62499999999997	2	[1.0, 5.0]	1	temf_till
63.041666666666664	27.708333333333314	3	[1.0, 4.0, 5.0]	4	temf_till,pota_till
63.041666666666664	27.958333333333314	3	[1.0, 4.0, 5.0]	4	temf_till,pota_till
63.041666666666664	28.041666666666657	2	[1.0, 5.0]	1	temf_till
63.041666666666664	28.12499999999997	2	[1.0, 5.0]	1	temf_till
63.041666666666664	28.208333333333314	3	[1.0, 4.0, 5.0]	4	temf_till,pota_till
63.041666666666664	28.291666666666657	3	[1.0, 4.0, 5.0]	4	temf_till,pota_till
63.041666666666664	28.37499999999997	2	[1.0, 5.0]	1	temf_till
63.041666666666664	29.458333333333314	2	[1.0, 5.0]	1	temf_till
63.041666666666664	29.541666666666657	2	[1.0, 5.0]	1	temf_till
63.041666666666664	41.37499999999997	2	[1.0, 5.0]	1	temf_till
63.041666666666664	42.04166666666666	2	[1.0, 5.0]	1	temf_till
63.041666666666664	42.12499999999997	2	[1.0, 5.0]	1	temf_till
63.041666666666664	42.208333333333314	2	[1.0, 5.0]	1	temf_till
63.041666666666664	42.29166666666666	2	[1.0, 5.0]	1	temf_till
63.041666666666664	42.37499999999997	2	[1.0, 5.0]	1	temf_till
63.041666666666664	42.458333333333314	2	[1.0, 5.0]	1	temf_till
63.041666666666664	42.54166666666666	2	[1.0, 5.0]	1	temf_till
63.041666666666664	47.458333333333314	2	[1.0, 5.0]	1	temf_till
63.041666666666664	50.04166666666666	2	[1.0, 5.0]	1	temf_till
63.041666666666664	50.12499999999997	2	[1.0, 5.0]	1	temf_till
63.041666666666664	57.208333333333314	2	[1.0, 5.0]	1	temf_till
62.95833333333333	7.291666666666657	2	[1.0, 5.0]	1	temf_till
62.95833333333333	7.624999999999972	2	[1.0, 5.0]	1	temf_till
62.95833333333333	7.708333333333314	2	[1.0, 5.0]	1	temf_till
62.95833333333333	7.874999999999972	2	[1.0, 5.0]	1	temf_till
62.95833333333333	8.041666666666657	2	[1.0, 5.0]	1	temf_till
62.95833333333333	8.208333333333314	2	[1.0, 5.0]	1	temf_till
62.95833333333333	9.708333333333314	2	[1.0, 5.0]	1	temf_till
62.95833333333333	9.791666666666657	2	[1.0, 5.0]	1	temf_till
62.95833333333333	11.124999999999972	2	[1.0, 5.0]	1	temf_till
62.95833333333333	11.208333333333314	2	[1.0, 5.0]	1	temf_till
62.95833333333333	21.541666666666657	2	[1.0, 5.0]	1	temf_till
62.95833333333333	21.62499999999997	2	[1.0, 5.0]	1	temf_till
62.95833333333333	21.708333333333314	2	[1.0, 5.0]	1	temf_till
62.95833333333333	21.791666666666657	2	[1.0, 5.0]	1	temf_till
62.95833333333333	21.87499999999997	2	[1.0, 5.0]	1	temf_till
62.95833333333333	21.958333333333314	2	[1.0, 5.0]	1	temf_till
62.95833333333333	22.041666666666657	2	[1.0, 5.0]	1	temf_till
62.95833333333333	22.12499999999997	2	[1.0, 5.0]	1	temf_till
62.95833333333333	22.208333333333314	2	[1.0, 5.0]	1	temf_till
62.95833333333333	22.291666666666657	2	[1.0, 5.0]	1	temf_till
62.95833333333333	22.37499999999997	2	[1.0, 5.0]	1	temf_till
62.95833333333333	22.458333333333314	2	[1.0, 5.0]	1	temf_till
62.95833333333333	22.541666666666657	2	[1.0, 5.0]	1	temf_till
62.95833333333333	22.62499999999997	2	[1.0, 5.0]	1	temf_till
62.95833333333333	22.708333333333314	2	[1.0, 5.0]	1	temf_till
62.95833333333333	22.791666666666657	2	[1.0, 5.0]	1	temf_till
62.95833333333333	22.87499999999997	2	[1.0, 5.0]	1	temf_till
62.95833333333333	22.958333333333314	2	[1.0, 5.0]	1	temf_till
62.95833333333333	23.041666666666657	2	[1.0, 5.0]	1	temf_till
62.95833333333333	23.12499999999997	2	[1.0, 5.0]	1	temf_till
62.95833333333333	23.208333333333314	2	[1.0, 5.0]	1	temf_till
62.95833333333333	23.291666666666657	2	[1.0, 5.0]	1	temf_till
62.95833333333333	23.37499999999997	2	[1.0, 5.0]	1	temf_till
62.95833333333333	23.708333333333314	2	[1.0, 5.0]	1	temf_till
62.95833333333333	23.791666666666657	2	[1.0, 5.0]	1	temf_till
62.95833333333333	23.958333333333314	2	[1.0, 5.0]	1	temf_till
62.95833333333333	24.041666666666657	2	[1.0, 5.0]	1	temf_till
62.95833333333333	24.12499999999997	2	[1.0, 5.0]	1	temf_till
62.95833333333333	24.708333333333314	2	[1.0, 5.0]	1	temf_till
62.95833333333333	25.87499999999997	2	[1.0, 5.0]	1	temf_till
62.95833333333333	26.12499999999997	2	[1.0, 5.0]	1	temf_till
62.95833333333333	26.208333333333314	2	[1.0, 5.0]	1	temf_till
62.95833333333333	26.458333333333314	2	[1.0, 5.0]	1	temf_till
62.95833333333333	26.541666666666657	2	[1.0, 5.0]	1	temf_till
62.95833333333333	26.62499999999997	2	[1.0, 5.0]	1	temf_till
62.95833333333333	26.708333333333314	2	[1.0, 5.0]	1	temf_till
62.95833333333333	27.708333333333314	2	[1.0, 5.0]	1	temf_till
62.95833333333333	27.791666666666657	3	[1.0, 4.0, 5.0]	4	temf_till,pota_till
62.95833333333333	27.87499999999997	2	[1.0, 5.0]	1	temf_till
62.95833333333333	28.041666666666657	3	[1.0, 4.0, 5.0]	4	temf_till,pota_till
62.95833333333333	28.12499999999997	2	[1.0, 5.0]	1	temf_till
62.95833333333333	28.208333333333314	3	[1.0, 4.0, 5.0]	4	temf_till,pota_till
62.95833333333333	28.291666666666657	3	[1.0, 4.0, 5.0]	4	temf_till,pota_till
62.95833333333333	29.37499999999997	2	[1.0, 5.0]	1	temf_till
62.95833333333333	29.541666666666657	2	[1.0, 5.0]	1	temf_till
62.95833333333333	29.62499999999997	2	[1.0, 5.0]	1	temf_till
62.95833333333333	33.87499999999997	2	[1.0, 5.0]	1	temf_till
62.95833333333333	39.29166666666666	2	[1.0, 5.0]	1	temf_till
62.95833333333333	39.37499999999997	2	[1.0, 5.0]	1	temf_till
62.95833333333333	39.54166666666666	2	[1.0, 5.0]	1	temf_till
62.95833333333333	40.04166666666666	2	[1.0, 5.0]	1	temf_till
62.95833333333333	40.12499999999997	2	[1.0, 5.0]	1	temf_till
62.95833333333333	42.458333333333314	2	[1.0, 5.0]	1	temf_till
62.95833333333333	42.54166666666666	2	[1.0, 5.0]	1	temf_till
62.95833333333333	42.62499999999997	2	[1.0, 5.0]	1	temf_till
62.95833333333333	42.708333333333314	2	[1.0, 5.0]	1	temf_till
62.95833333333333	44.12499999999997	2	[1.0, 5.0]	1	temf_till
62.95833333333333	52.04166666666666	2	[1.0, 5.0]	1	temf_till
62.95833333333333	129.54166666666666	2	[1.0, 5.0]	1	temf_till
62.875	6.958333333333314	2	[1.0, 5.0]	1	temf_till
62.875	7.124999999999972	2	[1.0, 5.0]	1	temf_till
62.875	7.208333333333314	2	[1.0, 5.0]	1	temf_till
62.875	7.374999999999972	2	[1.0, 5.0]	1	temf_till
62.875	7.874999999999972	2	[1.0, 5.0]	1	temf_till
62.875	8.208333333333314	2	[1.0, 5.0]	1	temf_till
62.875	8.291666666666657	2	[1.0, 5.0]	1	temf_till
62.875	8.458333333333314	2	[1.0, 5.0]	1	temf_till
62.875	8.624999999999972	2	[1.0, 5.0]	1	temf_till
62.875	9.874999999999972	2	[1.0, 5.0]	1	temf_till
62.875	9.958333333333314	2	[1.0, 5.0]	1	temf_till
62.875	10.041666666666657	2	[1.0, 5.0]	1	temf_till
62.875	11.208333333333314	2	[1.0, 5.0]	1	temf_till
62.875	11.291666666666657	2	[1.0, 5.0]	1	temf_till
62.875	11.374999999999972	2	[1.0, 5.0]	1	temf_till
62.875	21.37499999999997	3	[1.0, 4.0, 5.0]	4	temf_till,pota_till
62.875	21.62499999999997	2	[1.0, 5.0]	1	temf_till
62.875	21.708333333333314	2	[1.0, 5.0]	1	temf_till
62.875	21.791666666666657	2	[1.0, 5.0]	1	temf_till
62.875	21.958333333333314	2	[1.0, 5.0]	1	temf_till
62.875	22.041666666666657	2	[1.0, 5.0]	1	temf_till
62.875	22.12499999999997	2	[1.0, 5.0]	1	temf_till
62.875	22.37499999999997	2	[1.0, 5.0]	1	temf_till
62.875	22.541666666666657	2	[1.0, 5.0]	1	temf_till
62.875	22.62499999999997	2	[1.0, 5.0]	1	temf_till
62.875	22.708333333333314	2	[1.0, 5.0]	1	temf_till
62.875	22.791666666666657	2	[1.0, 5.0]	1	temf_till
62.875	22.87499999999997	2	[1.0, 5.0]	1	temf_till
62.875	22.958333333333314	2	[1.0, 5.0]	1	temf_till
62.875	23.208333333333314	2	[1.0, 5.0]	1	temf_till
62.875	23.291666666666657	2	[1.0, 5.0]	1	temf_till
62.875	23.37499999999997	2	[1.0, 5.0]	1	temf_till
62.875	23.458333333333314	2	[1.0, 5.0]	1	temf_till
62.875	23.541666666666657	2	[1.0, 5.0]	1	temf_till
62.875	23.87499999999997	2	[1.0, 5.0]	1	temf_till
62.875	23.958333333333314	2	[1.0, 5.0]	1	temf_till
62.875	24.12499999999997	2	[1.0, 5.0]	1	temf_till
62.875	24.208333333333314	2	[1.0, 5.0]	1	temf_till
62.875	24.708333333333314	2	[1.0, 5.0]	1	temf_till
62.875	24.87499999999997	2	[1.0, 5.0]	1	temf_till
62.875	24.958333333333314	2	[1.0, 5.0]	1	temf_till
62.875	25.041666666666657	2	[1.0, 5.0]	1	temf_till
62.875	26.291666666666657	2	[1.0, 5.0]	1	temf_till
62.875	26.37499999999997	2	[1.0, 5.0]	1	temf_till
62.875	26.541666666666657	2	[1.0, 5.0]	1	temf_till
62.875	26.708333333333314	2	[1.0, 5.0]	1	temf_till
62.875	28.041666666666657	3	[1.0, 4.0, 5.0]	4	temf_till,pota_till
62.875	28.12499999999997	3	[1.0, 4.0, 5.0]	4	temf_till,pota_till
62.875	28.208333333333314	3	[1.0, 4.0, 5.0]	4	temf_till,pota_till
62.875	28.291666666666657	2	[1.0, 5.0]	1	temf_till
62.875	28.37499999999997	2	[1.0, 5.0]	1	temf_till
62.875	28.541666666666657	2	[1.0, 5.0]	1	temf_till
62.875	29.208333333333314	2	[1.0, 5.0]	1	temf_till
62.875	29.37499999999997	2	[1.0, 5.0]	1	temf_till
62.875	29.458333333333314	2	[1.0, 5.0]	1	temf_till
62.875	29.541666666666657	2	[1.0, 5.0]	1	temf_till
62.875	34.708333333333314	2	[1.0, 5.0]	1	temf_till
62.875	39.62499999999997	2	[1.0, 5.0]	1	temf_till
62.875	39.708333333333314	2	[1.0, 5.0]	1	temf_till
62.875	39.79166666666666	2	[1.0, 5.0]	1	temf_till
62.875	40.29166666666666	2	[1.0, 5.0]	1	temf_till
62.875	42.54166666666666	2	[1.0, 5.0]	1	temf_till
62.875	42.62499999999997	2	[1.0, 5.0]	1	temf_till
62.875	42.708333333333314	2	[1.0, 5.0]	1	temf_till
62.875	42.79166666666666	2	[1.0, 5.0]	1	temf_till
62.875	43.04166666666666	2	[1.0, 5.0]	1	temf_till
62.875	51.958333333333314	2	[1.0, 5.0]	1	temf_till
62.875	53.208333333333314	2	[1.0, 5.0]	1	temf_till
62.875	53.29166666666666	2	[1.0, 5.0]	1	temf_till
62.875	53.37499999999997	2	[1.0, 5.0]	1	temf_till
62.875	56.79166666666666	2	[1.0, 5.0]	1	temf_till
62.791666666666664	7.041666666666657	2	[1.0, 5.0]	1	temf_till
62.791666666666664	7.541666666666657	2	[1.0, 5.0]	1	temf_till
62.791666666666664	7.791666666666657	2	[1.0, 5.0]	1	temf_till
62.791666666666664	7.874999999999972	2	[1.0, 5.0]	1	temf_till
62.791666666666664	8.124999999999972	2	[1.0, 5.0]	1	temf_till
62.791666666666664	9.624999999999972	2	[1.0, 5.0]	1	temf_till
62.791666666666664	10.041666666666657	2	[1.0, 5.0]	1	temf_till
62.791666666666664	21.291666666666657	2	[1.0, 5.0]	1	temf_till
62.791666666666664	21.458333333333314	2	[1.0, 5.0]	1	temf_till
62.791666666666664	21.708333333333314	2	[1.0, 5.0]	1	temf_till
62.791666666666664	21.87499999999997	2	[1.0, 5.0]	1	temf_till
62.791666666666664	22.37499999999997	2	[1.0, 5.0]	1	temf_till
62.791666666666664	22.541666666666657	2	[1.0, 5.0]	1	temf_till
62.791666666666664	22.62499999999997	2	[1.0, 5.0]	1	temf_till
62.791666666666664	22.708333333333314	2	[1.0, 5.0]	1	temf_till
62.791666666666664	22.791666666666657	2	[1.0, 5.0]	1	temf_till
62.791666666666664	22.87499999999997	2	[1.0, 5.0]	1	temf_till
62.791666666666664	22.958333333333314	2	[1.0, 5.0]	1	temf_till
62.791666666666664	23.041666666666657	2	[1.0, 5.0]	1	temf_till
62.791666666666664	23.458333333333314	2	[1.0, 5.0]	1	temf_till
62.791666666666664	23.541666666666657	2	[1.0, 5.0]	1	temf_till
62.791666666666664	23.62499999999997	2	[1.0, 5.0]	1	temf_till
62.791666666666664	23.958333333333314	2	[1.0, 5.0]	1	temf_till
62.791666666666664	24.041666666666657	2	[1.0, 5.0]	1	temf_till
62.791666666666664	24.12499999999997	2	[1.0, 5.0]	1	temf_till
62.791666666666664	24.791666666666657	2	[1.0, 5.0]	1	temf_till
62.791666666666664	24.958333333333314	2	[1.0, 5.0]	1	temf_till
62.791666666666664	25.041666666666657	2	[1.0, 5.0]	1	temf_till
62.791666666666664	25.791666666666657	2	[1.0, 5.0]	1	temf_till
62.791666666666664	26.12499999999997	2	[1.0, 5.0]	1	temf_till
62.791666666666664	26.708333333333314	2	[1.0, 5.0]	1	temf_till
62.791666666666664	26.87499999999997	2	[1.0, 5.0]	1	temf_till
62.791666666666664	27.041666666666657	2	[1.0, 5.0]	1	temf_till
62.791666666666664	27.62499999999997	2	[1.0, 5.0]	1	temf_till
62.791666666666664	28.041666666666657	3	[1.0, 4.0, 5.0]	4	temf_till,pota_till
62.791666666666664	28.62499999999997	2	[1.0, 5.0]	1	temf_till
62.791666666666664	29.12499999999997	2	[1.0, 5.0]	1	temf_till
62.791666666666664	29.208333333333314	2	[1.0, 5.0]	1	temf_till
62.791666666666664	29.291666666666657	2	[1.0, 5.0]	1	temf_till
62.791666666666664	29.37499999999997	2	[1.0, 5.0]	1	temf_till
62.791666666666664	29.458333333333314	2	[1.0, 5.0]	1	temf_till
62.791666666666664	35.04166666666666	2	[1.0, 5.0]	1	temf_till
62.791666666666664	38.54166666666666	2	[1.0, 5.0]	1	temf_till
62.791666666666664	39.12499999999997	2	[1.0, 5.0]	1	temf_till
62.791666666666664	39.79166666666666	2	[1.0, 5.0]	1	temf_till
62.791666666666664	39.87499999999997	2	[1.0, 5.0]	1	temf_till
62.791666666666664	40.29166666666666	2	[1.0, 5.0]	1	temf_till
62.791666666666664	41.12499999999997	2	[1.0, 5.0]	1	temf_till
62.791666666666664	41.208333333333314	2	[1.0, 5.0]	1	temf_till
62.791666666666664	42.708333333333314	2	[1.0, 5.0]	1	temf_till
62.791666666666664	42.79166666666666	2	[1.0, 5.0]	1	temf_till
62.791666666666664	43.04166666666666	2	[1.0, 5.0]	1	temf_till
62.791666666666664	43.12499999999997	2	[1.0, 5.0]	1	temf_till
62.791666666666664	43.208333333333314	2	[1.0, 5.0]	1	temf_till
62.791666666666664	43.29166666666666	2	[1.0, 5.0]	1	temf_till
62.791666666666664	50.62499999999997	2	[1.0, 5.0]	1	temf_till
62.791666666666664	50.708333333333314	2	[1.0, 5.0]	1	temf_till
62.791666666666664	52.958333333333314	2	[1.0, 5.0]	1	temf_till
62.791666666666664	53.04166666666666	2	[1.0, 5.0]	1	temf_till
62.791666666666664	53.208333333333314	2	[1.0, 5.0]	1	temf_till
62.791666666666664	53.29166666666666	2	[1.0, 5.0]	1	temf_till
62.791666666666664	57.458333333333314	2	[1.0, 5.0]	1	temf_till
62.70833333333333	7.124999999999972	2	[1.0, 5.0]	1	temf_till
62.70833333333333	7.541666666666657	2	[1.0, 5.0]	1	temf_till
62.70833333333333	9.374999999999972	2	[1.0, 5.0]	1	temf_till
62.70833333333333	9.458333333333314	2	[1.0, 5.0]	1	temf_till
62.70833333333333	9.541666666666657	2	[1.0, 5.0]	1	temf_till
62.70833333333333	9.874999999999972	2	[1.0, 5.0]	1	temf_till
62.70833333333333	11.458333333333314	2	[1.0, 5.0]	1	temf_till
62.70833333333333	21.208333333333314	2	[1.0, 5.0]	1	temf_till
62.70833333333333	21.291666666666657	2	[1.0, 5.0]	1	temf_till
62.70833333333333	21.62499999999997	2	[1.0, 5.0]	1	temf_till
62.70833333333333	21.708333333333314	2	[1.0, 5.0]	1	temf_till
62.70833333333333	21.87499999999997	2	[1.0, 5.0]	1	temf_till
62.70833333333333	21.958333333333314	2	[1.0, 5.0]	1	temf_till
62.70833333333333	22.291666666666657	2	[1.0, 5.0]	1	temf_till
62.70833333333333	22.37499999999997	2	[1.0, 5.0]	1	temf_till
62.70833333333333	22.458333333333314	2	[1.0, 5.0]	1	temf_till
62.70833333333333	22.541666666666657	2	[1.0, 5.0]	1	temf_till
62.70833333333333	22.62499999999997	2	[1.0, 5.0]	1	temf_till
62.70833333333333	22.708333333333314	2	[1.0, 5.0]	1	temf_till
62.70833333333333	22.791666666666657	2	[1.0, 5.0]	1	temf_till
62.70833333333333	23.12499999999997	2	[1.0, 5.0]	1	temf_till
62.70833333333333	23.458333333333314	2	[1.0, 5.0]	1	temf_till
62.70833333333333	23.541666666666657	2	[1.0, 5.0]	1	temf_till
62.70833333333333	23.791666666666657	2	[1.0, 5.0]	1	temf_till
62.70833333333333	23.87499999999997	2	[1.0, 5.0]	1	temf_till
62.70833333333333	23.958333333333314	2	[1.0, 5.0]	1	temf_till
62.70833333333333	24.041666666666657	2	[1.0, 5.0]	1	temf_till
62.70833333333333	24.12499999999997	2	[1.0, 5.0]	1	temf_till
62.70833333333333	25.041666666666657	2	[1.0, 5.0]	1	temf_till
62.70833333333333	25.12499999999997	2	[1.0, 5.0]	1	temf_till
62.70833333333333	25.208333333333314	2	[1.0, 5.0]	1	temf_till
62.70833333333333	25.291666666666657	2	[1.0, 5.0]	1	temf_till
62.70833333333333	25.37499999999997	2	[1.0, 5.0]	1	temf_till
62.70833333333333	25.791666666666657	2	[1.0, 5.0]	1	temf_till
62.70833333333333	26.458333333333314	2	[1.0, 5.0]	1	temf_till
62.70833333333333	26.62499999999997	2	[1.0, 5.0]	1	temf_till
62.70833333333333	26.708333333333314	2	[1.0, 5.0]	1	temf_till
62.70833333333333	26.791666666666657	2	[1.0, 5.0]	1	temf_till
62.70833333333333	27.62499999999997	2	[1.0, 5.0]	1	temf_till
62.70833333333333	27.87499999999997	2	[1.0, 5.0]	1	temf_till
62.70833333333333	28.041666666666657	2	[1.0, 5.0]	1	temf_till
62.70833333333333	29.041666666666657	2	[1.0, 5.0]	1	temf_till
62.70833333333333	29.12499999999997	2	[1.0, 5.0]	1	temf_till
62.70833333333333	29.208333333333314	2	[1.0, 5.0]	1	temf_till
62.70833333333333	29.458333333333314	2	[1.0, 5.0]	1	temf_till
62.70833333333333	38.458333333333314	2	[1.0, 5.0]	1	temf_till
62.70833333333333	39.37499999999997	2	[1.0, 5.0]	1	temf_till
62.70833333333333	39.79166666666666	2	[1.0, 5.0]	1	temf_till
62.70833333333333	39.87499999999997	2	[1.0, 5.0]	1	temf_till
62.70833333333333	39.958333333333314	2	[1.0, 5.0]	1	temf_till
62.70833333333333	43.208333333333314	2	[1.0, 5.0]	1	temf_till
62.70833333333333	43.29166666666666	2	[1.0, 5.0]	1	temf_till
62.70833333333333	44.29166666666666	2	[1.0, 5.0]	1	temf_till
62.70833333333333	46.29166666666666	2	[1.0, 5.0]	1	temf_till
62.70833333333333	46.37499999999997	2	[1.0, 5.0]	1	temf_till
62.625	6.208333333333314	2	[1.0, 5.0]	1	temf_till
62.625	6.541666666666657	2	[1.0, 5.0]	1	temf_till
62.625	6.874999999999972	2	[1.0, 5.0]	1	temf_till
62.625	7.458333333333314	2	[1.0, 5.0]	1	temf_till
62.625	9.291666666666657	2	[1.0, 5.0]	1	temf_till
62.625	9.374999999999972	2	[1.0, 5.0]	1	temf_till
62.625	9.458333333333314	2	[1.0, 5.0]	1	temf_till
62.625	9.541666666666657	2	[1.0, 5.0]	1	temf_till
62.625	9.624999999999972	2	[1.0, 5.0]	1	temf_till
62.625	9.708333333333314	2	[1.0, 5.0]	1	temf_till
62.625	9.791666666666657	2	[1.0, 5.0]	1	temf_till
62.625	9.874999999999972	2	[1.0, 5.0]	1	temf_till
62.625	11.874999999999972	2	[1.0, 5.0]	1	temf_till
62.625	21.208333333333314	2	[1.0, 5.0]	1	temf_till
62.625	21.458333333333314	2	[1.0, 5.0]	1	temf_till
62.625	21.541666666666657	2	[1.0, 5.0]	1	temf_till
62.625	21.62499999999997	2	[1.0, 5.0]	1	temf_till
62.625	21.87499999999997	2	[1.0, 5.0]	1	temf_till
62.625	22.208333333333314	2	[1.0, 5.0]	1	temf_till
62.625	22.291666666666657	2	[1.0, 5.0]	1	temf_till
62.625	22.37499999999997	2	[1.0, 5.0]	1	temf_till
62.625	22.458333333333314	2	[1.0, 5.0]	1	temf_till
62.625	22.541666666666657	2	[1.0, 5.0]	1	temf_till
62.625	22.62499999999997	2	[1.0, 5.0]	1	temf_till
62.625	22.708333333333314	2	[1.0, 5.0]	1	temf_till
62.625	22.791666666666657	2	[1.0, 5.0]	1	temf_till
62.625	22.87499999999997	2	[1.0, 5.0]	1	temf_till
62.625	22.958333333333314	2	[1.0, 5.0]	1	temf_till
62.625	23.041666666666657	2	[1.0, 5.0]	1	temf_till
62.625	23.12499999999997	2	[1.0, 5.0]	1	temf_till
62.625	23.208333333333314	2	[1.0, 5.0]	1	temf_till
62.625	23.291666666666657	2	[1.0, 5.0]	1	temf_till
62.625	23.458333333333314	2	[1.0, 5.0]	1	temf_till
62.625	23.541666666666657	2	[1.0, 5.0]	1	temf_till
62.625	23.62499999999997	2	[1.0, 5.0]	1	temf_till
62.625	23.708333333333314	2	[1.0, 5.0]	1	temf_till
62.625	23.791666666666657	2	[1.0, 5.0]	1	temf_till
62.625	23.87499999999997	2	[1.0, 5.0]	1	temf_till
62.625	25.041666666666657	2	[1.0, 5.0]	1	temf_till
62.625	25.291666666666657	2	[1.0, 5.0]	1	temf_till
62.625	25.541666666666657	2	[1.0, 5.0]	1	temf_till
62.625	25.62499999999997	2	[1.0, 5.0]	1	temf_till
62.625	26.208333333333314	2	[1.0, 5.0]	1	temf_till
62.625	26.791666666666657	2	[1.0, 5.0]	1	temf_till
62.625	26.87499999999997	2	[1.0, 5.0]	1	temf_till
62.625	27.12499999999997	2	[1.0, 5.0]	1	temf_till
62.625	27.791666666666657	2	[1.0, 5.0]	1	temf_till
62.625	29.12499999999997	2	[1.0, 5.0]	1	temf_till
62.625	29.208333333333314	2	[1.0, 5.0]	1	temf_till
62.625	29.291666666666657	2	[1.0, 5.0]	1	temf_till
62.625	29.458333333333314	2	[1.0, 5.0]	1	temf_till
62.625	29.541666666666657	2	[1.0, 5.0]	1	temf_till
62.625	29.87499999999997	2	[1.0, 5.0]	1	temf_till
62.625	29.958333333333314	2	[1.0, 5.0]	1	temf_till
62.625	33.708333333333314	2	[1.0, 5.0]	1	temf_till
62.625	33.958333333333314	2	[1.0, 5.0]	1	temf_till
62.625	34.29166666666666	2	[1.0, 5.0]	1	temf_till
62.625	34.79166666666666	2	[1.0, 5.0]	1	temf_till
62.625	35.04166666666666	2	[1.0, 5.0]	1	temf_till
62.625	36.458333333333314	2	[1.0, 5.0]	1	temf_till
62.625	39.79166666666666	2	[1.0, 5.0]	1	temf_till
62.625	39.87499999999997	2	[1.0, 5.0]	1	temf_till
62.625	40.12499999999997	2	[1.0, 5.0]	1	temf_till
62.625	40.37499999999997	2	[1.0, 5.0]	1	temf_till
62.625	40.458333333333314	2	[1.0, 5.0]	1	temf_till
62.625	42.958333333333314	2	[1.0, 5.0]	1	temf_till
62.625	43.04166666666666	2	[1.0, 5.0]	1	temf_till
62.625	43.12499999999997	2	[1.0, 5.0]	1	temf_till
62.625	43.62499999999997	2	[1.0, 5.0]	1	temf_till
62.625	45.29166666666666	2	[1.0, 5.0]	1	temf_till
62.625	50.87499999999997	2	[1.0, 5.0]	1	temf_till
62.625	50.958333333333314	2	[1.0, 5.0]	1	temf_till
62.625	52.79166666666666	2	[1.0, 5.0]	1	temf_till
62.625	56.04166666666666	2	[1.0, 5.0]	1	temf_till
62.541666666666664	6.124999999999972	2	[1.0, 5.0]	1	temf_till
62.541666666666664	6.624999999999972	2	[1.0, 5.0]	1	temf_till
62.541666666666664	6.708333333333314	2	[1.0, 5.0]	1	temf_till
62.541666666666664	7.458333333333314	2	[1.0, 5.0]	1	temf_till
62.541666666666664	7.541666666666657	2	[1.0, 5.0]	1	temf_till
62.541666666666664	9.291666666666657	2	[1.0, 5.0]	1	temf_till
62.541666666666664	9.374999999999972	2	[1.0, 5.0]	1	temf_till
62.541666666666664	9.458333333333314	2	[1.0, 5.0]	1	temf_till
62.541666666666664	9.624999999999972	2	[1.0, 5.0]	1	temf_till
62.541666666666664	11.374999999999972	2	[1.0, 5.0]	1	temf_till
62.541666666666664	11.458333333333314	2	[1.0, 5.0]	1	temf_till
62.541666666666664	21.208333333333314	2	[1.0, 5.0]	1	temf_till
62.541666666666664	21.291666666666657	2	[1.0, 5.0]	1	temf_till
62.541666666666664	21.37499999999997	2	[1.0, 5.0]	1	temf_till
62.541666666666664	21.458333333333314	2	[1.0, 5.0]	1	temf_till
62.541666666666664	21.791666666666657	2	[1.0, 5.0]	1	temf_till
62.541666666666664	21.87499999999997	2	[1.0, 5.0]	1	temf_till
62.541666666666664	21.958333333333314	2	[1.0, 5.0]	1	temf_till
62.541666666666664	22.041666666666657	2	[1.0, 5.0]	1	temf_till
62.541666666666664	22.208333333333314	2	[1.0, 5.0]	1	temf_till
62.541666666666664	22.291666666666657	2	[1.0, 5.0]	1	temf_till
62.541666666666664	22.37499999999997	2	[1.0, 5.0]	1	temf_till
62.541666666666664	22.541666666666657	2	[1.0, 5.0]	1	temf_till
62.541666666666664	22.62499999999997	2	[1.0, 5.0]	1	temf_till
62.541666666666664	22.708333333333314	2	[1.0, 5.0]	1	temf_till
62.541666666666664	22.791666666666657	2	[1.0, 5.0]	1	temf_till
62.541666666666664	22.87499999999997	2	[1.0, 5.0]	1	temf_till
62.541666666666664	23.041666666666657	2	[1.0, 5.0]	1	temf_till
62.541666666666664	23.12499999999997	2	[1.0, 5.0]	1	temf_till
62.541666666666664	23.208333333333314	2	[1.0, 5.0]	1	temf_till
62.541666666666664	23.291666666666657	2	[1.0, 5.0]	1	temf_till
62.541666666666664	23.37499999999997	2	[1.0, 5.0]	1	temf_till
62.541666666666664	23.458333333333314	2	[1.0, 5.0]	1	temf_till
62.541666666666664	23.62499999999997	2	[1.0, 5.0]	1	temf_till
62.541666666666664	23.708333333333314	2	[1.0, 5.0]	1	temf_till
62.541666666666664	23.87499999999997	2	[1.0, 5.0]	1	temf_till
62.541666666666664	23.958333333333314	2	[1.0, 5.0]	1	temf_till
62.541666666666664	24.041666666666657	2	[1.0, 5.0]	1	temf_till
62.541666666666664	25.291666666666657	2	[1.0, 5.0]	1	temf_till
62.541666666666664	25.37499999999997	2	[1.0, 5.0]	1	temf_till
62.541666666666664	25.62499999999997	2	[1.0, 5.0]	1	temf_till
62.541666666666664	25.708333333333314	2	[1.0, 5.0]	1	temf_till
62.541666666666664	25.791666666666657	2	[1.0, 5.0]	1	temf_till
62.541666666666664	25.87499999999997	2	[1.0, 5.0]	1	temf_till
62.541666666666664	26.041666666666657	2	[1.0, 5.0]	1	temf_till
62.541666666666664	26.291666666666657	2	[1.0, 5.0]	1	temf_till
62.541666666666664	27.12499999999997	2	[1.0, 5.0]	1	temf_till
62.541666666666664	27.208333333333314	2	[1.0, 5.0]	1	temf_till
62.541666666666664	28.12499999999997	2	[1.0, 5.0]	1	temf_till
62.541666666666664	29.208333333333314	2	[1.0, 5.0]	1	temf_till
62.541666666666664	29.37499999999997	2	[1.0, 5.0]	1	temf_till
62.541666666666664	29.458333333333314	2	[1.0, 5.0]	1	temf_till
62.541666666666664	29.541666666666657	2	[1.0, 5.0]	1	temf_till
62.541666666666664	29.87499999999997	2	[1.0, 5.0]	1	temf_till
62.541666666666664	29.958333333333314	2	[1.0, 5.0]	1	temf_till
62.541666666666664	30.041666666666657	2	[1.0, 5.0]	1	temf_till
62.541666666666664	33.958333333333314	2	[1.0, 5.0]	1	temf_till
62.541666666666664	34.04166666666666	2	[1.0, 5.0]	1	temf_till
62.541666666666664	35.04166666666666	2	[1.0, 5.0]	1	temf_till
62.541666666666664	35.12499999999997	2	[1.0, 5.0]	1	temf_till
62.541666666666664	35.208333333333314	2	[1.0, 5.0]	1	temf_till
62.541666666666664	35.29166666666666	2	[1.0, 5.0]	1	temf_till
62.541666666666664	39.708333333333314	2	[1.0, 5.0]	1	temf_till
62.541666666666664	39.79166666666666	2	[1.0, 5.0]	1	temf_till
62.541666666666664	42.958333333333314	2	[1.0, 5.0]	1	temf_till
62.541666666666664	43.04166666666666	2	[1.0, 5.0]	1	temf_till
62.541666666666664	43.12499999999997	2	[1.0, 5.0]	1	temf_till
62.541666666666664	43.208333333333314	2	[1.0, 5.0]	1	temf_till
62.541666666666664	43.62499999999997	2	[1.0, 5.0]	1	temf_till
62.541666666666664	43.708333333333314	2	[1.0, 5.0]	1	temf_till
62.541666666666664	50.87499999999997	2	[1.0, 5.0]	1	temf_till
62.541666666666664	52.208333333333314	2	[1.0, 5.0]	1	temf_till
62.45833333333333	6.374999999999972	2	[1.0, 5.0]	1	temf_till
62.45833333333333	6.541666666666657	2	[1.0, 5.0]	1	temf_till
62.45833333333333	6.791666666666657	2	[1.0, 5.0]	1	temf_till
62.45833333333333	9.541666666666657	2	[1.0, 5.0]	1	temf_till
62.45833333333333	9.624999999999972	2	[1.0, 5.0]	1	temf_till
62.45833333333333	21.291666666666657	2	[1.0, 5.0]	1	temf_till
62.45833333333333	21.37499999999997	2	[1.0, 5.0]	1	temf_till
62.45833333333333	21.458333333333314	2	[1.0, 5.0]	1	temf_till
62.45833333333333	21.62499999999997	2	[1.0, 5.0]	1	temf_till
62.45833333333333	21.708333333333314	2	[1.0, 5.0]	1	temf_till
62.45833333333333	21.87499999999997	2	[1.0, 5.0]	1	temf_till
62.45833333333333	21.958333333333314	2	[1.0, 5.0]	1	temf_till
62.45833333333333	22.041666666666657	2	[1.0, 5.0]	1	temf_till
62.45833333333333	22.12499999999997	2	[1.0, 5.0]	1	temf_till
62.45833333333333	22.208333333333314	2	[1.0, 5.0]	1	temf_till
62.45833333333333	22.291666666666657	2	[1.0, 5.0]	1	temf_till
62.45833333333333	22.791666666666657	2	[1.0, 5.0]	1	temf_till
62.45833333333333	22.87499999999997	2	[1.0, 5.0]	1	temf_till
62.45833333333333	22.958333333333314	2	[1.0, 5.0]	1	temf_till
62.45833333333333	23.041666666666657	2	[1.0, 5.0]	1	temf_till
62.45833333333333	23.12499999999997	2	[1.0, 5.0]	1	temf_till
62.45833333333333	23.208333333333314	2	[1.0, 5.0]	1	temf_till
62.45833333333333	23.541666666666657	2	[1.0, 5.0]	1	temf_till
62.45833333333333	23.62499999999997	2	[1.0, 5.0]	1	temf_till
62.45833333333333	23.958333333333314	2	[1.0, 5.0]	1	temf_till
62.45833333333333	25.37499999999997	2	[1.0, 5.0]	1	temf_till
62.45833333333333	25.87499999999997	2	[1.0, 5.0]	1	temf_till
62.45833333333333	25.958333333333314	2	[1.0, 5.0]	1	temf_till
62.45833333333333	26.041666666666657	2	[1.0, 5.0]	1	temf_till
62.45833333333333	26.291666666666657	2	[1.0, 5.0]	1	temf_till
62.45833333333333	26.37499999999997	2	[1.0, 5.0]	1	temf_till
62.45833333333333	27.37499999999997	2	[1.0, 5.0]	1	temf_till
62.45833333333333	29.541666666666657	2	[1.0, 5.0]	1	temf_till
62.45833333333333	29.87499999999997	2	[1.0, 5.0]	1	temf_till
62.45833333333333	29.958333333333314	2	[1.0, 5.0]	1	temf_till
62.45833333333333	30.041666666666657	2	[1.0, 5.0]	1	temf_till
62.45833333333333	35.12499999999997	2	[1.0, 5.0]	1	temf_till
62.45833333333333	35.208333333333314	2	[1.0, 5.0]	1	temf_till
62.45833333333333	35.29166666666666	2	[1.0, 5.0]	1	temf_till
62.45833333333333	35.37499999999997	2	[1.0, 5.0]	1	temf_till
62.45833333333333	38.708333333333314	2	[1.0, 5.0]	1	temf_till
62.45833333333333	39.708333333333314	2	[1.0, 5.0]	1	temf_till
62.45833333333333	39.79166666666666	2	[1.0, 5.0]	1	temf_till
62.45833333333333	42.87499999999997	2	[1.0, 5.0]	1	temf_till
62.45833333333333	42.958333333333314	2	[1.0, 5.0]	1	temf_till
62.45833333333333	43.04166666666666	2	[1.0, 5.0]	1	temf_till
62.45833333333333	43.12499999999997	2	[1.0, 5.0]	1	temf_till
62.45833333333333	43.208333333333314	2	[1.0, 5.0]	1	temf_till
62.45833333333333	43.79166666666666	2	[1.0, 5.0]	1	temf_till
62.45833333333333	43.87499999999997	2	[1.0, 5.0]	1	temf_till
62.45833333333333	49.87499999999997	2	[1.0, 5.0]	1	temf_till
62.45833333333333	51.87499999999997	2	[1.0, 5.0]	1	temf_till
62.375	6.041666666666657	2	[1.0, 5.0]	1	temf_till
62.375	6.541666666666657	2	[1.0, 5.0]	1	temf_till
62.375	21.37499999999997	2	[1.0, 5.0]	1	temf_till
62.375	21.541666666666657	2	[1.0, 5.0]	1	temf_till
62.375	21.62499999999997	2	[1.0, 5.0]	1	temf_till
62.375	21.708333333333314	2	[1.0, 5.0]	1	temf_till
62.375	21.958333333333314	2	[1.0, 5.0]	1	temf_till
62.375	22.041666666666657	3	[1.0, 4.0, 5.0]	4	temf_till,pota_till
62.375	22.12499999999997	2	[1.0, 5.0]	1	temf_till
62.375	22.208333333333314	2	[1.0, 5.0]	1	temf_till
62.375	22.708333333333314	2	[1.0, 5.0]	1	temf_till
62.375	22.791666666666657	2	[1.0, 5.0]	1	temf_till
62.375	22.87499999999997	2	[1.0, 5.0]	1	temf_till
62.375	22.958333333333314	2	[1.0, 5.0]	1	temf_till
62.375	23.62499999999997	2	[1.0, 5.0]	1	temf_till
62.375	23.708333333333314	2	[1.0, 5.0]	1	temf_till
62.375	23.791666666666657	2	[1.0, 5.0]	1	temf_till
62.375	24.708333333333314	2	[1.0, 5.0]	1	temf_till
62.375	25.708333333333314	2	[1.0, 5.0]	1	temf_till
62.375	25.87499999999997	2	[1.0, 5.0]	1	temf_till
62.375	25.958333333333314	2	[1.0, 5.0]	1	temf_till
62.375	26.041666666666657	2	[1.0, 5.0]	1	temf_till
62.375	26.291666666666657	2	[1.0, 5.0]	1	temf_till
62.375	26.37499999999997	2	[1.0, 5.0]	1	temf_till
62.375	26.458333333333314	2	[1.0, 5.0]	1	temf_till
62.375	26.541666666666657	2	[1.0, 5.0]	1	temf_till
62.375	27.458333333333314	2	[1.0, 5.0]	1	temf_till
62.375	29.541666666666657	2	[1.0, 5.0]	1	temf_till
62.375	29.87499999999997	2	[1.0, 5.0]	1	temf_till
62.375	30.12499999999997	2	[1.0, 5.0]	1	temf_till
62.375	33.79166666666666	2	[1.0, 5.0]	1	temf_till
62.375	35.208333333333314	2	[1.0, 5.0]	1	temf_till
62.375	35.458333333333314	2	[1.0, 5.0]	1	temf_till
62.375	35.54166666666666	2	[1.0, 5.0]	1	temf_till
62.375	37.04166666666666	2	[1.0, 5.0]	1	temf_till
62.375	38.62499999999997	2	[1.0, 5.0]	1	temf_till
62.375	39.54166666666666	2	[1.0, 5.0]	1	temf_till
62.375	39.62499999999997	2	[1.0, 5.0]	1	temf_till
62.375	39.79166666666666	2	[1.0, 5.0]	1	temf_till
62.375	42.958333333333314	2	[1.0, 5.0]	1	temf_till
62.375	43.04166666666666	2	[1.0, 5.0]	1	temf_till
62.375	43.87499999999997	2	[1.0, 5.0]	1	temf_till
62.375	43.958333333333314	2	[1.0, 5.0]	1	temf_till
62.375	44.04166666666666	2	[1.0, 5.0]	1	temf_till
62.375	44.12499999999997	2	[1.0, 5.0]	1	temf_till
62.375	44.208333333333314	2	[1.0, 5.0]	1	temf_till
62.375	44.29166666666666	2	[1.0, 5.0]	1	temf_till
62.375	44.708333333333314	2	[1.0, 5.0]	1	temf_till
62.375	48.29166666666666	2	[1.0, 5.0]	1	temf_till
62.375	48.37499999999997	2	[1.0, 5.0]	1	temf_till
62.375	50.04166666666666	2	[1.0, 5.0]	1	temf_till
62.375	50.12499999999997	2	[1.0, 5.0]	1	temf_till
62.375	50.708333333333314	2	[1.0, 5.0]	1	temf_till
62.375	52.54166666666666	2	[1.0, 5.0]	1	temf_till
62.375	52.87499999999997	2	[1.0, 5.0]	1	temf_till
62.375	59.54166666666666	2	[1.0, 5.0]	1	temf_till
62.375	80.20833333333329	2	[1.0, 5.0]	1	temf_till
62.291666666666664	6.958333333333314	2	[1.0, 5.0]	1	temf_till
62.291666666666664	21.458333333333314	2	[1.0, 5.0]	1	temf_till
62.291666666666664	21.541666666666657	2	[1.0, 5.0]	1	temf_till
62.291666666666664	21.708333333333314	2	[1.0, 5.0]	1	temf_till
62.291666666666664	22.208333333333314	2	[1.0, 5.0]	1	temf_till
62.291666666666664	22.291666666666657	3	[1.0, 4.0, 5.0]	4	temf_till,pota_till
62.291666666666664	22.458333333333314	2	[1.0, 5.0]	1	temf_till
62.291666666666664	22.62499999999997	2	[1.0, 5.0]	1	temf_till
62.291666666666664	22.708333333333314	2	[1.0, 5.0]	1	temf_till
62.291666666666664	23.208333333333314	2	[1.0, 5.0]	1	temf_till
62.291666666666664	23.62499999999997	2	[1.0, 5.0]	1	temf_till
62.291666666666664	24.041666666666657	2	[1.0, 5.0]	1	temf_till
62.291666666666664	24.62499999999997	2	[1.0, 5.0]	1	temf_till
62.291666666666664	25.12499999999997	2	[1.0, 5.0]	1	temf_till
62.291666666666664	26.041666666666657	2	[1.0, 5.0]	1	temf_till
62.291666666666664	26.291666666666657	2	[1.0, 5.0]	1	temf_till
62.291666666666664	26.37499999999997	2	[1.0, 5.0]	1	temf_till
62.291666666666664	26.958333333333314	2	[1.0, 5.0]	1	temf_till
62.291666666666664	27.041666666666657	2	[1.0, 5.0]	1	temf_till
62.291666666666664	27.208333333333314	2	[1.0, 5.0]	1	temf_till
62.291666666666664	27.458333333333314	2	[1.0, 5.0]	1	temf_till
62.291666666666664	27.541666666666657	2	[1.0, 5.0]	1	temf_till
62.291666666666664	27.708333333333314	2	[1.0, 5.0]	1	temf_till
62.291666666666664	28.12499999999997	2	[1.0, 5.0]	1	temf_till
62.291666666666664	29.62499999999997	2	[1.0, 5.0]	1	temf_till
62.291666666666664	29.708333333333314	2	[1.0, 5.0]	1	temf_till
62.291666666666664	29.791666666666657	2	[1.0, 5.0]	1	temf_till
62.291666666666664	30.208333333333314	2	[1.0, 5.0]	1	temf_till
62.291666666666664	30.291666666666657	2	[1.0, 5.0]	1	temf_till
62.291666666666664	30.458333333333314	2	[1.0, 5.0]	1	temf_till
62.291666666666664	30.541666666666657	2	[1.0, 5.0]	1	temf_till
62.291666666666664	32.37499999999997	2	[1.0, 5.0]	1	temf_till
62.291666666666664	35.12499999999997	2	[1.0, 5.0]	1	temf_till
62.291666666666664	35.37499999999997	2	[1.0, 5.0]	1	temf_till
62.291666666666664	35.87499999999997	2	[1.0, 5.0]	1	temf_till
62.291666666666664	38.37499999999997	2	[1.0, 5.0]	1	temf_till
62.291666666666664	38.62499999999997	2	[1.0, 5.0]	1	temf_till
62.291666666666664	39.37499999999997	2	[1.0, 5.0]	1	temf_till
62.291666666666664	39.458333333333314	2	[1.0, 5.0]	1	temf_till
62.291666666666664	39.54166666666666	2	[1.0, 5.0]	1	temf_till
62.291666666666664	39.708333333333314	2	[1.0, 5.0]	1	temf_till
62.291666666666664	39.79166666666666	2	[1.0, 5.0]	1	temf_till
62.291666666666664	40.708333333333314	2	[1.0, 5.0]	1	temf_till
62.291666666666664	40.79166666666666	2	[1.0, 5.0]	1	temf_till
62.291666666666664	42.87499999999997	2	[1.0, 5.0]	1	temf_till
62.291666666666664	42.958333333333314	2	[1.0, 5.0]	1	temf_till
62.291666666666664	43.04166666666666	2	[1.0, 5.0]	1	temf_till
62.291666666666664	43.54166666666666	2	[1.0, 5.0]	1	temf_till
62.291666666666664	44.29166666666666	2	[1.0, 5.0]	1	temf_till
62.291666666666664	44.37499999999997	2	[1.0, 5.0]	1	temf_till
62.291666666666664	44.458333333333314	2	[1.0, 5.0]	1	temf_till
62.291666666666664	44.54166666666666	2	[1.0, 5.0]	1	temf_till
62.291666666666664	44.62499999999997	2	[1.0, 5.0]	1	temf_till
62.291666666666664	44.708333333333314	2	[1.0, 5.0]	1	temf_till
62.291666666666664	44.79166666666666	2	[1.0, 5.0]	1	temf_till
62.291666666666664	45.04166666666666	2	[1.0, 5.0]	1	temf_till
62.291666666666664	50.04166666666666	2	[1.0, 5.0]	1	temf_till
62.291666666666664	50.79166666666666	2	[1.0, 5.0]	1	temf_till
62.291666666666664	50.958333333333314	2	[1.0, 5.0]	1	temf_till
62.291666666666664	52.04166666666666	2	[1.0, 5.0]	1	temf_till
62.291666666666664	52.12499999999997	2	[1.0, 5.0]	1	temf_till
62.291666666666664	52.208333333333314	2	[1.0, 5.0]	1	temf_till
62.291666666666664	52.54166666666666	2	[1.0, 5.0]	1	temf_till
62.291666666666664	54.04166666666666	2	[1.0, 5.0]	1	temf_till
62.20833333333333	21.458333333333314	2	[1.0, 5.0]	1	temf_till
62.20833333333333	21.541666666666657	2	[1.0, 5.0]	1	temf_till
62.20833333333333	21.62499999999997	2	[1.0, 5.0]	1	temf_till
62.20833333333333	21.791666666666657	2	[1.0, 5.0]	1	temf_till
62.20833333333333	21.87499999999997	3	[1.0, 4.0, 5.0]	4	temf_till,pota_till
62.20833333333333	21.958333333333314	2	[1.0, 5.0]	1	temf_till
62.20833333333333	22.041666666666657	3	[1.0, 4.0, 5.0]	4	temf_till,pota_till
62.20833333333333	22.291666666666657	3	[1.0, 4.0, 5.0]	4	temf_till,pota_till
62.20833333333333	22.541666666666657	2	[1.0, 5.0]	1	temf_till
62.20833333333333	22.62499999999997	2	[1.0, 5.0]	1	temf_till
62.20833333333333	22.708333333333314	2	[1.0, 5.0]	1	temf_till
62.20833333333333	23.041666666666657	2	[1.0, 5.0]	1	temf_till
62.20833333333333	23.12499999999997	2	[1.0, 5.0]	1	temf_till
62.20833333333333	23.208333333333314	2	[1.0, 5.0]	1	temf_till
62.20833333333333	23.62499999999997	2	[1.0, 5.0]	1	temf_till
62.20833333333333	23.958333333333314	2	[1.0, 5.0]	1	temf_till
62.20833333333333	24.37499999999997	2	[1.0, 5.0]	1	temf_till
62.20833333333333	24.791666666666657	3	[1.0, 4.0, 5.0]	4	temf_till,pota_till
62.20833333333333	25.208333333333314	2	[1.0, 5.0]	1	temf_till
62.20833333333333	25.958333333333314	2	[1.0, 5.0]	1	temf_till
62.20833333333333	26.291666666666657	2	[1.0, 5.0]	1	temf_till
62.20833333333333	26.708333333333314	2	[1.0, 5.0]	1	temf_till
62.20833333333333	26.87499999999997	2	[1.0, 5.0]	1	temf_till
62.20833333333333	26.958333333333314	2	[1.0, 5.0]	1	temf_till
62.20833333333333	27.291666666666657	2	[1.0, 5.0]	1	temf_till
62.20833333333333	27.541666666666657	2	[1.0, 5.0]	1	temf_till
62.20833333333333	27.62499999999997	2	[1.0, 5.0]	1	temf_till
62.20833333333333	27.708333333333314	2	[1.0, 5.0]	1	temf_till
62.20833333333333	27.791666666666657	2	[1.0, 5.0]	1	temf_till
62.20833333333333	27.87499999999997	2	[1.0, 5.0]	1	temf_till
62.20833333333333	27.958333333333314	2	[1.0, 5.0]	1	temf_till
62.20833333333333	28.12499999999997	2	[1.0, 5.0]	1	temf_till
62.20833333333333	28.791666666666657	2	[1.0, 5.0]	1	temf_till
62.20833333333333	30.208333333333314	2	[1.0, 5.0]	1	temf_till
62.20833333333333	30.291666666666657	2	[1.0, 5.0]	1	temf_till
62.20833333333333	30.37499999999997	2	[1.0, 5.0]	1	temf_till
62.20833333333333	30.458333333333314	2	[1.0, 5.0]	1	temf_till
62.20833333333333	30.541666666666657	2	[1.0, 5.0]	1	temf_till
62.20833333333333	30.62499999999997	2	[1.0, 5.0]	1	temf_till
62.20833333333333	33.79166666666666	2	[1.0, 5.0]	1	temf_till
62.20833333333333	33.958333333333314	2	[1.0, 5.0]	1	temf_till
62.20833333333333	34.04166666666666	2	[1.0, 5.0]	1	temf_till
62.20833333333333	34.12499999999997	2	[1.0, 5.0]	1	temf_till
62.20833333333333	34.37499999999997	2	[1.0, 5.0]	1	temf_till
62.20833333333333	35.37499999999997	2	[1.0, 5.0]	1	temf_till
62.20833333333333	35.79166666666666	2	[1.0, 5.0]	1	temf_till
62.20833333333333	35.87499999999997	2	[1.0, 5.0]	1	temf_till
62.20833333333333	35.958333333333314	2	[1.0, 5.0]	1	temf_till
62.20833333333333	38.62499999999997	2	[1.0, 5.0]	1	temf_till
62.20833333333333	38.708333333333314	2	[1.0, 5.0]	1	temf_till
62.20833333333333	39.29166666666666	2	[1.0, 5.0]	1	temf_till
62.20833333333333	39.37499999999997	2	[1.0, 5.0]	1	temf_till
62.20833333333333	39.458333333333314	2	[1.0, 5.0]	1	temf_till
62.20833333333333	40.208333333333314	2	[1.0, 5.0]	1	temf_till
62.20833333333333	40.29166666666666	2	[1.0, 5.0]	1	temf_till
62.20833333333333	40.708333333333314	2	[1.0, 5.0]	1	temf_till
62.20833333333333	40.79166666666666	2	[1.0, 5.0]	1	temf_till
62.20833333333333	40.958333333333314	2	[1.0, 5.0]	1	temf_till
62.20833333333333	42.87499999999997	2	[1.0, 5.0]	1	temf_till
62.20833333333333	42.958333333333314	2	[1.0, 5.0]	1	temf_till
62.20833333333333	44.79166666666666	2	[1.0, 5.0]	1	temf_till
62.20833333333333	44.87499999999997	2	[1.0, 5.0]	1	temf_till
62.20833333333333	44.958333333333314	2	[1.0, 5.0]	1	temf_till
62.20833333333333	45.04166666666666	2	[1.0, 5.0]	1	temf_till
62.20833333333333	45.12499999999997	2	[1.0, 5.0]	1	temf_till
62.20833333333333	49.04166666666666	2	[1.0, 5.0]	1	temf_till
62.20833333333333	49.62499999999997	2	[1.0, 5.0]	1	temf_till
62.20833333333333	49.87499999999997	2	[1.0, 5.0]	1	temf_till
62.20833333333333	49.958333333333314	2	[1.0, 5.0]	1	temf_till
62.20833333333333	50.04166666666666	2	[1.0, 5.0]	1	temf_till
62.20833333333333	50.208333333333314	2	[1.0, 5.0]	1	temf_till
62.20833333333333	50.29166666666666	2	[1.0, 5.0]	1	temf_till
62.20833333333333	50.37499999999997	2	[1.0, 5.0]	1	temf_till
62.20833333333333	50.458333333333314	2	[1.0, 5.0]	1	temf_till
62.20833333333333	52.458333333333314	2	[1.0, 5.0]	1	temf_till
62.20833333333333	54.12499999999997	2	[1.0, 5.0]	1	temf_till
62.20833333333333	54.208333333333314	2	[1.0, 5.0]	1	temf_till
62.125	6.041666666666657	2	[1.0, 5.0]	1	temf_till
62.125	21.458333333333314	2	[1.0, 5.0]	1	temf_till
62.125	21.708333333333314	2	[1.0, 5.0]	1	temf_till
62.125	21.958333333333314	3	[1.0, 4.0, 5.0]	4	temf_till,pota_till
62.125	22.041666666666657	3	[1.0, 4.0, 5.0]	4	temf_till,pota_till
62.125	22.291666666666657	3	[1.0, 4.0, 5.0]	4	temf_till,pota_till
62.125	22.541666666666657	2	[1.0, 5.0]	1	temf_till
62.125	22.62499999999997	2	[1.0, 5.0]	1	temf_till
62.125	22.708333333333314	2	[1.0, 5.0]	1	temf_till
62.125	22.958333333333314	2	[1.0, 5.0]	1	temf_till
62.125	23.041666666666657	2	[1.0, 5.0]	1	temf_till
62.125	23.12499999999997	2	[1.0, 5.0]	1	temf_till
62.125	23.62499999999997	2	[1.0, 5.0]	1	temf_till
62.125	23.708333333333314	2	[1.0, 5.0]	1	temf_till
62.125	24.208333333333314	2	[1.0, 5.0]	1	temf_till
62.125	25.458333333333314	2	[1.0, 5.0]	1	temf_till
62.125	26.041666666666657	2	[1.0, 5.0]	1	temf_till
62.125	26.12499999999997	2	[1.0, 5.0]	1	temf_till
62.125	26.87499999999997	2	[1.0, 5.0]	1	temf_till
62.125	27.12499999999997	2	[1.0, 5.0]	1	temf_till
62.125	27.458333333333314	2	[1.0, 5.0]	1	temf_till
62.125	27.62499999999997	2	[1.0, 5.0]	1	temf_till
62.125	27.708333333333314	2	[1.0, 5.0]	1	temf_till
62.125	27.791666666666657	2	[1.0, 5.0]	1	temf_till
62.125	27.87499999999997	2	[1.0, 5.0]	1	temf_till
62.125	27.958333333333314	2	[1.0, 5.0]	1	temf_till
62.125	28.041666666666657	2	[1.0, 5.0]	1	temf_till
62.125	28.208333333333314	2	[1.0, 5.0]	1	temf_till
62.125	29.958333333333314	2	[1.0, 5.0]	1	temf_till
62.125	30.041666666666657	2	[1.0, 5.0]	1	temf_till
62.125	30.12499999999997	2	[1.0, 5.0]	1	temf_till
62.125	30.208333333333314	2	[1.0, 5.0]	1	temf_till
62.125	30.291666666666657	2	[1.0, 5.0]	1	temf_till
62.125	30.37499999999997	2	[1.0, 5.0]	1	temf_till
62.125	30.458333333333314	2	[1.0, 5.0]	1	temf_till
62.125	30.62499999999997	2	[1.0, 5.0]	1	temf_till
62.125	34.04166666666666	2	[1.0, 5.0]	1	temf_till
62.125	34.12499999999997	2	[1.0, 5.0]	1	temf_till
62.125	34.29166666666666	2	[1.0, 5.0]	1	temf_till
62.125	34.37499999999997	2	[1.0, 5.0]	1	temf_till
62.125	35.79166666666666	2	[1.0, 5.0]	1	temf_till
62.125	35.87499999999997	2	[1.0, 5.0]	1	temf_till
62.125	38.12499999999997	2	[1.0, 5.0]	1	temf_till
62.125	38.208333333333314	2	[1.0, 5.0]	1	temf_till
62.125	38.29166666666666	2	[1.0, 5.0]	1	temf_till
62.125	38.37499999999997	2	[1.0, 5.0]	1	temf_till
62.125	38.458333333333314	2	[1.0, 5.0]	1	temf_till
62.125	38.54166666666666	2	[1.0, 5.0]	1	temf_till
62.125	38.62499999999997	2	[1.0, 5.0]	1	temf_till
62.125	38.708333333333314	2	[1.0, 5.0]	1	temf_till
62.125	38.79166666666666	2	[1.0, 5.0]	1	temf_till
62.125	38.87499999999997	2	[1.0, 5.0]	1	temf_till
62.125	38.958333333333314	2	[1.0, 5.0]	1	temf_till
62.125	39.04166666666666	2	[1.0, 5.0]	1	temf_till
62.125	39.12499999999997	2	[1.0, 5.0]	1	temf_till
62.125	39.208333333333314	2	[1.0, 5.0]	1	temf_till
62.125	39.29166666666666	2	[1.0, 5.0]	1	temf_till
62.125	39.37499999999997	2	[1.0, 5.0]	1	temf_till
62.125	40.87499999999997	2	[1.0, 5.0]	1	temf_till
62.125	40.958333333333314	2	[1.0, 5.0]	1	temf_till
62.125	42.37499999999997	2	[1.0, 5.0]	1	temf_till
62.125	42.79166666666666	2	[1.0, 5.0]	1	temf_till
62.125	42.87499999999997	2	[1.0, 5.0]	1	temf_till
62.125	42.958333333333314	2	[1.0, 5.0]	1	temf_till
62.125	43.04166666666666	2	[1.0, 5.0]	1	temf_till
62.125	43.958333333333314	2	[1.0, 5.0]	1	temf_till
62.125	44.958333333333314	2	[1.0, 5.0]	1	temf_till
62.125	45.04166666666666	2	[1.0, 5.0]	1	temf_till
62.125	45.12499999999997	2	[1.0, 5.0]	1	temf_till
62.125	48.87499999999997	2	[1.0, 5.0]	1	temf_till
62.125	48.958333333333314	2	[1.0, 5.0]	1	temf_till
62.125	49.04166666666666	2	[1.0, 5.0]	1	temf_till
62.125	49.12499999999997	2	[1.0, 5.0]	1	temf_till
62.125	49.208333333333314	2	[1.0, 5.0]	1	temf_till
62.125	49.29166666666666	2	[1.0, 5.0]	1	temf_till
62.125	49.37499999999997	2	[1.0, 5.0]	1	temf_till
62.125	49.54166666666666	2	[1.0, 5.0]	1	temf_till
62.125	49.708333333333314	2	[1.0, 5.0]	1	temf_till
62.125	49.79166666666666	2	[1.0, 5.0]	1	temf_till
62.125	49.87499999999997	2	[1.0, 5.0]	1	temf_till
62.125	50.12499999999997	2	[1.0, 5.0]	1	temf_till
62.125	50.208333333333314	2	[1.0, 5.0]	1	temf_till
62.125	50.29166666666666	2	[1.0, 5.0]	1	temf_till
62.125	50.37499999999997	2	[1.0, 5.0]	1	temf_till
62.125	52.458333333333314	2	[1.0, 5.0]	1	temf_till
62.125	52.54166666666666	2	[1.0, 5.0]	1	temf_till
62.125	53.04166666666666	2	[1.0, 5.0]	1	temf_till
62.125	54.208333333333314	2	[1.0, 5.0]	1	temf_till
62.125	59.04166666666666	2	[1.0, 5.0]	1	temf_till
62.125	65.37499999999997	2	[1.0, 5.0]	1	temf_till
62.041666666666664	22.12499999999997	2	[1.0, 5.0]	1	temf_till
62.041666666666664	22.208333333333314	2	[1.0, 5.0]	1	temf_till
62.041666666666664	22.291666666666657	2	[1.0, 5.0]	1	temf_till
62.041666666666664	22.37499999999997	2	[1.0, 5.0]	1	temf_till
62.041666666666664	22.541666666666657	2	[1.0, 5.0]	1	temf_till
62.041666666666664	22.87499999999997	2	[1.0, 5.0]	1	temf_till
62.041666666666664	22.958333333333314	2	[1.0, 5.0]	1	temf_till
62.041666666666664	24.041666666666657	2	[1.0, 5.0]	1	temf_till
62.041666666666664	24.37499999999997	2	[1.0, 5.0]	1	temf_till
62.041666666666664	24.458333333333314	2	[1.0, 5.0]	1	temf_till
62.041666666666664	24.541666666666657	2	[1.0, 5.0]	1	temf_till
62.041666666666664	25.87499999999997	2	[1.0, 5.0]	1	temf_till
62.041666666666664	26.541666666666657	2	[1.0, 5.0]	1	temf_till
62.041666666666664	26.87499999999997	2	[1.0, 5.0]	1	temf_till
62.041666666666664	27.041666666666657	2	[1.0, 5.0]	1	temf_till
62.041666666666664	27.12499999999997	2	[1.0, 5.0]	1	temf_till
62.041666666666664	27.458333333333314	2	[1.0, 5.0]	1	temf_till
62.041666666666664	27.541666666666657	2	[1.0, 5.0]	1	temf_till
62.041666666666664	27.708333333333314	2	[1.0, 5.0]	1	temf_till
62.041666666666664	27.87499999999997	2	[1.0, 5.0]	1	temf_till
62.041666666666664	27.958333333333314	2	[1.0, 5.0]	1	temf_till
62.041666666666664	28.041666666666657	2	[1.0, 5.0]	1	temf_till
62.041666666666664	28.208333333333314	2	[1.0, 5.0]	1	temf_till
62.041666666666664	28.291666666666657	2	[1.0, 5.0]	1	temf_till
62.041666666666664	28.37499999999997	2	[1.0, 5.0]	1	temf_till
62.041666666666664	28.458333333333314	2	[1.0, 5.0]	1	temf_till
62.041666666666664	28.958333333333314	2	[1.0, 5.0]	1	temf_till
62.041666666666664	29.541666666666657	2	[1.0, 5.0]	1	temf_till
62.041666666666664	30.041666666666657	2	[1.0, 5.0]	1	temf_till
62.041666666666664	30.12499999999997	2	[1.0, 5.0]	1	temf_till
62.041666666666664	30.208333333333314	2	[1.0, 5.0]	1	temf_till
62.041666666666664	30.291666666666657	2	[1.0, 5.0]	1	temf_till
62.041666666666664	30.458333333333314	2	[1.0, 5.0]	1	temf_till
62.041666666666664	30.708333333333314	2	[1.0, 5.0]	1	temf_till
62.041666666666664	30.791666666666657	2	[1.0, 5.0]	1	temf_till
62.041666666666664	31.041666666666657	2	[1.0, 5.0]	1	temf_till
62.041666666666664	33.958333333333314	2	[1.0, 5.0]	1	temf_till
62.041666666666664	34.29166666666666	2	[1.0, 5.0]	1	temf_till
62.041666666666664	35.29166666666666	2	[1.0, 5.0]	1	temf_till
62.041666666666664	36.04166666666666	2	[1.0, 5.0]	1	temf_till
62.041666666666664	38.87499999999997	2	[1.0, 5.0]	1	temf_till
62.041666666666664	38.958333333333314	2	[1.0, 5.0]	1	temf_till
62.041666666666664	39.29166666666666	2	[1.0, 5.0]	1	temf_till
62.041666666666664	39.458333333333314	2	[1.0, 5.0]	1	temf_till
62.041666666666664	40.79166666666666	2	[1.0, 5.0]	1	temf_till
62.041666666666664	40.87499999999997	2	[1.0, 5.0]	1	temf_till
62.041666666666664	42.79166666666666	2	[1.0, 5.0]	1	temf_till
62.041666666666664	42.87499999999997	2	[1.0, 5.0]	1	temf_till
62.041666666666664	44.958333333333314	2	[1.0, 5.0]	1	temf_till
62.041666666666664	45.04166666666666	2	[1.0, 5.0]	1	temf_till
62.041666666666664	45.12499999999997	2	[1.0, 5.0]	1	temf_till
62.041666666666664	48.62499999999997	2	[1.0, 5.0]	1	temf_till
62.041666666666664	48.708333333333314	2	[1.0, 5.0]	1	temf_till
62.041666666666664	48.79166666666666	2	[1.0, 5.0]	1	temf_till
62.041666666666664	48.87499999999997	2	[1.0, 5.0]	1	temf_till
62.041666666666664	48.958333333333314	2	[1.0, 5.0]	1	temf_till
62.041666666666664	49.37499999999997	2	[1.0, 5.0]	1	temf_till
62.041666666666664	49.458333333333314	2	[1.0, 5.0]	1	temf_till
62.041666666666664	49.54166666666666	2	[1.0, 5.0]	1	temf_till
62.041666666666664	50.29166666666666	2	[1.0, 5.0]	1	temf_till
62.041666666666664	50.37499999999997	2	[1.0, 5.0]	1	temf_till
62.041666666666664	50.54166666666666	2	[1.0, 5.0]	1	temf_till
62.041666666666664	50.79166666666666	2	[1.0, 5.0]	1	temf_till
62.041666666666664	53.37499999999997	2	[1.0, 5.0]	1	temf_till
62.041666666666664	53.708333333333314	2	[1.0, 5.0]	1	temf_till
62.041666666666664	54.29166666666666	2	[1.0, 5.0]	1	temf_till
61.95833333333333	21.708333333333314	3	[1.0, 4.0, 5.0]	4	temf_till,pota_till
61.95833333333333	22.208333333333314	2	[1.0, 5.0]	1	temf_till
61.95833333333333	22.37499999999997	2	[1.0, 5.0]	1	temf_till
61.95833333333333	22.541666666666657	2	[1.0, 5.0]	1	temf_till
61.95833333333333	22.62499999999997	2	[1.0, 5.0]	1	temf_till
61.95833333333333	22.708333333333314	2	[1.0, 5.0]	1	temf_till
61.95833333333333	22.791666666666657	2	[1.0, 5.0]	1	temf_till
61.95833333333333	22.958333333333314	2	[1.0, 5.0]	1	temf_till
61.95833333333333	23.041666666666657	2	[1.0, 5.0]	1	temf_till
61.95833333333333	24.12499999999997	2	[1.0, 5.0]	1	temf_till
61.95833333333333	24.208333333333314	2	[1.0, 5.0]	1	temf_till
61.95833333333333	24.291666666666657	2	[1.0, 5.0]	1	temf_till
61.95833333333333	24.458333333333314	2	[1.0, 5.0]	1	temf_till
61.95833333333333	24.708333333333314	2	[1.0, 5.0]	1	temf_till
61.95833333333333	25.37499999999997	2	[1.0, 5.0]	1	temf_till
61.95833333333333	25.458333333333314	2	[1.0, 5.0]	1	temf_till
61.95833333333333	26.62499999999997	2	[1.0, 5.0]	1	temf_till
61.95833333333333	26.87499999999997	2	[1.0, 5.0]	1	temf_till
61.95833333333333	27.208333333333314	2	[1.0, 5.0]	1	temf_till
61.95833333333333	27.458333333333314	2	[1.0, 5.0]	1	temf_till
61.95833333333333	27.541666666666657	2	[1.0, 5.0]	1	temf_till
61.95833333333333	28.041666666666657	2	[1.0, 5.0]	1	temf_till
61.95833333333333	28.12499999999997	2	[1.0, 5.0]	1	temf_till
61.95833333333333	28.208333333333314	2	[1.0, 5.0]	1	temf_till
61.95833333333333	28.291666666666657	2	[1.0, 5.0]	1	temf_till
61.95833333333333	28.458333333333314	2	[1.0, 5.0]	1	temf_till
61.95833333333333	28.541666666666657	2	[1.0, 5.0]	1	temf_till
61.95833333333333	28.87499999999997	2	[1.0, 5.0]	1	temf_till
61.95833333333333	28.958333333333314	2	[1.0, 5.0]	1	temf_till
61.95833333333333	29.041666666666657	2	[1.0, 5.0]	1	temf_till
61.95833333333333	29.208333333333314	2	[1.0, 5.0]	1	temf_till
61.95833333333333	29.291666666666657	2	[1.0, 5.0]	1	temf_till
61.95833333333333	30.208333333333314	2	[1.0, 5.0]	1	temf_till
61.95833333333333	30.37499999999997	2	[1.0, 5.0]	1	temf_till
61.95833333333333	30.791666666666657	2	[1.0, 5.0]	1	temf_till
61.95833333333333	31.12499999999997	2	[1.0, 5.0]	1	temf_till
61.95833333333333	32.87499999999997	2	[1.0, 5.0]	1	temf_till
61.95833333333333	34.208333333333314	2	[1.0, 5.0]	1	temf_till
61.95833333333333	34.29166666666666	2	[1.0, 5.0]	1	temf_till
61.95833333333333	35.208333333333314	2	[1.0, 5.0]	1	temf_till
61.95833333333333	38.79166666666666	2	[1.0, 5.0]	1	temf_till
61.95833333333333	38.87499999999997	2	[1.0, 5.0]	1	temf_till
61.95833333333333	38.958333333333314	2	[1.0, 5.0]	1	temf_till
61.95833333333333	39.04166666666666	2	[1.0, 5.0]	1	temf_till
61.95833333333333	39.12499999999997	2	[1.0, 5.0]	1	temf_till
61.95833333333333	39.208333333333314	2	[1.0, 5.0]	1	temf_till
61.95833333333333	41.958333333333314	2	[1.0, 5.0]	1	temf_till
61.95833333333333	42.62499999999997	2	[1.0, 5.0]	1	temf_till
61.95833333333333	42.708333333333314	2	[1.0, 5.0]	1	temf_till
61.95833333333333	42.79166666666666	2	[1.0, 5.0]	1	temf_till
61.95833333333333	44.958333333333314	2	[1.0, 5.0]	1	temf_till
61.95833333333333	45.04166666666666	2	[1.0, 5.0]	1	temf_till
61.95833333333333	45.12499999999997	2	[1.0, 5.0]	1	temf_till
61.95833333333333	45.208333333333314	2	[1.0, 5.0]	1	temf_till
61.95833333333333	48.37499999999997	2	[1.0, 5.0]	1	temf_till
61.95833333333333	48.458333333333314	2	[1.0, 5.0]	1	temf_till
61.95833333333333	48.54166666666666	2	[1.0, 5.0]	1	temf_till
61.95833333333333	48.62499999999997	2	[1.0, 5.0]	1	temf_till
61.95833333333333	48.708333333333314	2	[1.0, 5.0]	1	temf_till
61.95833333333333	50.12499999999997	2	[1.0, 5.0]	1	temf_till
61.95833333333333	50.208333333333314	2	[1.0, 5.0]	1	temf_till
61.95833333333333	50.37499999999997	2	[1.0, 5.0]	1	temf_till
61.95833333333333	50.458333333333314	2	[1.0, 5.0]	1	temf_till
61.95833333333333	50.708333333333314	2	[1.0, 5.0]	1	temf_till
61.95833333333333	50.79166666666666	2	[1.0, 5.0]	1	temf_till
61.95833333333333	52.12499999999997	2	[1.0, 5.0]	1	temf_till
61.95833333333333	52.29166666666666	2	[1.0, 5.0]	1	temf_till
61.95833333333333	52.37499999999997	2	[1.0, 5.0]	1	temf_till
61.95833333333333	52.458333333333314	2	[1.0, 5.0]	1	temf_till
61.95833333333333	52.54166666666666	2	[1.0, 5.0]	1	temf_till
61.95833333333333	52.62499999999997	2	[1.0, 5.0]	1	temf_till
61.95833333333333	54.208333333333314	2	[1.0, 5.0]	1	temf_till
61.95833333333333	54.29166666666666	2	[1.0, 5.0]	1	temf_till
61.95833333333333	54.37499999999997	2	[1.0, 5.0]	1	temf_till
61.95833333333333	65.95833333333331	2	[1.0, 5.0]	1	temf_till
61.875	21.87499999999997	2	[1.0, 5.0]	1	temf_till
61.875	21.958333333333314	2	[1.0, 5.0]	1	temf_till
61.875	22.041666666666657	3	[1.0, 4.0, 5.0]	4	temf_till,pota_till
61.875	22.12499999999997	2	[1.0, 5.0]	1	temf_till
61.875	22.291666666666657	2	[1.0, 5.0]	1	temf_till
61.875	22.37499999999997	2	[1.0, 5.0]	1	temf_till
61.875	22.541666666666657	2	[1.0, 5.0]	1	temf_till
61.875	22.62499999999997	2	[1.0, 5.0]	1	temf_till
61.875	22.708333333333314	2	[1.0, 5.0]	1	temf_till
61.875	22.87499999999997	2	[1.0, 5.0]	1	temf_till
61.875	22.958333333333314	2	[1.0, 5.0]	1	temf_till
61.875	23.041666666666657	2	[1.0, 5.0]	1	temf_till
61.875	24.041666666666657	2	[1.0, 5.0]	1	temf_till
61.875	24.458333333333314	2	[1.0, 5.0]	1	temf_till
61.875	25.12499999999997	2	[1.0, 5.0]	1	temf_till
61.875	25.208333333333314	2	[1.0, 5.0]	1	temf_till
61.875	25.291666666666657	2	[1.0, 5.0]	1	temf_till
61.875	25.708333333333314	2	[1.0, 5.0]	1	temf_till
61.875	25.791666666666657	2	[1.0, 5.0]	1	temf_till
61.875	26.291666666666657	2	[1.0, 5.0]	1	temf_till
61.875	26.87499999999997	2	[1.0, 5.0]	1	temf_till
61.875	26.958333333333314	2	[1.0, 5.0]	1	temf_till
61.875	27.041666666666657	2	[1.0, 5.0]	1	temf_till
61.875	27.37499999999997	2	[1.0, 5.0]	1	temf_till
61.875	27.708333333333314	2	[1.0, 5.0]	1	temf_till
61.875	27.791666666666657	2	[1.0, 5.0]	1	temf_till
61.875	28.12499999999997	2	[1.0, 5.0]	1	temf_till
61.875	28.208333333333314	2	[1.0, 5.0]	1	temf_till
61.875	28.291666666666657	2	[1.0, 5.0]	1	temf_till
61.875	28.458333333333314	2	[1.0, 5.0]	1	temf_till
61.875	28.791666666666657	2	[1.0, 5.0]	1	temf_till
61.875	28.87499999999997	2	[1.0, 5.0]	1	temf_till
61.875	28.958333333333314	2	[1.0, 5.0]	1	temf_till
61.875	29.041666666666657	2	[1.0, 5.0]	1	temf_till
61.875	29.12499999999997	2	[1.0, 5.0]	1	temf_till
61.875	29.208333333333314	2	[1.0, 5.0]	1	temf_till
61.875	29.291666666666657	2	[1.0, 5.0]	1	temf_till
61.875	29.791666666666657	2	[1.0, 5.0]	1	temf_till
61.875	29.87499999999997	2	[1.0, 5.0]	1	temf_till
61.875	30.208333333333314	2	[1.0, 5.0]	1	temf_till
61.875	30.62499999999997	2	[1.0, 5.0]	1	temf_till
61.875	32.87499999999997	2	[1.0, 5.0]	1	temf_till
61.875	33.12499999999997	2	[1.0, 5.0]	1	temf_till
61.875	33.208333333333314	2	[1.0, 5.0]	1	temf_till
61.875	33.29166666666666	2	[1.0, 5.0]	1	temf_till
61.875	33.37499999999997	2	[1.0, 5.0]	1	temf_till
61.875	33.958333333333314	2	[1.0, 5.0]	1	temf_till
61.875	34.208333333333314	2	[1.0, 5.0]	1	temf_till
61.875	34.29166666666666	2	[1.0, 5.0]	1	temf_till
61.875	34.37499999999997	2	[1.0, 5.0]	1	temf_till
61.875	34.54166666666666	2	[1.0, 5.0]	1	temf_till
61.875	36.208333333333314	2	[1.0, 5.0]	1	temf_till
61.875	36.62499999999997	2	[1.0, 5.0]	1	temf_till
61.875	36.708333333333314	2	[1.0, 5.0]	1	temf_till
61.875	36.79166666666666	2	[1.0, 5.0]	1	temf_till
61.875	38.708333333333314	2	[1.0, 5.0]	1	temf_till
61.875	38.79166666666666	2	[1.0, 5.0]	1	temf_till
61.875	38.87499999999997	2	[1.0, 5.0]	1	temf_till
61.875	38.958333333333314	2	[1.0, 5.0]	1	temf_till
61.875	39.04166666666666	2	[1.0, 5.0]	1	temf_till
61.875	39.12499999999997	2	[1.0, 5.0]	1	temf_till
61.875	39.208333333333314	2	[1.0, 5.0]	1	temf_till
61.875	40.79166666666666	2	[1.0, 5.0]	1	temf_till
61.875	40.87499999999997	2	[1.0, 5.0]	1	temf_till
61.875	40.958333333333314	2	[1.0, 5.0]	1	temf_till
61.875	41.29166666666666	2	[1.0, 5.0]	1	temf_till
61.875	42.04166666666666	2	[1.0, 5.0]	1	temf_till
61.875	42.37499999999997	2	[1.0, 5.0]	1	temf_till
61.875	42.62499999999997	2	[1.0, 5.0]	1	temf_till
61.875	44.12499999999997	2	[1.0, 5.0]	1	temf_till
61.875	45.12499999999997	2	[1.0, 5.0]	1	temf_till
61.875	45.208333333333314	2	[1.0, 5.0]	1	temf_till
61.875	45.29166666666666	2	[1.0, 5.0]	1	temf_till
61.875	45.37499999999997	2	[1.0, 5.0]	1	temf_till
61.875	48.29166666666666	2	[1.0, 5.0]	1	temf_till
61.875	48.37499999999997	2	[1.0, 5.0]	1	temf_till
61.875	48.458333333333314	2	[1.0, 5.0]	1	temf_till
61.875	48.54166666666666	2	[1.0, 5.0]	1	temf_till
61.875	50.04166666666666	2	[1.0, 5.0]	1	temf_till
61.875	50.708333333333314	2	[1.0, 5.0]	1	temf_till
61.875	51.458333333333314	2	[1.0, 5.0]	1	temf_till
61.875	51.54166666666666	2	[1.0, 5.0]	1	temf_till
61.875	51.62499999999997	2	[1.0, 5.0]	1	temf_till
61.875	51.708333333333314	2	[1.0, 5.0]	1	temf_till
61.875	51.79166666666666	2	[1.0, 5.0]	1	temf_till
61.875	51.87499999999997	2	[1.0, 5.0]	1	temf_till
61.875	51.958333333333314	2	[1.0, 5.0]	1	temf_till
61.875	52.04166666666666	2	[1.0, 5.0]	1	temf_till
61.875	52.12499999999997	2	[1.0, 5.0]	1	temf_till
61.875	52.458333333333314	2	[1.0, 5.0]	1	temf_till
61.875	52.708333333333314	2	[1.0, 5.0]	1	temf_till
61.875	52.79166666666666	2	[1.0, 5.0]	1	temf_till
61.875	52.958333333333314	2	[1.0, 5.0]	1	temf_till
61.875	53.04166666666666	2	[1.0, 5.0]	1	temf_till
61.875	53.208333333333314	2	[1.0, 5.0]	1	temf_till
61.875	54.29166666666666	2	[1.0, 5.0]	1	temf_till
61.875	79.37499999999997	2	[1.0, 5.0]	1	temf_till
61.791666666666664	21.541666666666657	2	[1.0, 5.0]	1	temf_till
61.791666666666664	21.62499999999997	2	[1.0, 5.0]	1	temf_till
61.791666666666664	22.208333333333314	2	[1.0, 5.0]	1	temf_till
61.791666666666664	22.291666666666657	2	[1.0, 5.0]	1	temf_till
61.791666666666664	22.458333333333314	2	[1.0, 5.0]	1	temf_till
61.791666666666664	22.541666666666657	2	[1.0, 5.0]	1	temf_till
61.791666666666664	22.62499999999997	2	[1.0, 5.0]	1	temf_till
61.791666666666664	22.708333333333314	2	[1.0, 5.0]	1	temf_till
61.791666666666664	22.791666666666657	2	[1.0, 5.0]	1	temf_till
61.791666666666664	22.87499999999997	2	[1.0, 5.0]	1	temf_till
61.791666666666664	22.958333333333314	2	[1.0, 5.0]	1	temf_till
61.791666666666664	23.041666666666657	2	[1.0, 5.0]	1	temf_till
61.791666666666664	23.12499999999997	2	[1.0, 5.0]	1	temf_till
61.791666666666664	23.208333333333314	2	[1.0, 5.0]	1	temf_till
61.791666666666664	23.291666666666657	2	[1.0, 5.0]	1	temf_till
61.791666666666664	23.37499999999997	2	[1.0, 5.0]	1	temf_till
61.791666666666664	23.708333333333314	2	[1.0, 5.0]	1	temf_till
61.791666666666664	23.87499999999997	2	[1.0, 5.0]	1	temf_till
61.791666666666664	23.958333333333314	2	[1.0, 5.0]	1	temf_till
61.791666666666664	24.041666666666657	2	[1.0, 5.0]	1	temf_till
61.791666666666664	24.37499999999997	2	[1.0, 5.0]	1	temf_till
61.791666666666664	24.458333333333314	2	[1.0, 5.0]	1	temf_till
61.791666666666664	25.12499999999997	2	[1.0, 5.0]	1	temf_till
61.791666666666664	25.208333333333314	2	[1.0, 5.0]	1	temf_till
61.791666666666664	25.291666666666657	2	[1.0, 5.0]	1	temf_till
61.791666666666664	25.791666666666657	2	[1.0, 5.0]	1	temf_till
61.791666666666664	25.958333333333314	2	[1.0, 5.0]	1	temf_till
61.791666666666664	26.041666666666657	2	[1.0, 5.0]	1	temf_till
61.791666666666664	27.291666666666657	2	[1.0, 5.0]	1	temf_till
61.791666666666664	27.37499999999997	2	[1.0, 5.0]	1	temf_till
61.791666666666664	27.458333333333314	2	[1.0, 5.0]	1	temf_till
61.791666666666664	27.541666666666657	2	[1.0, 5.0]	1	temf_till
61.791666666666664	27.62499999999997	2	[1.0, 5.0]	1	temf_till
61.791666666666664	27.708333333333314	2	[1.0, 5.0]	1	temf_till
61.791666666666664	28.041666666666657	2	[1.0, 5.0]	1	temf_till
61.791666666666664	28.12499999999997	2	[1.0, 5.0]	1	temf_till
61.791666666666664	28.291666666666657	2	[1.0, 5.0]	1	temf_till
61.791666666666664	28.37499999999997	2	[1.0, 5.0]	1	temf_till
61.791666666666664	28.458333333333314	2	[1.0, 5.0]	1	temf_till
61.791666666666664	28.62499999999997	2	[1.0, 5.0]	1	temf_till
61.791666666666664	29.208333333333314	2	[1.0, 5.0]	1	temf_till
61.791666666666664	29.541666666666657	2	[1.0, 5.0]	1	temf_till
61.791666666666664	29.62499999999997	2	[1.0, 5.0]	1	temf_till
61.791666666666664	29.708333333333314	2	[1.0, 5.0]	1	temf_till
61.791666666666664	29.791666666666657	2	[1.0, 5.0]	1	temf_till
61.791666666666664	30.458333333333314	2	[1.0, 5.0]	1	temf_till
61.791666666666664	30.541666666666657	2	[1.0, 5.0]	1	temf_till
61.791666666666664	30.62499999999997	2	[1.0, 5.0]	1	temf_till
61.791666666666664	30.708333333333314	2	[1.0, 5.0]	1	temf_till
61.791666666666664	30.958333333333314	2	[1.0, 5.0]	1	temf_till
61.791666666666664	31.041666666666657	2	[1.0, 5.0]	1	temf_till
61.791666666666664	32.87499999999997	2	[1.0, 5.0]	1	temf_till
61.791666666666664	32.958333333333314	2	[1.0, 5.0]	1	temf_till
61.791666666666664	33.12499999999997	2	[1.0, 5.0]	1	temf_till
61.791666666666664	33.208333333333314	2	[1.0, 5.0]	1	temf_till
61.791666666666664	33.29166666666666	2	[1.0, 5.0]	1	temf_till
61.791666666666664	33.458333333333314	2	[1.0, 5.0]	1	temf_till
61.791666666666664	34.12499999999997	2	[1.0, 5.0]	1	temf_till
61.791666666666664	36.458333333333314	2	[1.0, 5.0]	1	temf_till
61.791666666666664	36.54166666666666	2	[1.0, 5.0]	1	temf_till
61.791666666666664	36.62499999999997	2	[1.0, 5.0]	1	temf_till
61.791666666666664	36.708333333333314	2	[1.0, 5.0]	1	temf_till
61.791666666666664	36.87499999999997	2	[1.0, 5.0]	1	temf_till
61.791666666666664	37.708333333333314	2	[1.0, 5.0]	1	temf_till
61.791666666666664	37.79166666666666	2	[1.0, 5.0]	1	temf_till
61.791666666666664	37.958333333333314	2	[1.0, 5.0]	1	temf_till
61.791666666666664	38.04166666666666	2	[1.0, 5.0]	1	temf_till
61.791666666666664	38.12499999999997	2	[1.0, 5.0]	1	temf_till
61.791666666666664	38.708333333333314	2	[1.0, 5.0]	1	temf_till
61.791666666666664	38.79166666666666	2	[1.0, 5.0]	1	temf_till
61.791666666666664	39.04166666666666	2	[1.0, 5.0]	1	temf_till
61.791666666666664	39.12499999999997	2	[1.0, 5.0]	1	temf_till
61.791666666666664	39.208333333333314	2	[1.0, 5.0]	1	temf_till
61.791666666666664	40.79166666666666	2	[1.0, 5.0]	1	temf_till
61.791666666666664	40.87499999999997	2	[1.0, 5.0]	1	temf_till
61.791666666666664	40.958333333333314	2	[1.0, 5.0]	1	temf_till
61.791666666666664	42.208333333333314	2	[1.0, 5.0]	1	temf_till
61.791666666666664	42.29166666666666	2	[1.0, 5.0]	1	temf_till
61.791666666666664	42.708333333333314	2	[1.0, 5.0]	1	temf_till
61.791666666666664	45.208333333333314	2	[1.0, 5.0]	1	temf_till
61.791666666666664	45.29166666666666	2	[1.0, 5.0]	1	temf_till
61.791666666666664	45.37499999999997	2	[1.0, 5.0]	1	temf_till
61.791666666666664	45.87499999999997	2	[1.0, 5.0]	1	temf_till
61.791666666666664	48.29166666666666	2	[1.0, 5.0]	1	temf_till
61.791666666666664	48.37499999999997	2	[1.0, 5.0]	1	temf_till
61.791666666666664	50.37499999999997	2	[1.0, 5.0]	1	temf_till
61.791666666666664	50.458333333333314	2	[1.0, 5.0]	1	temf_till
61.791666666666664	50.62499999999997	2	[1.0, 5.0]	1	temf_till
61.791666666666664	50.708333333333314	2	[1.0, 5.0]	1	temf_till
61.791666666666664	51.208333333333314	2	[1.0, 5.0]	1	temf_till
61.791666666666664	51.54166666666666	2	[1.0, 5.0]	1	temf_till
61.791666666666664	51.62499999999997	2	[1.0, 5.0]	1	temf_till
61.791666666666664	51.87499999999997	2	[1.0, 5.0]	1	temf_till
61.791666666666664	52.958333333333314	2	[1.0, 5.0]	1	temf_till
61.791666666666664	53.04166666666666	2	[1.0, 5.0]	1	temf_till
61.791666666666664	53.12499999999997	2	[1.0, 5.0]	1	temf_till
61.791666666666664	53.208333333333314	2	[1.0, 5.0]	1	temf_till
61.791666666666664	53.29166666666666	2	[1.0, 5.0]	1	temf_till
61.791666666666664	53.458333333333314	2	[1.0, 5.0]	1	temf_till
61.791666666666664	53.708333333333314	2	[1.0, 5.0]	1	temf_till
61.791666666666664	54.87499999999997	2	[1.0, 5.0]	1	temf_till
61.791666666666664	55.208333333333314	2	[1.0, 5.0]	1	temf_till
61.70833333333333	6.374999999999972	2	[1.0, 5.0]	1	temf_till
61.70833333333333	21.62499999999997	2	[1.0, 5.0]	1	temf_till
61.70833333333333	21.708333333333314	2	[1.0, 5.0]	1	temf_till
61.70833333333333	22.208333333333314	2	[1.0, 5.0]	1	temf_till
61.70833333333333	22.541666666666657	2	[1.0, 5.0]	1	temf_till
61.70833333333333	22.791666666666657	2	[1.0, 5.0]	1	temf_till
61.70833333333333	22.958333333333314	2	[1.0, 5.0]	1	temf_till
61.70833333333333	23.041666666666657	2	[1.0, 5.0]	1	temf_till
61.70833333333333	23.12499999999997	2	[1.0, 5.0]	1	temf_till
61.70833333333333	23.291666666666657	2	[1.0, 5.0]	1	temf_till
61.70833333333333	23.37499999999997	2	[1.0, 5.0]	1	temf_till
61.70833333333333	23.458333333333314	2	[1.0, 5.0]	1	temf_till
61.70833333333333	23.541666666666657	2	[1.0, 5.0]	1	temf_till
61.70833333333333	23.62499999999997	2	[1.0, 5.0]	1	temf_till
61.70833333333333	23.87499999999997	2	[1.0, 5.0]	1	temf_till
61.70833333333333	23.958333333333314	2	[1.0, 5.0]	1	temf_till
61.70833333333333	24.37499999999997	2	[1.0, 5.0]	1	temf_till
61.70833333333333	24.458333333333314	2	[1.0, 5.0]	1	temf_till
61.70833333333333	24.541666666666657	2	[1.0, 5.0]	1	temf_till
61.70833333333333	24.62499999999997	2	[1.0, 5.0]	1	temf_till
61.70833333333333	24.708333333333314	2	[1.0, 5.0]	1	temf_till
61.70833333333333	24.791666666666657	2	[1.0, 5.0]	1	temf_till
61.70833333333333	26.041666666666657	2	[1.0, 5.0]	1	temf_till
61.70833333333333	26.62499999999997	2	[1.0, 5.0]	1	temf_till
61.70833333333333	27.208333333333314	2	[1.0, 5.0]	1	temf_till
61.70833333333333	27.291666666666657	2	[1.0, 5.0]	1	temf_till
61.70833333333333	27.37499999999997	2	[1.0, 5.0]	1	temf_till
61.70833333333333	27.87499999999997	2	[1.0, 5.0]	1	temf_till
61.70833333333333	27.958333333333314	2	[1.0, 5.0]	1	temf_till
61.70833333333333	28.62499999999997	2	[1.0, 5.0]	1	temf_till
61.70833333333333	29.458333333333314	2	[1.0, 5.0]	1	temf_till
61.70833333333333	29.541666666666657	2	[1.0, 5.0]	1	temf_till
61.70833333333333	29.62499999999997	2	[1.0, 5.0]	1	temf_till
61.70833333333333	29.708333333333314	2	[1.0, 5.0]	1	temf_till
61.70833333333333	29.791666666666657	2	[1.0, 5.0]	1	temf_till
61.70833333333333	29.958333333333314	2	[1.0, 5.0]	1	temf_till
61.70833333333333	30.541666666666657	2	[1.0, 5.0]	1	temf_till
61.70833333333333	30.62499999999997	2	[1.0, 5.0]	1	temf_till
61.70833333333333	30.708333333333314	2	[1.0, 5.0]	1	temf_till
61.70833333333333	32.87499999999997	2	[1.0, 5.0]	1	temf_till
61.70833333333333	32.958333333333314	2	[1.0, 5.0]	1	temf_till
61.70833333333333	34.37499999999997	2	[1.0, 5.0]	1	temf_till
61.70833333333333	34.458333333333314	2	[1.0, 5.0]	1	temf_till
61.70833333333333	36.29166666666666	2	[1.0, 5.0]	1	temf_till
61.70833333333333	36.37499999999997	2	[1.0, 5.0]	1	temf_till
61.70833333333333	37.62499999999997	2	[1.0, 5.0]	1	temf_till
61.70833333333333	38.04166666666666	2	[1.0, 5.0]	1	temf_till
61.70833333333333	38.208333333333314	2	[1.0, 5.0]	1	temf_till
61.70833333333333	38.708333333333314	2	[1.0, 5.0]	1	temf_till
61.70833333333333	38.79166666666666	2	[1.0, 5.0]	1	temf_till
61.70833333333333	38.87499999999997	2	[1.0, 5.0]	1	temf_till
61.70833333333333	39.12499999999997	2	[1.0, 5.0]	1	temf_till
61.70833333333333	39.208333333333314	2	[1.0, 5.0]	1	temf_till
61.70833333333333	39.29166666666666	2	[1.0, 5.0]	1	temf_till
61.70833333333333	40.208333333333314	2	[1.0, 5.0]	1	temf_till
61.70833333333333	40.87499999999997	2	[1.0, 5.0]	1	temf_till
61.70833333333333	40.958333333333314	2	[1.0, 5.0]	1	temf_till
61.70833333333333	41.12499999999997	2	[1.0, 5.0]	1	temf_till
61.70833333333333	41.208333333333314	2	[1.0, 5.0]	1	temf_till
61.70833333333333	42.37499999999997	2	[1.0, 5.0]	1	temf_till
61.70833333333333	42.54166666666666	2	[1.0, 5.0]	1	temf_till
61.70833333333333	42.62499999999997	2	[1.0, 5.0]	1	temf_till
61.70833333333333	42.708333333333314	2	[1.0, 5.0]	1	temf_till
61.70833333333333	44.37499999999997	2	[1.0, 5.0]	1	temf_till
61.70833333333333	44.62499999999997	2	[1.0, 5.0]	1	temf_till
61.70833333333333	45.37499999999997	2	[1.0, 5.0]	1	temf_till
61.70833333333333	45.458333333333314	2	[1.0, 5.0]	1	temf_till
61.70833333333333	45.54166666666666	2	[1.0, 5.0]	1	temf_till
61.70833333333333	46.62499999999997	2	[1.0, 5.0]	1	temf_till
61.70833333333333	46.708333333333314	2	[1.0, 5.0]	1	temf_till
61.70833333333333	46.79166666666666	2	[1.0, 5.0]	1	temf_till
61.70833333333333	48.208333333333314	2	[1.0, 5.0]	1	temf_till
61.70833333333333	48.29166666666666	2	[1.0, 5.0]	1	temf_till
61.70833333333333	48.37499999999997	2	[1.0, 5.0]	1	temf_till
61.70833333333333	50.37499999999997	2	[1.0, 5.0]	1	temf_till
61.70833333333333	50.458333333333314	2	[1.0, 5.0]	1	temf_till
61.70833333333333	50.54166666666666	2	[1.0, 5.0]	1	temf_till
61.70833333333333	50.708333333333314	2	[1.0, 5.0]	1	temf_till
61.70833333333333	50.79166666666666	2	[1.0, 5.0]	1	temf_till
61.70833333333333	50.87499999999997	2	[1.0, 5.0]	1	temf_till
61.70833333333333	50.958333333333314	2	[1.0, 5.0]	1	temf_till
61.70833333333333	52.208333333333314	2	[1.0, 5.0]	1	temf_till
61.70833333333333	52.87499999999997	2	[1.0, 5.0]	1	temf_till
61.70833333333333	53.62499999999997	2	[1.0, 5.0]	1	temf_till
61.70833333333333	53.708333333333314	2	[1.0, 5.0]	1	temf_till
61.70833333333333	53.79166666666666	2	[1.0, 5.0]	1	temf_till
61.70833333333333	54.87499999999997	2	[1.0, 5.0]	1	temf_till
61.70833333333333	59.208333333333314	2	[1.0, 5.0]	1	temf_till
61.70833333333333	61.29166666666666	2	[1.0, 5.0]	1	temf_till
61.625	21.62499999999997	2	[4.0, 5.0]	4	temf_till
61.625	21.708333333333314	2	[1.0, 5.0]	1	temf_till
61.625	21.791666666666657	2	[1.0, 5.0]	1	temf_till
61.625	22.37499999999997	2	[1.0, 5.0]	1	temf_till
61.625	22.458333333333314	2	[1.0, 5.0]	1	temf_till
61.625	22.541666666666657	2	[1.0, 5.0]	1	temf_till
61.625	22.791666666666657	2	[1.0, 5.0]	1	temf_till
61.625	22.87499999999997	2	[1.0, 5.0]	1	temf_till
61.625	22.958333333333314	2	[1.0, 5.0]	1	temf_till
61.625	23.041666666666657	2	[1.0, 5.0]	1	temf_till
61.625	23.12499999999997	2	[1.0, 5.0]	1	temf_till
61.625	23.208333333333314	2	[1.0, 5.0]	1	temf_till
61.625	23.291666666666657	2	[1.0, 5.0]	1	temf_till
61.625	23.37499999999997	2	[1.0, 5.0]	1	temf_till
61.625	23.458333333333314	2	[1.0, 5.0]	1	temf_till
61.625	23.541666666666657	2	[1.0, 5.0]	1	temf_till
61.625	23.62499999999997	2	[1.0, 5.0]	1	temf_till
61.625	23.87499999999997	2	[1.0, 5.0]	1	temf_till
61.625	24.291666666666657	2	[1.0, 5.0]	1	temf_till
61.625	24.37499999999997	2	[1.0, 5.0]	1	temf_till
61.625	24.458333333333314	2	[1.0, 5.0]	1	temf_till
61.625	24.541666666666657	2	[1.0, 5.0]	1	temf_till
61.625	24.62499999999997	2	[1.0, 5.0]	1	temf_till
61.625	24.708333333333314	2	[1.0, 5.0]	1	temf_till
61.625	25.62499999999997	2	[1.0, 5.0]	1	temf_till
61.625	25.87499999999997	2	[1.0, 5.0]	1	temf_till
61.625	25.958333333333314	2	[1.0, 5.0]	1	temf_till
61.625	26.958333333333314	2	[1.0, 5.0]	1	temf_till
61.625	27.041666666666657	2	[1.0, 5.0]	1	temf_till
61.625	27.208333333333314	2	[1.0, 5.0]	1	temf_till
61.625	27.291666666666657	2	[1.0, 5.0]	1	temf_till
61.625	27.37499999999997	2	[1.0, 5.0]	1	temf_till
61.625	27.541666666666657	2	[1.0, 5.0]	1	temf_till
61.625	28.62499999999997	2	[1.0, 5.0]	1	temf_till
61.625	29.458333333333314	2	[1.0, 5.0]	1	temf_till
61.625	29.541666666666657	2	[1.0, 5.0]	1	temf_till
61.625	29.62499999999997	2	[1.0, 5.0]	1	temf_till
61.625	29.708333333333314	2	[1.0, 5.0]	1	temf_till
61.625	29.791666666666657	2	[1.0, 5.0]	1	temf_till
61.625	30.208333333333314	2	[1.0, 5.0]	1	temf_till
61.625	30.291666666666657	2	[1.0, 5.0]	1	temf_till
61.625	30.37499999999997	2	[1.0, 5.0]	1	temf_till
61.625	30.458333333333314	2	[1.0, 5.0]	1	temf_till
61.625	30.541666666666657	2	[1.0, 5.0]	1	temf_till
61.625	30.62499999999997	2	[1.0, 5.0]	1	temf_till
61.625	32.54166666666666	2	[1.0, 5.0]	1	temf_till
61.625	33.12499999999997	2	[1.0, 5.0]	1	temf_till
61.625	34.62499999999997	2	[1.0, 5.0]	1	temf_till
61.625	37.708333333333314	2	[1.0, 5.0]	1	temf_till
61.625	37.79166666666666	2	[1.0, 5.0]	1	temf_till
61.625	37.958333333333314	2	[1.0, 5.0]	1	temf_till
61.625	38.54166666666666	2	[1.0, 5.0]	1	temf_till
61.625	38.62499999999997	2	[1.0, 5.0]	1	temf_till
61.625	38.708333333333314	2	[1.0, 5.0]	1	temf_till
61.625	38.79166666666666	2	[1.0, 5.0]	1	temf_till
61.625	38.87499999999997	2	[1.0, 5.0]	1	temf_till
61.625	38.958333333333314	2	[1.0, 5.0]	1	temf_till
61.625	39.04166666666666	2	[1.0, 5.0]	1	temf_till
61.625	39.12499999999997	2	[1.0, 5.0]	1	temf_till
61.625	39.208333333333314	2	[1.0, 5.0]	1	temf_till
61.625	39.37499999999997	2	[1.0, 5.0]	1	temf_till
61.625	39.458333333333314	2	[1.0, 5.0]	1	temf_till
61.625	40.04166666666666	2	[1.0, 5.0]	1	temf_till
61.625	40.12499999999997	2	[1.0, 5.0]	1	temf_till
61.625	40.208333333333314	2	[1.0, 5.0]	1	temf_till
61.625	40.87499999999997	2	[1.0, 5.0]	1	temf_till
61.625	40.958333333333314	2	[1.0, 5.0]	1	temf_till
61.625	42.37499999999997	2	[1.0, 5.0]	1	temf_till
61.625	42.54166666666666	2	[1.0, 5.0]	1	temf_till
61.625	42.62499999999997	2	[1.0, 5.0]	1	temf_till
61.625	43.958333333333314	2	[1.0, 5.0]	1	temf_till
61.625	45.54166666666666	2	[1.0, 5.0]	1	temf_till
61.625	45.62499999999997	2	[1.0, 5.0]	1	temf_till
61.625	45.708333333333314	2	[1.0, 5.0]	1	temf_till
61.625	45.79166666666666	2	[1.0, 5.0]	1	temf_till
61.625	45.87499999999997	2	[1.0, 5.0]	1	temf_till
61.625	45.958333333333314	2	[1.0, 5.0]	1	temf_till
61.625	46.04166666666666	2	[1.0, 5.0]	1	temf_till
61.625	46.12499999999997	2	[1.0, 5.0]	1	temf_till
61.625	46.208333333333314	2	[1.0, 5.0]	1	temf_till
61.625	46.29166666666666	2	[1.0, 5.0]	1	temf_till
61.625	46.37499999999997	2	[1.0, 5.0]	1	temf_till
61.625	46.458333333333314	2	[1.0, 5.0]	1	temf_till
61.625	46.54166666666666	2	[1.0, 5.0]	1	temf_till
61.625	46.62499999999997	2	[1.0, 5.0]	1	temf_till
61.625	46.708333333333314	2	[1.0, 5.0]	1	temf_till
61.625	48.04166666666666	2	[1.0, 5.0]	1	temf_till
61.625	48.12499999999997	2	[1.0, 5.0]	1	temf_till
61.625	48.208333333333314	2	[1.0, 5.0]	1	temf_till
61.625	50.12499999999997	2	[1.0, 5.0]	1	temf_till
61.625	50.62499999999997	2	[1.0, 5.0]	1	temf_till
61.625	50.708333333333314	2	[1.0, 5.0]	1	temf_till
61.625	50.79166666666666	2	[1.0, 5.0]	1	temf_till
61.625	50.87499999999997	2	[1.0, 5.0]	1	temf_till
61.625	51.458333333333314	2	[1.0, 5.0]	1	temf_till
61.625	51.54166666666666	2	[1.0, 5.0]	1	temf_till
61.625	52.12499999999997	2	[1.0, 5.0]	1	temf_till
61.625	52.458333333333314	2	[1.0, 5.0]	1	temf_till
61.625	52.708333333333314	2	[1.0, 5.0]	1	temf_till
61.625	52.958333333333314	2	[1.0, 5.0]	1	temf_till
61.625	53.12499999999997	2	[1.0, 5.0]	1	temf_till
61.625	53.208333333333314	2	[1.0, 5.0]	1	temf_till
61.625	53.708333333333314	2	[1.0, 5.0]	1	temf_till
61.625	53.87499999999997	2	[1.0, 5.0]	1	temf_till
61.625	54.208333333333314	2	[1.0, 5.0]	1	temf_till
61.625	54.708333333333314	2	[1.0, 5.0]	1	temf_till
61.625	54.87499999999997	2	[1.0, 5.0]	1	temf_till
61.625	57.208333333333314	2	[1.0, 5.0]	1	temf_till
61.541666666666664	21.708333333333314	2	[1.0, 5.0]	1	temf_till
61.541666666666664	21.791666666666657	2	[1.0, 5.0]	1	temf_till
61.541666666666664	21.87499999999997	2	[1.0, 5.0]	1	temf_till
61.541666666666664	22.041666666666657	2	[1.0, 5.0]	1	temf_till
61.541666666666664	22.458333333333314	2	[1.0, 5.0]	1	temf_till
61.541666666666664	22.541666666666657	2	[1.0, 5.0]	1	temf_till
61.541666666666664	22.62499999999997	2	[1.0, 5.0]	1	temf_till
61.541666666666664	22.708333333333314	2	[1.0, 5.0]	1	temf_till
61.541666666666664	22.791666666666657	2	[1.0, 5.0]	1	temf_till
61.541666666666664	22.87499999999997	2	[1.0, 5.0]	1	temf_till
61.541666666666664	22.958333333333314	2	[1.0, 5.0]	1	temf_till
61.541666666666664	23.041666666666657	2	[1.0, 5.0]	1	temf_till
61.541666666666664	23.12499999999997	2	[1.0, 5.0]	1	temf_till
61.541666666666664	23.208333333333314	2	[1.0, 5.0]	1	temf_till
61.541666666666664	23.291666666666657	2	[1.0, 5.0]	1	temf_till
61.541666666666664	23.37499999999997	2	[1.0, 5.0]	1	temf_till
61.541666666666664	24.12499999999997	2	[1.0, 5.0]	1	temf_till
61.541666666666664	24.208333333333314	2	[1.0, 5.0]	1	temf_till
61.541666666666664	24.291666666666657	2	[1.0, 5.0]	1	temf_till
61.541666666666664	24.541666666666657	2	[1.0, 5.0]	1	temf_till
61.541666666666664	24.62499999999997	2	[1.0, 5.0]	1	temf_till
61.541666666666664	25.12499999999997	2	[1.0, 5.0]	1	temf_till
61.541666666666664	25.62499999999997	2	[1.0, 5.0]	1	temf_till
61.541666666666664	25.708333333333314	2	[1.0, 5.0]	1	temf_till
61.541666666666664	25.791666666666657	2	[1.0, 5.0]	1	temf_till
61.541666666666664	25.87499999999997	2	[1.0, 5.0]	1	temf_till
61.541666666666664	25.958333333333314	2	[1.0, 5.0]	1	temf_till
61.541666666666664	26.37499999999997	2	[1.0, 5.0]	1	temf_till
61.541666666666664	26.541666666666657	2	[1.0, 5.0]	1	temf_till
61.541666666666664	26.62499999999997	2	[1.0, 5.0]	1	temf_till
61.541666666666664	26.708333333333314	2	[1.0, 5.0]	1	temf_till
61.541666666666664	27.041666666666657	2	[1.0, 5.0]	1	temf_till
61.541666666666664	27.208333333333314	2	[1.0, 5.0]	1	temf_till
61.541666666666664	27.291666666666657	2	[1.0, 5.0]	1	temf_till
61.541666666666664	27.37499999999997	2	[1.0, 5.0]	1	temf_till
61.541666666666664	27.458333333333314	2	[1.0, 5.0]	1	temf_till
61.541666666666664	29.37499999999997	2	[1.0, 5.0]	1	temf_till
61.541666666666664	29.541666666666657	2	[1.0, 5.0]	1	temf_till
61.541666666666664	29.62499999999997	2	[1.0, 5.0]	1	temf_till
61.541666666666664	29.708333333333314	2	[1.0, 5.0]	1	temf_till
61.541666666666664	29.791666666666657	2	[1.0, 5.0]	1	temf_till
61.541666666666664	30.12499999999997	2	[1.0, 5.0]	1	temf_till
61.541666666666664	30.291666666666657	2	[1.0, 5.0]	1	temf_till
61.541666666666664	30.37499999999997	2	[1.0, 5.0]	1	temf_till
61.541666666666664	34.708333333333314	2	[1.0, 5.0]	1	temf_till
61.541666666666664	36.458333333333314	2	[1.0, 5.0]	1	temf_till
61.541666666666664	37.79166666666666	2	[1.0, 5.0]	1	temf_till
61.541666666666664	38.12499999999997	2	[1.0, 5.0]	1	temf_till
61.541666666666664	38.29166666666666	2	[1.0, 5.0]	1	temf_till
61.541666666666664	38.37499999999997	2	[1.0, 5.0]	1	temf_till
61.541666666666664	38.458333333333314	2	[1.0, 5.0]	1	temf_till
61.541666666666664	38.54166666666666	2	[1.0, 5.0]	1	temf_till
61.541666666666664	38.62499999999997	2	[1.0, 5.0]	1	temf_till
61.541666666666664	38.708333333333314	2	[1.0, 5.0]	1	temf_till
61.541666666666664	38.79166666666666	2	[1.0, 5.0]	1	temf_till
61.541666666666664	38.87499999999997	2	[1.0, 5.0]	1	temf_till
61.541666666666664	38.958333333333314	2	[1.0, 5.0]	1	temf_till
61.541666666666664	39.04166666666666	2	[1.0, 5.0]	1	temf_till
61.541666666666664	39.12499999999997	2	[1.0, 5.0]	1	temf_till
61.541666666666664	39.208333333333314	2	[1.0, 5.0]	1	temf_till
61.541666666666664	39.29166666666666	2	[1.0, 5.0]	1	temf_till
61.541666666666664	41.458333333333314	2	[1.0, 5.0]	1	temf_till
61.541666666666664	41.54166666666666	2	[1.0, 5.0]	1	temf_till
61.541666666666664	41.62499999999997	2	[1.0, 5.0]	1	temf_till
61.541666666666664	42.04166666666666	2	[1.0, 5.0]	1	temf_till
61.541666666666664	42.208333333333314	2	[1.0, 5.0]	1	temf_till
61.541666666666664	42.29166666666666	2	[1.0, 5.0]	1	temf_till
61.541666666666664	42.54166666666666	2	[1.0, 5.0]	1	temf_till
61.541666666666664	43.79166666666666	2	[1.0, 5.0]	1	temf_till
61.541666666666664	43.87499999999997	2	[1.0, 5.0]	1	temf_till
61.541666666666664	43.958333333333314	2	[1.0, 5.0]	1	temf_till
61.541666666666664	44.208333333333314	2	[1.0, 5.0]	1	temf_till
61.541666666666664	45.79166666666666	2	[1.0, 5.0]	1	temf_till
61.541666666666664	45.87499999999997	2	[1.0, 5.0]	1	temf_till
61.541666666666664	45.958333333333314	2	[1.0, 5.0]	1	temf_till
61.541666666666664	46.04166666666666	2	[1.0, 5.0]	1	temf_till
61.541666666666664	46.12499999999997	2	[1.0, 5.0]	1	temf_till
61.541666666666664	46.208333333333314	2	[1.0, 5.0]	1	temf_till
61.541666666666664	46.29166666666666	2	[1.0, 5.0]	1	temf_till
61.541666666666664	46.37499999999997	2	[1.0, 5.0]	1	temf_till
61.541666666666664	47.79166666666666	2	[1.0, 5.0]	1	temf_till
61.541666666666664	47.87499999999997	2	[1.0, 5.0]	1	temf_till
61.541666666666664	47.958333333333314	2	[1.0, 5.0]	1	temf_till
61.541666666666664	49.29166666666666	2	[1.0, 5.0]	1	temf_till
61.541666666666664	49.54166666666666	2	[1.0, 5.0]	1	temf_till
61.541666666666664	50.62499999999997	2	[1.0, 5.0]	1	temf_till
61.541666666666664	50.708333333333314	2	[1.0, 5.0]	1	temf_till
61.541666666666664	51.54166666666666	2	[1.0, 5.0]	1	temf_till
61.541666666666664	52.37499999999997	2	[1.0, 5.0]	1	temf_till
61.541666666666664	52.62499999999997	2	[1.0, 5.0]	1	temf_till
61.541666666666664	52.958333333333314	2	[1.0, 5.0]	1	temf_till
61.541666666666664	53.37499999999997	2	[1.0, 5.0]	1	temf_till
61.541666666666664	53.87499999999997	2	[1.0, 5.0]	1	temf_till
61.541666666666664	53.958333333333314	2	[1.0, 5.0]	1	temf_till
61.541666666666664	54.12499999999997	2	[1.0, 5.0]	1	temf_till
61.541666666666664	54.208333333333314	2	[1.0, 5.0]	1	temf_till
61.541666666666664	54.708333333333314	2	[1.0, 5.0]	1	temf_till
61.541666666666664	54.87499999999997	2	[1.0, 5.0]	1	temf_till
61.541666666666664	54.958333333333314	2	[1.0, 5.0]	1	temf_till
61.541666666666664	57.54166666666666	2	[1.0, 5.0]	1	temf_till
61.541666666666664	57.62499999999997	2	[1.0, 5.0]	1	temf_till
61.541666666666664	65.79166666666666	2	[1.0, 5.0]	1	temf_till
61.541666666666664	78.20833333333329	2	[1.0, 5.0]	1	temf_till
61.45833333333333	21.62499999999997	2	[1.0, 5.0]	1	temf_till
61.45833333333333	21.708333333333314	2	[1.0, 5.0]	1	temf_till
61.45833333333333	21.791666666666657	2	[1.0, 5.0]	1	temf_till
61.45833333333333	21.87499999999997	2	[1.0, 5.0]	1	temf_till
61.45833333333333	21.958333333333314	2	[1.0, 5.0]	1	temf_till
61.45833333333333	22.041666666666657	2	[1.0, 5.0]	1	temf_till
61.45833333333333	22.12499999999997	2	[1.0, 5.0]	1	temf_till
61.45833333333333	22.208333333333314	2	[1.0, 5.0]	1	temf_till
61.45833333333333	22.458333333333314	2	[1.0, 5.0]	1	temf_till
61.45833333333333	22.541666666666657	2	[1.0, 5.0]	1	temf_till
61.45833333333333	22.62499999999997	2	[1.0, 5.0]	1	temf_till
61.45833333333333	22.708333333333314	2	[1.0, 5.0]	1	temf_till
61.45833333333333	23.041666666666657	2	[1.0, 5.0]	1	temf_till
61.45833333333333	23.12499999999997	2	[1.0, 5.0]	1	temf_till
61.45833333333333	23.208333333333314	2	[1.0, 5.0]	1	temf_till
61.45833333333333	23.291666666666657	2	[1.0, 5.0]	1	temf_till
61.45833333333333	23.37499999999997	2	[1.0, 5.0]	1	temf_till
61.45833333333333	23.541666666666657	2	[1.0, 5.0]	1	temf_till
61.45833333333333	23.62499999999997	2	[1.0, 5.0]	1	temf_till
61.45833333333333	23.958333333333314	2	[1.0, 5.0]	1	temf_till
61.45833333333333	24.041666666666657	2	[1.0, 5.0]	1	temf_till
61.45833333333333	24.12499999999997	2	[1.0, 5.0]	1	temf_till
61.45833333333333	24.291666666666657	2	[1.0, 5.0]	1	temf_till
61.45833333333333	24.37499999999997	2	[1.0, 5.0]	1	temf_till
61.45833333333333	24.458333333333314	2	[1.0, 5.0]	1	temf_till
61.45833333333333	24.708333333333314	2	[1.0, 5.0]	1	temf_till
61.45833333333333	25.62499999999997	2	[1.0, 5.0]	1	temf_till
61.45833333333333	25.708333333333314	2	[1.0, 5.0]	1	temf_till
61.45833333333333	25.791666666666657	2	[1.0, 5.0]	1	temf_till
61.45833333333333	25.87499999999997	2	[1.0, 5.0]	1	temf_till
61.45833333333333	26.37499999999997	2	[1.0, 5.0]	1	temf_till
61.45833333333333	26.458333333333314	2	[1.0, 5.0]	1	temf_till
61.45833333333333	27.291666666666657	2	[1.0, 5.0]	1	temf_till
61.45833333333333	28.208333333333314	2	[1.0, 5.0]	1	temf_till
61.45833333333333	29.291666666666657	2	[1.0, 5.0]	1	temf_till
61.45833333333333	29.37499999999997	2	[1.0, 5.0]	1	temf_till
61.45833333333333	29.458333333333314	2	[1.0, 5.0]	1	temf_till
61.45833333333333	29.541666666666657	2	[1.0, 5.0]	1	temf_till
61.45833333333333	29.708333333333314	2	[1.0, 5.0]	1	temf_till
61.45833333333333	29.958333333333314	2	[1.0, 5.0]	1	temf_till
61.45833333333333	30.041666666666657	2	[1.0, 5.0]	1	temf_till
61.45833333333333	30.12499999999997	2	[1.0, 5.0]	1	temf_till
61.45833333333333	30.208333333333314	2	[1.0, 5.0]	1	temf_till
61.45833333333333	34.708333333333314	2	[1.0, 5.0]	1	temf_till
61.45833333333333	35.04166666666666	2	[1.0, 5.0]	1	temf_till
61.45833333333333	35.12499999999997	2	[1.0, 5.0]	1	temf_till
61.45833333333333	35.208333333333314	2	[1.0, 5.0]	1	temf_till
61.45833333333333	35.29166666666666	2	[1.0, 5.0]	1	temf_till
61.45833333333333	36.79166666666666	2	[1.0, 5.0]	1	temf_till
61.45833333333333	36.87499999999997	2	[1.0, 5.0]	1	temf_till
61.45833333333333	37.54166666666666	2	[1.0, 5.0]	1	temf_till
61.45833333333333	38.208333333333314	2	[1.0, 5.0]	1	temf_till
61.45833333333333	38.458333333333314	2	[1.0, 5.0]	1	temf_till
61.45833333333333	38.54166666666666	2	[1.0, 5.0]	1	temf_till
61.45833333333333	38.62499999999997	2	[1.0, 5.0]	1	temf_till
61.45833333333333	38.708333333333314	2	[1.0, 5.0]	1	temf_till
61.45833333333333	38.79166666666666	2	[1.0, 5.0]	1	temf_till
61.45833333333333	38.87499999999997	2	[1.0, 5.0]	1	temf_till
61.45833333333333	38.958333333333314	2	[1.0, 5.0]	1	temf_till
61.45833333333333	39.12499999999997	2	[1.0, 5.0]	1	temf_till
61.45833333333333	39.458333333333314	2	[1.0, 5.0]	1	temf_till
61.45833333333333	39.54166666666666	2	[1.0, 5.0]	1	temf_till
61.45833333333333	41.87499999999997	2	[1.0, 5.0]	1	temf_till
61.45833333333333	41.958333333333314	2	[1.0, 5.0]	1	temf_till
61.45833333333333	42.04166666666666	2	[1.0, 5.0]	1	temf_till
61.45833333333333	42.37499999999997	2	[1.0, 5.0]	1	temf_till
61.45833333333333	42.458333333333314	2	[1.0, 5.0]	1	temf_till
61.45833333333333	42.54166666666666	2	[1.0, 5.0]	1	temf_till
61.45833333333333	42.62499999999997	2	[1.0, 5.0]	1	temf_till
61.45833333333333	43.62499999999997	2	[1.0, 5.0]	1	temf_till
61.45833333333333	43.708333333333314	2	[1.0, 5.0]	1	temf_till
61.45833333333333	43.79166666666666	2	[1.0, 5.0]	1	temf_till
61.45833333333333	43.87499999999997	2	[1.0, 5.0]	1	temf_till
61.45833333333333	44.708333333333314	2	[1.0, 5.0]	1	temf_till
61.45833333333333	45.12499999999997	2	[1.0, 5.0]	1	temf_till
61.45833333333333	45.208333333333314	2	[1.0, 5.0]	1	temf_till
61.45833333333333	45.29166666666666	2	[1.0, 5.0]	1	temf_till
61.45833333333333	45.37499999999997	2	[1.0, 5.0]	1	temf_till
61.45833333333333	45.458333333333314	2	[1.0, 5.0]	1	temf_till
61.45833333333333	45.87499999999997	2	[1.0, 5.0]	1	temf_till
61.45833333333333	45.958333333333314	2	[1.0, 5.0]	1	temf_till
61.45833333333333	46.04166666666666	2	[1.0, 5.0]	1	temf_till
61.45833333333333	46.12499999999997	2	[1.0, 5.0]	1	temf_till
61.45833333333333	46.208333333333314	2	[1.0, 5.0]	1	temf_till
61.45833333333333	46.29166666666666	2	[1.0, 5.0]	1	temf_till
61.45833333333333	46.37499999999997	2	[1.0, 5.0]	1	temf_till
61.45833333333333	47.54166666666666	2	[1.0, 5.0]	1	temf_till
61.45833333333333	47.62499999999997	2	[1.0, 5.0]	1	temf_till
61.45833333333333	47.708333333333314	2	[1.0, 5.0]	1	temf_till
61.45833333333333	47.79166666666666	2	[1.0, 5.0]	1	temf_till
61.45833333333333	49.54166666666666	2	[1.0, 5.0]	1	temf_till
61.45833333333333	49.708333333333314	2	[1.0, 5.0]	1	temf_till
61.45833333333333	49.79166666666666	2	[1.0, 5.0]	1	temf_till
61.45833333333333	50.12499999999997	2	[1.0, 5.0]	1	temf_till
61.45833333333333	50.208333333333314	2	[1.0, 5.0]	1	temf_till
61.45833333333333	50.54166666666666	2	[1.0, 5.0]	1	temf_till
61.45833333333333	50.62499999999997	2	[1.0, 5.0]	1	temf_till
61.45833333333333	52.458333333333314	2	[1.0, 5.0]	1	temf_till
61.45833333333333	53.87499999999997	2	[1.0, 5.0]	1	temf_till
61.45833333333333	53.958333333333314	2	[1.0, 5.0]	1	temf_till
61.45833333333333	54.04166666666666	2	[1.0, 5.0]	1	temf_till
61.45833333333333	54.12499999999997	2	[1.0, 5.0]	1	temf_till
61.45833333333333	54.208333333333314	2	[1.0, 5.0]	1	temf_till
61.45833333333333	54.29166666666666	2	[1.0, 5.0]	1	temf_till
61.375	21.62499999999997	2	[1.0, 5.0]	1	temf_till
61.375	21.791666666666657	2	[1.0, 5.0]	1	temf_till
61.375	21.87499999999997	2	[1.0, 5.0]	1	temf_till
61.375	21.958333333333314	2	[1.0, 5.0]	1	temf_till
61.375	22.041666666666657	2	[1.0, 5.0]	1	temf_till
61.375	22.208333333333314	2	[1.0, 5.0]	1	temf_till
61.375	22.291666666666657	2	[1.0, 5.0]	1	temf_till
61.375	22.458333333333314	2	[1.0, 5.0]	1	temf_till
61.375	22.541666666666657	2	[1.0, 5.0]	1	temf_till
61.375	22.708333333333314	2	[1.0, 5.0]	1	temf_till
61.375	22.791666666666657	2	[1.0, 5.0]	1	temf_till
61.375	22.87499999999997	2	[1.0, 5.0]	1	temf_till
61.375	22.958333333333314	2	[1.0, 5.0]	1	temf_till
61.375	23.041666666666657	2	[1.0, 5.0]	1	temf_till
61.375	23.12499999999997	2	[1.0, 5.0]	1	temf_till
61.375	23.208333333333314	2	[1.0, 5.0]	1	temf_till
61.375	23.291666666666657	2	[1.0, 5.0]	1	temf_till
61.375	23.37499999999997	2	[1.0, 5.0]	1	temf_till
61.375	23.458333333333314	2	[1.0, 5.0]	1	temf_till
61.375	23.541666666666657	2	[1.0, 5.0]	1	temf_till
61.375	23.62499999999997	2	[1.0, 5.0]	1	temf_till
61.375	23.791666666666657	2	[1.0, 5.0]	1	temf_till
61.375	24.041666666666657	2	[1.0, 5.0]	1	temf_till
61.375	24.12499999999997	2	[1.0, 5.0]	1	temf_till
61.375	24.208333333333314	2	[1.0, 5.0]	1	temf_till
61.375	24.291666666666657	2	[1.0, 5.0]	1	temf_till
61.375	24.37499999999997	2	[1.0, 5.0]	1	temf_till
61.375	24.458333333333314	2	[1.0, 5.0]	1	temf_till
61.375	24.541666666666657	2	[1.0, 5.0]	1	temf_till
61.375	24.708333333333314	2	[1.0, 5.0]	1	temf_till
61.375	25.62499999999997	2	[1.0, 5.0]	1	temf_till
61.375	25.791666666666657	2	[1.0, 5.0]	1	temf_till
61.375	29.37499999999997	2	[1.0, 5.0]	1	temf_till
61.375	29.458333333333314	2	[1.0, 5.0]	1	temf_till
61.375	29.541666666666657	2	[1.0, 5.0]	1	temf_till
61.375	29.62499999999997	2	[1.0, 5.0]	1	temf_till
61.375	29.708333333333314	2	[1.0, 5.0]	1	temf_till
61.375	29.791666666666657	2	[1.0, 5.0]	1	temf_till
61.375	29.87499999999997	2	[1.0, 5.0]	1	temf_till
61.375	30.041666666666657	2	[1.0, 5.0]	1	temf_till
61.375	30.12499999999997	2	[1.0, 5.0]	1	temf_till
61.375	31.541666666666657	2	[1.0, 5.0]	1	temf_till
61.375	31.62499999999997	2	[1.0, 5.0]	1	temf_till
61.375	31.708333333333314	2	[1.0, 5.0]	1	temf_till
61.375	31.791666666666657	2	[1.0, 5.0]	1	temf_till
61.375	31.87499999999997	2	[1.0, 5.0]	1	temf_till
61.375	31.958333333333314	2	[1.0, 5.0]	1	temf_till
61.375	34.62499999999997	2	[1.0, 5.0]	1	temf_till
61.375	34.708333333333314	2	[1.0, 5.0]	1	temf_till
61.375	35.04166666666666	2	[1.0, 5.0]	1	temf_till
61.375	35.12499999999997	2	[1.0, 5.0]	1	temf_till
61.375	35.29166666666666	2	[1.0, 5.0]	1	temf_till
61.375	35.37499999999997	2	[1.0, 5.0]	1	temf_till
61.375	36.62499999999997	2	[1.0, 5.0]	1	temf_till
61.375	36.708333333333314	2	[1.0, 5.0]	1	temf_till
61.375	36.79166666666666	2	[1.0, 5.0]	1	temf_till
61.375	36.87499999999997	2	[1.0, 5.0]	1	temf_till
61.375	37.29166666666666	2	[1.0, 5.0]	1	temf_till
61.375	37.458333333333314	2	[1.0, 5.0]	1	temf_till
61.375	37.54166666666666	2	[1.0, 5.0]	1	temf_till
61.375	38.12499999999997	2	[1.0, 5.0]	1	temf_till
61.375	38.208333333333314	2	[1.0, 5.0]	1	temf_till
61.375	38.29166666666666	2	[1.0, 5.0]	1	temf_till
61.375	38.87499999999997	2	[1.0, 5.0]	1	temf_till
61.375	38.958333333333314	2	[1.0, 5.0]	1	temf_till
61.375	40.12499999999997	2	[1.0, 5.0]	1	temf_till
61.375	41.87499999999997	2	[1.0, 5.0]	1	temf_till
61.375	41.958333333333314	2	[1.0, 5.0]	1	temf_till
61.375	42.04166666666666	2	[1.0, 5.0]	1	temf_till
61.375	42.37499999999997	2	[1.0, 5.0]	1	temf_till
61.375	42.458333333333314	2	[1.0, 5.0]	1	temf_till
61.375	42.62499999999997	2	[1.0, 5.0]	1	temf_till
61.375	42.708333333333314	2	[1.0, 5.0]	1	temf_till
61.375	42.79166666666666	2	[1.0, 5.0]	1	temf_till
61.375	43.62499999999997	2	[1.0, 5.0]	1	temf_till
61.375	43.708333333333314	2	[1.0, 5.0]	1	temf_till
61.375	43.79166666666666	2	[1.0, 5.0]	1	temf_till
61.375	46.04166666666666	2	[1.0, 5.0]	1	temf_till
61.375	46.12499999999997	2	[1.0, 5.0]	1	temf_till
61.375	46.208333333333314	2	[1.0, 5.0]	1	temf_till
61.375	46.29166666666666	2	[1.0, 5.0]	1	temf_till
61.375	46.37499999999997	2	[1.0, 5.0]	1	temf_till
61.375	46.458333333333314	2	[1.0, 5.0]	1	temf_till
61.375	46.54166666666666	2	[1.0, 5.0]	1	temf_till
61.375	46.62499999999997	2	[1.0, 5.0]	1	temf_till
61.375	46.708333333333314	2	[1.0, 5.0]	1	temf_till
61.375	46.958333333333314	2	[1.0, 5.0]	1	temf_till
61.375	47.04166666666666	2	[1.0, 5.0]	1	temf_till
61.375	47.12499999999997	2	[1.0, 5.0]	1	temf_till
61.375	47.208333333333314	2	[1.0, 5.0]	1	temf_till
61.375	47.29166666666666	2	[1.0, 5.0]	1	temf_till
61.375	47.37499999999997	2	[1.0, 5.0]	1	temf_till
61.375	47.458333333333314	2	[1.0, 5.0]	1	temf_till
61.375	47.54166666666666	2	[1.0, 5.0]	1	temf_till
61.375	47.62499999999997	2	[1.0, 5.0]	1	temf_till
61.375	49.54166666666666	2	[1.0, 5.0]	1	temf_till
61.375	50.54166666666666	2	[1.0, 5.0]	1	temf_till
61.375	50.62499999999997	2	[1.0, 5.0]	1	temf_till
61.375	51.62499999999997	2	[1.0, 5.0]	1	temf_till
61.375	51.708333333333314	2	[1.0, 5.0]	1	temf_till
61.375	51.87499999999997	2	[1.0, 5.0]	1	temf_till
61.375	51.958333333333314	2	[1.0, 5.0]	1	temf_till
61.375	54.37499999999997	2	[1.0, 5.0]	1	temf_till
61.375	63.37499999999997	2	[1.0, 5.0]	1	temf_till
61.375	63.54166666666666	2	[1.0, 5.0]	1	temf_till
61.375	65.20833333333331	2	[1.0, 5.0]	1	temf_till
61.375	66.04166666666666	2	[1.0, 5.0]	1	temf_till
61.291666666666664	11.458333333333314	2	[1.0, 5.0]	1	temf_till
61.291666666666664	21.62499999999997	2	[1.0, 5.0]	1	temf_till
61.291666666666664	21.708333333333314	2	[1.0, 5.0]	1	temf_till
61.291666666666664	21.791666666666657	2	[1.0, 5.0]	1	temf_till
61.291666666666664	21.87499999999997	2	[1.0, 5.0]	1	temf_till
61.291666666666664	21.958333333333314	2	[1.0, 5.0]	1	temf_till
61.291666666666664	22.041666666666657	2	[1.0, 5.0]	1	temf_till
61.291666666666664	22.12499999999997	2	[1.0, 5.0]	1	temf_till
61.291666666666664	22.208333333333314	2	[1.0, 5.0]	1	temf_till
61.291666666666664	22.291666666666657	2	[1.0, 5.0]	1	temf_till
61.291666666666664	22.37499999999997	2	[1.0, 5.0]	1	temf_till
61.291666666666664	22.458333333333314	2	[1.0, 5.0]	1	temf_till
61.291666666666664	22.541666666666657	2	[1.0, 5.0]	1	temf_till
61.291666666666664	22.62499999999997	2	[1.0, 5.0]	1	temf_till
61.291666666666664	22.708333333333314	2	[1.0, 5.0]	1	temf_till
61.291666666666664	22.791666666666657	2	[1.0, 5.0]	1	temf_till
61.291666666666664	22.87499999999997	2	[1.0, 5.0]	1	temf_till
61.291666666666664	22.958333333333314	2	[1.0, 5.0]	1	temf_till
61.291666666666664	23.041666666666657	2	[1.0, 5.0]	1	temf_till
61.291666666666664	23.12499999999997	2	[1.0, 5.0]	1	temf_till
61.291666666666664	23.208333333333314	2	[1.0, 5.0]	1	temf_till
61.291666666666664	23.37499999999997	2	[1.0, 5.0]	1	temf_till
61.291666666666664	23.458333333333314	2	[1.0, 5.0]	1	temf_till
61.291666666666664	23.541666666666657	2	[1.0, 5.0]	1	temf_till
61.291666666666664	23.62499999999997	2	[1.0, 5.0]	1	temf_till
61.291666666666664	23.708333333333314	2	[1.0, 5.0]	1	temf_till
61.291666666666664	23.791666666666657	2	[1.0, 5.0]	1	temf_till
61.291666666666664	23.87499999999997	2	[1.0, 5.0]	1	temf_till
61.291666666666664	23.958333333333314	2	[1.0, 5.0]	1	temf_till
61.291666666666664	24.208333333333314	2	[1.0, 5.0]	1	temf_till
61.291666666666664	24.291666666666657	2	[1.0, 5.0]	1	temf_till
61.291666666666664	24.37499999999997	2	[1.0, 5.0]	1	temf_till
61.291666666666664	24.458333333333314	2	[1.0, 5.0]	1	temf_till
61.291666666666664	24.541666666666657	2	[1.0, 5.0]	1	temf_till
61.291666666666664	25.37499999999997	2	[1.0, 5.0]	1	temf_till
61.291666666666664	25.62499999999997	2	[1.0, 5.0]	1	temf_till
61.291666666666664	25.708333333333314	2	[1.0, 5.0]	1	temf_till
61.291666666666664	27.208333333333314	2	[1.0, 5.0]	1	temf_till
61.291666666666664	28.62499999999997	2	[1.0, 5.0]	1	temf_till
61.291666666666664	29.041666666666657	2	[1.0, 5.0]	1	temf_till
61.291666666666664	29.12499999999997	2	[1.0, 5.0]	1	temf_till
61.291666666666664	29.291666666666657	2	[1.0, 5.0]	1	temf_till
61.291666666666664	29.37499999999997	2	[1.0, 5.0]	1	temf_till
61.291666666666664	29.458333333333314	2	[1.0, 5.0]	1	temf_till
61.291666666666664	29.62499999999997	2	[1.0, 5.0]	1	temf_till
61.291666666666664	29.708333333333314	2	[1.0, 5.0]	1	temf_till
61.291666666666664	29.791666666666657	2	[1.0, 5.0]	1	temf_till
61.291666666666664	29.87499999999997	2	[1.0, 5.0]	1	temf_till
61.291666666666664	29.958333333333314	2	[1.0, 5.0]	1	temf_till
61.291666666666664	30.041666666666657	2	[1.0, 5.0]	1	temf_till
61.291666666666664	30.12499999999997	2	[1.0, 5.0]	1	temf_till
61.291666666666664	31.958333333333314	2	[1.0, 5.0]	1	temf_till
61.291666666666664	32.04166666666666	2	[1.0, 5.0]	1	temf_till
61.291666666666664	32.12499999999997	2	[1.0, 5.0]	1	temf_till
61.291666666666664	32.208333333333314	2	[1.0, 5.0]	1	temf_till
61.291666666666664	32.458333333333314	2	[1.0, 5.0]	1	temf_till
61.291666666666664	32.958333333333314	2	[1.0, 5.0]	1	temf_till
61.291666666666664	34.37499999999997	2	[1.0, 5.0]	1	temf_till
61.291666666666664	35.208333333333314	2	[1.0, 5.0]	1	temf_till
61.291666666666664	35.29166666666666	2	[1.0, 5.0]	1	temf_till
61.291666666666664	35.37499999999997	2	[1.0, 5.0]	1	temf_till
61.291666666666664	35.54166666666666	2	[1.0, 5.0]	1	temf_till
61.291666666666664	36.37499999999997	2	[1.0, 5.0]	1	temf_till
61.291666666666664	36.458333333333314	2	[1.0, 5.0]	1	temf_till
61.291666666666664	36.54166666666666	2	[1.0, 5.0]	1	temf_till
61.291666666666664	36.62499999999997	2	[1.0, 5.0]	1	temf_till
61.291666666666664	36.708333333333314	2	[1.0, 5.0]	1	temf_till
61.291666666666664	36.79166666666666	2	[1.0, 5.0]	1	temf_till
61.291666666666664	36.87499999999997	2	[1.0, 5.0]	1	temf_till
61.291666666666664	37.458333333333314	2	[1.0, 5.0]	1	temf_till
61.291666666666664	37.62499999999997	2	[1.0, 5.0]	1	temf_till
61.291666666666664	37.87499999999997	2	[1.0, 5.0]	1	temf_till
61.291666666666664	38.458333333333314	2	[1.0, 5.0]	1	temf_till
61.291666666666664	38.54166666666666	2	[1.0, 5.0]	1	temf_till
61.291666666666664	38.62499999999997	2	[1.0, 5.0]	1	temf_till
61.291666666666664	38.87499999999997	2	[1.0, 5.0]	1	temf_till
61.291666666666664	38.958333333333314	2	[1.0, 5.0]	1	temf_till
61.291666666666664	40.37499999999997	2	[1.0, 5.0]	1	temf_till
61.291666666666664	40.79166666666666	2	[1.0, 5.0]	1	temf_till
61.291666666666664	41.37499999999997	2	[1.0, 5.0]	1	temf_till
61.291666666666664	41.87499999999997	2	[1.0, 5.0]	1	temf_till
61.291666666666664	41.958333333333314	2	[1.0, 5.0]	1	temf_till
61.291666666666664	42.12499999999997	2	[1.0, 5.0]	1	temf_till
61.291666666666664	42.37499999999997	2	[1.0, 5.0]	1	temf_till
61.291666666666664	42.458333333333314	2	[1.0, 5.0]	1	temf_till
61.291666666666664	42.62499999999997	2	[1.0, 5.0]	1	temf_till
61.291666666666664	42.708333333333314	2	[1.0, 5.0]	1	temf_till
61.291666666666664	43.54166666666666	2	[1.0, 5.0]	1	temf_till
61.291666666666664	43.62499999999997	2	[1.0, 5.0]	1	temf_till
61.291666666666664	43.708333333333314	2	[1.0, 5.0]	1	temf_till
61.291666666666664	43.79166666666666	2	[1.0, 5.0]	1	temf_till
61.291666666666664	44.12499999999997	2	[1.0, 5.0]	1	temf_till
61.291666666666664	44.62499999999997	2	[1.0, 5.0]	1	temf_till
61.291666666666664	44.708333333333314	2	[1.0, 5.0]	1	temf_till
61.291666666666664	45.04166666666666	2	[1.0, 5.0]	1	temf_till
61.291666666666664	46.458333333333314	2	[1.0, 5.0]	1	temf_till
61.291666666666664	46.54166666666666	2	[1.0, 5.0]	1	temf_till
61.291666666666664	46.62499999999997	2	[1.0, 5.0]	1	temf_till
61.291666666666664	46.708333333333314	2	[1.0, 5.0]	1	temf_till
61.291666666666664	46.79166666666666	2	[1.0, 5.0]	1	temf_till
61.291666666666664	46.87499999999997	2	[1.0, 5.0]	1	temf_till
61.291666666666664	46.958333333333314	2	[1.0, 5.0]	1	temf_till
61.291666666666664	47.04166666666666	2	[1.0, 5.0]	1	temf_till
61.291666666666664	47.12499999999997	2	[1.0, 5.0]	1	temf_till
61.291666666666664	47.208333333333314	2	[1.0, 5.0]	1	temf_till
61.291666666666664	47.29166666666666	2	[1.0, 5.0]	1	temf_till
61.291666666666664	47.37499999999997	2	[1.0, 5.0]	1	temf_till
61.291666666666664	47.458333333333314	2	[1.0, 5.0]	1	temf_till
61.291666666666664	47.54166666666666	2	[1.0, 5.0]	1	temf_till
61.291666666666664	47.62499999999997	2	[1.0, 5.0]	1	temf_till
61.291666666666664	47.708333333333314	2	[1.0, 5.0]	1	temf_till
61.291666666666664	47.79166666666666	2	[1.0, 5.0]	1	temf_till
61.291666666666664	48.29166666666666	2	[1.0, 5.0]	1	temf_till
61.291666666666664	48.37499999999997	2	[1.0, 5.0]	1	temf_till
61.291666666666664	48.62499999999997	2	[1.0, 5.0]	1	temf_till
61.291666666666664	48.708333333333314	2	[1.0, 5.0]	1	temf_till
61.291666666666664	49.458333333333314	2	[1.0, 5.0]	1	temf_till
61.291666666666664	49.79166666666666	2	[1.0, 5.0]	1	temf_till
61.291666666666664	50.12499999999997	2	[1.0, 5.0]	1	temf_till
61.291666666666664	50.54166666666666	2	[1.0, 5.0]	1	temf_till
61.291666666666664	50.62499999999997	2	[1.0, 5.0]	1	temf_till
61.291666666666664	53.54166666666666	2	[1.0, 5.0]	1	temf_till
61.291666666666664	54.37499999999997	2	[1.0, 5.0]	1	temf_till
61.291666666666664	55.04166666666666	2	[1.0, 5.0]	1	temf_till
61.291666666666664	55.12499999999997	2	[1.0, 5.0]	1	temf_till
61.291666666666664	63.37499999999997	2	[1.0, 5.0]	1	temf_till
61.291666666666664	73.29166666666666	2	[1.0, 5.0]	1	temf_till
61.20833333333333	21.62499999999997	2	[1.0, 5.0]	1	temf_till
61.20833333333333	21.708333333333314	2	[1.0, 5.0]	1	temf_till
61.20833333333333	21.791666666666657	2	[1.0, 5.0]	1	temf_till
61.20833333333333	21.87499999999997	2	[1.0, 5.0]	1	temf_till
61.20833333333333	21.958333333333314	2	[1.0, 5.0]	1	temf_till
61.20833333333333	22.041666666666657	2	[1.0, 5.0]	1	temf_till
61.20833333333333	22.12499999999997	2	[1.0, 5.0]	1	temf_till
61.20833333333333	22.208333333333314	2	[1.0, 5.0]	1	temf_till
61.20833333333333	22.291666666666657	2	[1.0, 5.0]	1	temf_till
61.20833333333333	22.37499999999997	2	[1.0, 5.0]	1	temf_till
61.20833333333333	22.458333333333314	2	[1.0, 5.0]	1	temf_till
61.20833333333333	22.541666666666657	2	[1.0, 5.0]	1	temf_till
61.20833333333333	22.62499999999997	2	[1.0, 5.0]	1	temf_till
61.20833333333333	22.708333333333314	2	[1.0, 5.0]	1	temf_till
61.20833333333333	22.791666666666657	2	[1.0, 5.0]	1	temf_till
61.20833333333333	22.87499999999997	2	[1.0, 5.0]	1	temf_till
61.20833333333333	22.958333333333314	2	[1.0, 5.0]	1	temf_till
61.20833333333333	23.041666666666657	2	[1.0, 5.0]	1	temf_till
61.20833333333333	23.12499999999997	2	[1.0, 5.0]	1	temf_till
61.20833333333333	23.208333333333314	2	[1.0, 5.0]	1	temf_till
61.20833333333333	23.291666666666657	2	[1.0, 5.0]	1	temf_till
61.20833333333333	23.458333333333314	2	[1.0, 5.0]	1	temf_till
61.20833333333333	23.541666666666657	2	[1.0, 5.0]	1	temf_till
61.20833333333333	23.708333333333314	2	[1.0, 5.0]	1	temf_till
61.20833333333333	23.791666666666657	2	[1.0, 5.0]	1	temf_till
61.20833333333333	23.87499999999997	2	[1.0, 5.0]	1	temf_till
61.20833333333333	23.958333333333314	2	[1.0, 5.0]	1	temf_till
61.20833333333333	24.041666666666657	2	[1.0, 5.0]	1	temf_till
61.20833333333333	24.12499999999997	2	[1.0, 5.0]	1	temf_till
61.20833333333333	24.208333333333314	2	[1.0, 5.0]	1	temf_till
61.20833333333333	24.291666666666657	2	[1.0, 5.0]	1	temf_till
61.20833333333333	24.37499999999997	2	[1.0, 5.0]	1	temf_till
61.20833333333333	24.458333333333314	2	[1.0, 5.0]	1	temf_till
61.20833333333333	24.541666666666657	2	[1.0, 5.0]	1	temf_till
61.20833333333333	24.62499999999997	2	[1.0, 5.0]	1	temf_till
61.20833333333333	24.708333333333314	2	[1.0, 5.0]	1	temf_till
61.20833333333333	25.37499999999997	2	[1.0, 5.0]	1	temf_till
61.20833333333333	25.458333333333314	2	[1.0, 5.0]	1	temf_till
61.20833333333333	27.791666666666657	2	[1.0, 5.0]	1	temf_till
61.20833333333333	27.87499999999997	2	[1.0, 5.0]	1	temf_till
61.20833333333333	27.958333333333314	2	[1.0, 5.0]	1	temf_till
61.20833333333333	28.041666666666657	2	[1.0, 5.0]	1	temf_till
61.20833333333333	28.87499999999997	2	[1.0, 5.0]	1	temf_till
61.20833333333333	29.12499999999997	2	[1.0, 5.0]	1	temf_till
61.20833333333333	29.541666666666657	2	[1.0, 5.0]	1	temf_till
61.20833333333333	29.708333333333314	2	[1.0, 5.0]	1	temf_till
61.20833333333333	29.791666666666657	2	[1.0, 5.0]	1	temf_till
61.20833333333333	29.87499999999997	2	[1.0, 5.0]	1	temf_till
61.20833333333333	32.37499999999997	2	[1.0, 5.0]	1	temf_till
61.20833333333333	32.458333333333314	2	[1.0, 5.0]	1	temf_till
61.20833333333333	32.708333333333314	2	[1.0, 5.0]	1	temf_till
61.20833333333333	33.04166666666666	2	[1.0, 5.0]	1	temf_till
61.20833333333333	34.37499999999997	2	[1.0, 5.0]	1	temf_till
61.20833333333333	36.54166666666666	2	[1.0, 5.0]	1	temf_till
61.20833333333333	36.62499999999997	2	[1.0, 5.0]	1	temf_till
61.20833333333333	36.708333333333314	2	[1.0, 5.0]	1	temf_till
61.20833333333333	36.79166666666666	2	[1.0, 5.0]	1	temf_till
61.20833333333333	36.87499999999997	2	[1.0, 5.0]	1	temf_till
61.20833333333333	37.458333333333314	2	[1.0, 5.0]	1	temf_till
61.20833333333333	37.87499999999997	2	[1.0, 5.0]	1	temf_till
61.20833333333333	38.458333333333314	2	[1.0, 5.0]	1	temf_till
61.20833333333333	38.54166666666666	2	[1.0, 5.0]	1	temf_till
61.20833333333333	38.62499999999997	2	[1.0, 5.0]	1	temf_till
61.20833333333333	38.79166666666666	2	[1.0, 5.0]	1	temf_till
61.20833333333333	38.87499999999997	2	[1.0, 5.0]	1	temf_till
61.20833333333333	38.958333333333314	2	[1.0, 5.0]	1	temf_till
61.20833333333333	39.04166666666666	2	[1.0, 5.0]	1	temf_till
61.20833333333333	39.87499999999997	2	[1.0, 5.0]	1	temf_till
61.20833333333333	40.208333333333314	2	[1.0, 5.0]	1	temf_till
61.20833333333333	40.29166666666666	2	[1.0, 5.0]	1	temf_till
61.20833333333333	40.37499999999997	2	[1.0, 5.0]	1	temf_till
61.20833333333333	40.458333333333314	2	[1.0, 5.0]	1	temf_till
61.20833333333333	40.708333333333314	2	[1.0, 5.0]	1	temf_till
61.20833333333333	40.79166666666666	2	[1.0, 5.0]	1	temf_till
61.20833333333333	41.29166666666666	2	[1.0, 5.0]	1	temf_till
61.20833333333333	41.37499999999997	2	[1.0, 5.0]	1	temf_till
61.20833333333333	41.458333333333314	2	[1.0, 5.0]	1	temf_till
61.20833333333333	41.54166666666666	2	[1.0, 5.0]	1	temf_till
61.20833333333333	41.62499999999997	2	[1.0, 5.0]	1	temf_till
61.20833333333333	41.708333333333314	2	[1.0, 5.0]	1	temf_till
61.20833333333333	41.79166666666666	2	[1.0, 5.0]	1	temf_till
61.20833333333333	41.87499999999997	2	[1.0, 5.0]	1	temf_till
61.20833333333333	41.958333333333314	2	[1.0, 5.0]	1	temf_till
61.20833333333333	42.958333333333314	2	[1.0, 5.0]	1	temf_till
61.20833333333333	43.04166666666666	2	[1.0, 5.0]	1	temf_till
61.20833333333333	43.54166666666666	2	[1.0, 5.0]	1	temf_till
61.20833333333333	43.62499999999997	2	[1.0, 5.0]	1	temf_till
61.20833333333333	43.708333333333314	2	[1.0, 5.0]	1	temf_till
61.20833333333333	44.458333333333314	2	[1.0, 5.0]	1	temf_till
61.20833333333333	44.54166666666666	2	[1.0, 5.0]	1	temf_till
61.20833333333333	44.62499999999997	2	[1.0, 5.0]	1	temf_till
61.20833333333333	44.708333333333314	2	[1.0, 5.0]	1	temf_till
61.20833333333333	44.79166666666666	2	[1.0, 5.0]	1	temf_till
61.20833333333333	44.87499999999997	2	[1.0, 5.0]	1	temf_till
61.20833333333333	44.958333333333314	2	[1.0, 5.0]	1	temf_till
61.20833333333333	45.04166666666666	2	[1.0, 5.0]	1	temf_till
61.20833333333333	46.208333333333314	2	[1.0, 5.0]	1	temf_till
61.20833333333333	46.29166666666666	2	[1.0, 5.0]	1	temf_till
61.20833333333333	46.37499999999997	2	[1.0, 5.0]	1	temf_till
61.20833333333333	46.458333333333314	2	[1.0, 5.0]	1	temf_till
61.20833333333333	46.54166666666666	2	[1.0, 5.0]	1	temf_till
61.20833333333333	46.62499999999997	2	[1.0, 5.0]	1	temf_till
61.20833333333333	47.54166666666666	2	[1.0, 5.0]	1	temf_till
61.20833333333333	47.62499999999997	2	[1.0, 5.0]	1	temf_till
61.20833333333333	47.708333333333314	2	[1.0, 5.0]	1	temf_till
61.20833333333333	47.79166666666666	2	[1.0, 5.0]	1	temf_till
61.20833333333333	47.87499999999997	2	[1.0, 5.0]	1	temf_till
61.20833333333333	48.208333333333314	2	[1.0, 5.0]	1	temf_till
61.20833333333333	48.29166666666666	2	[1.0, 5.0]	1	temf_till
61.20833333333333	48.37499999999997	2	[1.0, 5.0]	1	temf_till
61.20833333333333	50.12499999999997	2	[1.0, 5.0]	1	temf_till
61.20833333333333	50.208333333333314	2	[1.0, 5.0]	1	temf_till
61.20833333333333	50.54166666666666	2	[1.0, 5.0]	1	temf_till
61.20833333333333	50.62499999999997	2	[1.0, 5.0]	1	temf_till
61.20833333333333	51.62499999999997	2	[1.0, 5.0]	1	temf_till
61.20833333333333	53.708333333333314	2	[1.0, 5.0]	1	temf_till
61.20833333333333	53.79166666666666	2	[1.0, 5.0]	1	temf_till
61.20833333333333	54.12499999999997	2	[1.0, 5.0]	1	temf_till
61.20833333333333	54.208333333333314	2	[1.0, 5.0]	1	temf_till
61.20833333333333	54.958333333333314	2	[1.0, 5.0]	1	temf_till
61.20833333333333	56.79166666666666	2	[1.0, 5.0]	1	temf_till
61.20833333333333	56.87499999999997	2	[1.0, 5.0]	1	temf_till
61.20833333333333	62.79166666666666	2	[1.0, 5.0]	1	temf_till
61.20833333333333	73.45833333333331	2	[1.0, 5.0]	1	temf_till
61.125	21.541666666666657	2	[1.0, 5.0]	1	temf_till
61.125	21.62499999999997	2	[1.0, 5.0]	1	temf_till
61.125	21.708333333333314	2	[1.0, 5.0]	1	temf_till
61.125	21.791666666666657	2	[1.0, 5.0]	1	temf_till
61.125	21.958333333333314	2	[1.0, 5.0]	1	temf_till
61.125	22.041666666666657	2	[1.0, 5.0]	1	temf_till
61.125	22.12499999999997	2	[1.0, 5.0]	1	temf_till
61.125	22.291666666666657	2	[1.0, 5.0]	1	temf_till
61.125	22.37499999999997	2	[1.0, 5.0]	1	temf_till
61.125	22.62499999999997	2	[1.0, 5.0]	1	temf_till
61.125	22.708333333333314	2	[1.0, 5.0]	1	temf_till
61.125	22.791666666666657	2	[1.0, 5.0]	1	temf_till
61.125	22.87499999999997	2	[1.0, 5.0]	1	temf_till
61.125	22.958333333333314	2	[1.0, 5.0]	1	temf_till
61.125	23.041666666666657	2	[1.0, 5.0]	1	temf_till
61.125	23.12499999999997	2	[1.0, 5.0]	1	temf_till
61.125	23.208333333333314	2	[1.0, 5.0]	1	temf_till
61.125	23.291666666666657	2	[1.0, 5.0]	1	temf_till
61.125	23.37499999999997	2	[1.0, 5.0]	1	temf_till
61.125	23.458333333333314	2	[1.0, 5.0]	1	temf_till
61.125	23.541666666666657	2	[1.0, 5.0]	1	temf_till
61.125	23.62499999999997	2	[1.0, 5.0]	1	temf_till
61.125	23.708333333333314	2	[1.0, 5.0]	1	temf_till
61.125	23.791666666666657	2	[1.0, 5.0]	1	temf_till
61.125	23.87499999999997	2	[1.0, 5.0]	1	temf_till
61.125	23.958333333333314	2	[1.0, 5.0]	1	temf_till
61.125	24.041666666666657	2	[1.0, 5.0]	1	temf_till
61.125	24.12499999999997	2	[1.0, 5.0]	1	temf_till
61.125	24.208333333333314	2	[1.0, 5.0]	1	temf_till
61.125	24.291666666666657	2	[1.0, 5.0]	1	temf_till
61.125	24.37499999999997	2	[1.0, 5.0]	1	temf_till
61.125	24.458333333333314	2	[1.0, 5.0]	1	temf_till
61.125	24.541666666666657	2	[1.0, 5.0]	1	temf_till
61.125	24.62499999999997	2	[1.0, 5.0]	1	temf_till
61.125	24.708333333333314	2	[1.0, 5.0]	1	temf_till
61.125	24.791666666666657	2	[1.0, 5.0]	1	temf_till
61.125	24.87499999999997	2	[1.0, 5.0]	1	temf_till
61.125	24.958333333333314	2	[1.0, 5.0]	1	temf_till
61.125	25.041666666666657	2	[1.0, 5.0]	1	temf_till
61.125	25.12499999999997	2	[1.0, 5.0]	1	temf_till
61.125	25.208333333333314	2	[1.0, 5.0]	1	temf_till
61.125	25.291666666666657	2	[1.0, 5.0]	1	temf_till
61.125	25.37499999999997	2	[1.0, 5.0]	1	temf_till
61.125	25.541666666666657	2	[1.0, 5.0]	1	temf_till
61.125	25.62499999999997	2	[1.0, 5.0]	1	temf_till
61.125	25.708333333333314	2	[1.0, 5.0]	1	temf_till
61.125	25.791666666666657	2	[1.0, 5.0]	1	temf_till
61.125	25.958333333333314	2	[1.0, 5.0]	1	temf_till
61.125	27.458333333333314	2	[1.0, 5.0]	1	temf_till
61.125	27.541666666666657	2	[1.0, 5.0]	1	temf_till
61.125	27.62499999999997	2	[1.0, 5.0]	1	temf_till
61.125	27.708333333333314	2	[1.0, 5.0]	1	temf_till
61.125	27.791666666666657	2	[1.0, 5.0]	1	temf_till
61.125	27.87499999999997	2	[1.0, 5.0]	1	temf_till
61.125	28.37499999999997	2	[1.0, 5.0]	1	temf_till
61.125	28.458333333333314	2	[1.0, 5.0]	1	temf_till
61.125	28.541666666666657	2	[1.0, 5.0]	1	temf_till
61.125	28.62499999999997	2	[1.0, 5.0]	1	temf_till
61.125	28.708333333333314	2	[1.0, 5.0]	1	temf_till
61.125	28.791666666666657	2	[1.0, 5.0]	1	temf_till
61.125	28.87499999999997	2	[1.0, 5.0]	1	temf_till
61.125	28.958333333333314	2	[1.0, 5.0]	1	temf_till
61.125	29.291666666666657	2	[1.0, 5.0]	1	temf_till
61.125	29.708333333333314	2	[1.0, 5.0]	1	temf_till
61.125	29.791666666666657	2	[1.0, 5.0]	1	temf_till
61.125	32.62499999999997	2	[1.0, 5.0]	1	temf_till
61.125	32.708333333333314	2	[1.0, 5.0]	1	temf_till
61.125	32.79166666666666	2	[1.0, 5.0]	1	temf_till
61.125	34.54166666666666	2	[1.0, 5.0]	1	temf_till
61.125	36.708333333333314	2	[1.0, 5.0]	1	temf_till
61.125	36.79166666666666	2	[1.0, 5.0]	1	temf_till
61.125	36.87499999999997	2	[1.0, 5.0]	1	temf_till
61.125	36.958333333333314	2	[1.0, 5.0]	1	temf_till
61.125	37.54166666666666	2	[1.0, 5.0]	1	temf_till
61.125	37.62499999999997	2	[1.0, 5.0]	1	temf_till
61.125	37.79166666666666	2	[1.0, 5.0]	1	temf_till
61.125	38.37499999999997	2	[1.0, 5.0]	1	temf_till
61.125	38.54166666666666	2	[1.0, 5.0]	1	temf_till
61.125	38.62499999999997	2	[1.0, 5.0]	1	temf_till
61.125	38.708333333333314	2	[1.0, 5.0]	1	temf_till
61.125	38.79166666666666	2	[1.0, 5.0]	1	temf_till
61.125	38.958333333333314	2	[1.0, 5.0]	1	temf_till
61.125	40.208333333333314	2	[1.0, 5.0]	1	temf_till
61.125	40.708333333333314	2	[1.0, 5.0]	1	temf_till
61.125	40.79166666666666	2	[1.0, 5.0]	1	temf_till
61.125	40.87499999999997	2	[1.0, 5.0]	1	temf_till
61.125	40.958333333333314	2	[1.0, 5.0]	1	temf_till
61.125	41.04166666666666	2	[1.0, 5.0]	1	temf_till
61.125	41.12499999999997	2	[1.0, 5.0]	1	temf_till
61.125	41.208333333333314	2	[1.0, 5.0]	1	temf_till
61.125	41.29166666666666	2	[1.0, 5.0]	1	temf_till
61.125	41.37499999999997	2	[1.0, 5.0]	1	temf_till
61.125	41.54166666666666	2	[1.0, 5.0]	1	temf_till
61.125	41.708333333333314	2	[1.0, 5.0]	1	temf_till
61.125	41.79166666666666	2	[1.0, 5.0]	1	temf_till
61.125	41.87499999999997	2	[1.0, 5.0]	1	temf_till
61.125	41.958333333333314	2	[1.0, 5.0]	1	temf_till
61.125	42.04166666666666	2	[1.0, 5.0]	1	temf_till
61.125	42.12499999999997	2	[1.0, 5.0]	1	temf_till
61.125	42.208333333333314	2	[1.0, 5.0]	1	temf_till
61.125	42.79166666666666	2	[1.0, 5.0]	1	temf_till
61.125	42.87499999999997	2	[1.0, 5.0]	1	temf_till
61.125	43.208333333333314	2	[1.0, 5.0]	1	temf_till
61.125	43.29166666666666	2	[1.0, 5.0]	1	temf_till
61.125	43.37499999999997	2	[1.0, 5.0]	1	temf_till
61.125	43.458333333333314	2	[1.0, 5.0]	1	temf_till
61.125	43.54166666666666	2	[1.0, 5.0]	1	temf_till
61.125	43.62499999999997	2	[1.0, 5.0]	1	temf_till
61.125	44.79166666666666	2	[1.0, 5.0]	1	temf_till
61.125	45.87499999999997	2	[1.0, 5.0]	1	temf_till
61.125	45.958333333333314	2	[1.0, 5.0]	1	temf_till
61.125	46.208333333333314	2	[1.0, 5.0]	1	temf_till
61.125	46.29166666666666	2	[1.0, 5.0]	1	temf_till
61.125	46.37499999999997	2	[1.0, 5.0]	1	temf_till
61.125	46.458333333333314	2	[1.0, 5.0]	1	temf_till
61.125	46.54166666666666	2	[1.0, 5.0]	1	temf_till
61.125	46.62499999999997	2	[1.0, 5.0]	1	temf_till
61.125	46.708333333333314	2	[1.0, 5.0]	1	temf_till
61.125	47.79166666666666	2	[1.0, 5.0]	1	temf_till
61.125	47.87499999999997	2	[1.0, 5.0]	1	temf_till
61.125	47.958333333333314	2	[1.0, 5.0]	1	temf_till
61.125	48.04166666666666	2	[1.0, 5.0]	1	temf_till
61.125	48.12499999999997	2	[1.0, 5.0]	1	temf_till
61.125	48.208333333333314	2	[1.0, 5.0]	1	temf_till
61.125	48.29166666666666	2	[1.0, 5.0]	1	temf_till
61.125	48.37499999999997	2	[1.0, 5.0]	1	temf_till
61.125	50.12499999999997	2	[1.0, 5.0]	1	temf_till
61.125	50.208333333333314	2	[1.0, 5.0]	1	temf_till
61.125	50.29166666666666	2	[1.0, 5.0]	1	temf_till
61.125	50.37499999999997	2	[1.0, 5.0]	1	temf_till
61.125	50.458333333333314	2	[1.0, 5.0]	1	temf_till
61.125	50.62499999999997	2	[1.0, 5.0]	1	temf_till
61.125	51.458333333333314	2	[1.0, 5.0]	1	temf_till
61.125	51.62499999999997	2	[1.0, 5.0]	1	temf_till
61.125	51.708333333333314	2	[1.0, 5.0]	1	temf_till
61.125	55.04166666666666	2	[1.0, 5.0]	1	temf_till
61.125	56.79166666666666	2	[1.0, 5.0]	1	temf_till
61.125	56.87499999999997	2	[1.0, 5.0]	1	temf_till
61.041666666666664	21.458333333333314	2	[1.0, 5.0]	1	temf_till
61.041666666666664	21.541666666666657	2	[1.0, 5.0]	1	temf_till
61.041666666666664	21.62499999999997	2	[1.0, 5.0]	1	temf_till
61.041666666666664	21.708333333333314	2	[1.0, 5.0]	1	temf_till
61.041666666666664	21.791666666666657	2	[1.0, 5.0]	1	temf_till
61.041666666666664	21.958333333333314	2	[1.0, 5.0]	1	temf_till
61.041666666666664	22.041666666666657	2	[1.0, 5.0]	1	temf_till
61.041666666666664	22.12499999999997	2	[1.0, 5.0]	1	temf_till
61.041666666666664	22.37499999999997	2	[1.0, 5.0]	1	temf_till
61.041666666666664	22.541666666666657	2	[1.0, 5.0]	1	temf_till
61.041666666666664	22.62499999999997	2	[1.0, 5.0]	1	temf_till
61.041666666666664	22.708333333333314	2	[1.0, 5.0]	1	temf_till
61.041666666666664	22.791666666666657	2	[1.0, 5.0]	1	temf_till
61.041666666666664	22.87499999999997	2	[1.0, 5.0]	1	temf_till
61.041666666666664	22.958333333333314	2	[1.0, 5.0]	1	temf_till
61.041666666666664	23.041666666666657	2	[1.0, 5.0]	1	temf_till
61.041666666666664	23.12499999999997	2	[1.0, 5.0]	1	temf_till
61.041666666666664	23.208333333333314	2	[1.0, 5.0]	1	temf_till
61.041666666666664	23.291666666666657	2	[1.0, 5.0]	1	temf_till
61.041666666666664	23.37499999999997	2	[1.0, 5.0]	1	temf_till
61.041666666666664	23.458333333333314	2	[1.0, 5.0]	1	temf_till
61.041666666666664	23.541666666666657	2	[1.0, 5.0]	1	temf_till
61.041666666666664	23.62499999999997	2	[1.0, 5.0]	1	temf_till
61.041666666666664	23.708333333333314	2	[1.0, 5.0]	1	temf_till
61.041666666666664	23.791666666666657	2	[1.0, 5.0]	1	temf_till
61.041666666666664	23.87499999999997	2	[1.0, 5.0]	1	temf_till
61.041666666666664	24.208333333333314	2	[1.0, 5.0]	1	temf_till
61.041666666666664	24.291666666666657	2	[1.0, 5.0]	1	temf_till
61.041666666666664	24.37499999999997	2	[1.0, 5.0]	1	temf_till
61.041666666666664	24.458333333333314	2	[1.0, 5.0]	1	temf_till
61.041666666666664	24.87499999999997	2	[1.0, 5.0]	1	temf_till
61.041666666666664	24.958333333333314	2	[1.0, 5.0]	1	temf_till
61.041666666666664	25.041666666666657	2	[1.0, 5.0]	1	temf_till
61.041666666666664	25.12499999999997	2	[1.0, 5.0]	1	temf_till
61.041666666666664	25.208333333333314	2	[1.0, 5.0]	1	temf_till
61.041666666666664	25.291666666666657	2	[1.0, 5.0]	1	temf_till
61.041666666666664	25.37499999999997	2	[1.0, 5.0]	1	temf_till
61.041666666666664	25.458333333333314	2	[1.0, 5.0]	1	temf_till
61.041666666666664	25.541666666666657	2	[1.0, 5.0]	1	temf_till
61.041666666666664	25.791666666666657	2	[1.0, 5.0]	1	temf_till
61.041666666666664	25.958333333333314	2	[1.0, 5.0]	1	temf_till
61.041666666666664	26.041666666666657	2	[1.0, 5.0]	1	temf_till
61.041666666666664	26.12499999999997	2	[1.0, 5.0]	1	temf_till
61.041666666666664	26.208333333333314	2	[1.0, 5.0]	1	temf_till
61.041666666666664	26.291666666666657	2	[1.0, 5.0]	1	temf_till
61.041666666666664	26.37499999999997	2	[1.0, 5.0]	1	temf_till
61.041666666666664	26.62499999999997	2	[1.0, 5.0]	1	temf_till
61.041666666666664	26.708333333333314	2	[1.0, 5.0]	1	temf_till
61.041666666666664	26.791666666666657	2	[1.0, 5.0]	1	temf_till
61.041666666666664	26.87499999999997	2	[1.0, 5.0]	1	temf_till
61.041666666666664	26.958333333333314	2	[1.0, 5.0]	1	temf_till
61.041666666666664	27.041666666666657	2	[1.0, 5.0]	1	temf_till
61.041666666666664	27.291666666666657	2	[1.0, 5.0]	1	temf_till
61.041666666666664	27.458333333333314	2	[1.0, 5.0]	1	temf_till
61.041666666666664	27.541666666666657	2	[1.0, 5.0]	1	temf_till
61.041666666666664	27.62499999999997	2	[1.0, 5.0]	1	temf_till
61.041666666666664	27.708333333333314	2	[1.0, 5.0]	1	temf_till
61.041666666666664	27.87499999999997	2	[1.0, 5.0]	1	temf_till
61.041666666666664	27.958333333333314	2	[1.0, 5.0]	1	temf_till
61.041666666666664	28.041666666666657	2	[1.0, 5.0]	1	temf_till
61.041666666666664	28.12499999999997	2	[1.0, 5.0]	1	temf_till
61.041666666666664	28.208333333333314	2	[1.0, 5.0]	1	temf_till
61.041666666666664	28.291666666666657	2	[1.0, 5.0]	1	temf_till
61.041666666666664	28.37499999999997	2	[1.0, 5.0]	1	temf_till
61.041666666666664	28.458333333333314	2	[1.0, 5.0]	1	temf_till
61.041666666666664	28.541666666666657	2	[1.0, 5.0]	1	temf_till
61.041666666666664	28.62499999999997	2	[1.0, 5.0]	1	temf_till
61.041666666666664	28.791666666666657	2	[1.0, 5.0]	1	temf_till
61.041666666666664	29.12499999999997	2	[1.0, 5.0]	1	temf_till
61.041666666666664	29.791666666666657	2	[1.0, 5.0]	1	temf_till
61.041666666666664	32.62499999999997	2	[1.0, 5.0]	1	temf_till
61.041666666666664	32.708333333333314	2	[1.0, 5.0]	1	temf_till
61.041666666666664	32.79166666666666	2	[1.0, 5.0]	1	temf_till
61.041666666666664	32.87499999999997	2	[1.0, 5.0]	1	temf_till
61.041666666666664	32.958333333333314	2	[1.0, 5.0]	1	temf_till
61.041666666666664	33.04166666666666	2	[1.0, 5.0]	1	temf_till
61.041666666666664	33.12499999999997	2	[1.0, 5.0]	1	temf_till
61.041666666666664	33.208333333333314	2	[1.0, 5.0]	1	temf_till
61.041666666666664	33.79166666666666	2	[1.0, 5.0]	1	temf_till
61.041666666666664	34.12499999999997	2	[1.0, 5.0]	1	temf_till
61.041666666666664	34.54166666666666	2	[1.0, 5.0]	1	temf_till
61.041666666666664	34.958333333333314	2	[1.0, 5.0]	1	temf_till
61.041666666666664	35.04166666666666	2	[1.0, 5.0]	1	temf_till
61.041666666666664	35.12499999999997	2	[1.0, 5.0]	1	temf_till
61.041666666666664	35.208333333333314	2	[1.0, 5.0]	1	temf_till
61.041666666666664	35.458333333333314	2	[1.0, 5.0]	1	temf_till
61.041666666666664	36.12499999999997	2	[1.0, 5.0]	1	temf_till
61.041666666666664	36.208333333333314	2	[1.0, 5.0]	1	temf_till
61.041666666666664	36.29166666666666	2	[1.0, 5.0]	1	temf_till
61.041666666666664	36.37499999999997	2	[1.0, 5.0]	1	ofib_till,temf_till
61.041666666666664	36.458333333333314	2	[1.0, 5.0]	1	ofib_till,temf_till
61.041666666666664	36.54166666666666	2	[1.0, 5.0]	1	temf_till
61.041666666666664	36.62499999999997	2	[1.0, 5.0]	1	temf_till
61.041666666666664	36.708333333333314	2	[1.0, 5.0]	1	temf_till
61.041666666666664	37.458333333333314	2	[1.0, 5.0]	1	temf_till
61.041666666666664	37.54166666666666	2	[1.0, 5.0]	1	temf_till
61.041666666666664	37.62499999999997	2	[1.0, 5.0]	1	temf_till
61.041666666666664	37.79166666666666	2	[1.0, 5.0]	1	temf_till
61.041666666666664	37.87499999999997	2	[1.0, 5.0]	1	temf_till
61.041666666666664	38.37499999999997	2	[1.0, 5.0]	1	temf_till
61.041666666666664	38.458333333333314	2	[1.0, 5.0]	1	temf_till
61.041666666666664	38.54166666666666	2	[1.0, 5.0]	1	temf_till
61.041666666666664	38.79166666666666	2	[1.0, 5.0]	1	temf_till
61.041666666666664	38.958333333333314	2	[1.0, 5.0]	1	temf_till
61.041666666666664	39.87499999999997	2	[1.0, 5.0]	1	temf_till
61.041666666666664	40.54166666666666	2	[1.0, 5.0]	1	temf_till
61.041666666666664	41.12499999999997	2	[1.0, 5.0]	1	temf_till
61.041666666666664	41.208333333333314	2	[1.0, 5.0]	1	temf_till
61.041666666666664	41.29166666666666	2	[1.0, 5.0]	1	temf_till
61.041666666666664	41.37499999999997	2	[1.0, 5.0]	1	temf_till
61.041666666666664	41.87499999999997	2	[1.0, 5.0]	1	temf_till
61.041666666666664	41.958333333333314	2	[1.0, 5.0]	1	temf_till
61.041666666666664	42.04166666666666	2	[1.0, 5.0]	1	temf_till
61.041666666666664	42.12499999999997	2	[1.0, 5.0]	1	temf_till
61.041666666666664	42.208333333333314	2	[1.0, 5.0]	1	temf_till
61.041666666666664	42.29166666666666	2	[1.0, 5.0]	1	temf_till
61.041666666666664	42.37499999999997	2	[1.0, 5.0]	1	temf_till
61.041666666666664	42.458333333333314	2	[1.0, 5.0]	1	temf_till
61.041666666666664	42.87499999999997	2	[1.0, 5.0]	1	temf_till
61.041666666666664	43.208333333333314	2	[1.0, 5.0]	1	temf_till
61.041666666666664	43.29166666666666	2	[1.0, 5.0]	1	temf_till
61.041666666666664	43.37499999999997	2	[1.0, 5.0]	1	temf_till
61.041666666666664	43.458333333333314	2	[1.0, 5.0]	1	temf_till
61.041666666666664	45.87499999999997	2	[1.0, 5.0]	1	temf_till
61.041666666666664	45.958333333333314	2	[1.0, 5.0]	1	temf_till
61.041666666666664	46.04166666666666	2	[1.0, 5.0]	1	temf_till
61.041666666666664	46.12499999999997	2	[1.0, 5.0]	1	temf_till
61.041666666666664	46.208333333333314	2	[1.0, 5.0]	1	temf_till
61.041666666666664	46.29166666666666	2	[1.0, 5.0]	1	temf_till
61.041666666666664	46.37499999999997	2	[1.0, 5.0]	1	temf_till
61.041666666666664	46.458333333333314	2	[1.0, 5.0]	1	temf_till
61.041666666666664	46.54166666666666	2	[1.0, 5.0]	1	temf_till
61.041666666666664	46.62499999999997	2	[1.0, 5.0]	1	temf_till
61.041666666666664	47.87499999999997	2	[1.0, 5.0]	1	temf_till
61.041666666666664	48.04166666666666	2	[1.0, 5.0]	1	temf_till
61.041666666666664	48.12499999999997	2	[1.0, 5.0]	1	temf_till
61.041666666666664	48.208333333333314	2	[1.0, 5.0]	1	temf_till
61.041666666666664	48.29166666666666	2	[1.0, 5.0]	1	temf_till
61.041666666666664	48.37499999999997	2	[1.0, 5.0]	1	temf_till
61.041666666666664	49.958333333333314	2	[1.0, 5.0]	1	temf_till
61.041666666666664	50.04166666666666	2	[1.0, 5.0]	1	temf_till
61.041666666666664	50.12499999999997	2	[1.0, 5.0]	1	temf_till
61.041666666666664	50.208333333333314	2	[1.0, 5.0]	1	temf_till
61.041666666666664	50.29166666666666	2	[1.0, 5.0]	1	temf_till
61.041666666666664	50.37499999999997	2	[1.0, 5.0]	1	temf_till
61.041666666666664	53.79166666666666	2	[1.0, 5.0]	1	temf_till
61.041666666666664	56.79166666666666	2	[1.0, 5.0]	1	temf_till
61.041666666666664	63.208333333333314	2	[1.0, 5.0]	1	temf_till
60.95833333333333	21.458333333333314	2	[1.0, 5.0]	1	temf_till
60.95833333333333	21.541666666666657	2	[1.0, 5.0]	1	temf_till
60.95833333333333	21.62499999999997	2	[1.0, 5.0]	1	temf_till
60.95833333333333	21.708333333333314	2	[1.0, 5.0]	1	temf_till
60.95833333333333	21.791666666666657	2	[1.0, 5.0]	1	temf_till
60.95833333333333	21.87499999999997	2	[1.0, 5.0]	1	temf_till
60.95833333333333	21.958333333333314	2	[1.0, 5.0]	1	temf_till
60.95833333333333	22.041666666666657	2	[1.0, 5.0]	1	temf_till
60.95833333333333	22.12499999999997	2	[1.0, 5.0]	1	temf_till
60.95833333333333	22.208333333333314	2	[1.0, 5.0]	1	temf_till
60.95833333333333	22.458333333333314	2	[1.0, 5.0]	1	temf_till
60.95833333333333	22.541666666666657	2	[1.0, 5.0]	1	temf_till
60.95833333333333	22.62499999999997	2	[1.0, 5.0]	1	temf_till
60.95833333333333	22.708333333333314	2	[1.0, 5.0]	1	temf_till
60.95833333333333	22.791666666666657	2	[1.0, 5.0]	1	temf_till
60.95833333333333	22.87499999999997	2	[1.0, 5.0]	1	temf_till
60.95833333333333	22.958333333333314	2	[1.0, 5.0]	1	temf_till
60.95833333333333	23.041666666666657	2	[1.0, 5.0]	1	temf_till
60.95833333333333	23.12499999999997	2	[1.0, 5.0]	1	temf_till
60.95833333333333	23.208333333333314	2	[1.0, 5.0]	1	temf_till
60.95833333333333	23.291666666666657	2	[1.0, 5.0]	1	temf_till
60.95833333333333	23.37499999999997	2	[1.0, 5.0]	1	temf_till
60.95833333333333	23.458333333333314	2	[1.0, 5.0]	1	temf_till
60.95833333333333	23.541666666666657	2	[1.0, 5.0]	1	temf_till
60.95833333333333	23.62499999999997	2	[1.0, 5.0]	1	temf_till
60.95833333333333	23.708333333333314	2	[1.0, 5.0]	1	temf_till
60.95833333333333	24.541666666666657	2	[1.0, 5.0]	1	temf_till
60.95833333333333	24.62499999999997	2	[1.0, 5.0]	1	temf_till
60.95833333333333	24.708333333333314	2	[1.0, 5.0]	1	temf_till
60.95833333333333	24.791666666666657	2	[1.0, 5.0]	1	temf_till
60.95833333333333	24.87499999999997	2	[1.0, 5.0]	1	temf_till
60.95833333333333	24.958333333333314	2	[1.0, 5.0]	1	temf_till
60.95833333333333	25.041666666666657	2	[1.0, 5.0]	1	temf_till
60.95833333333333	25.12499999999997	2	[1.0, 5.0]	1	temf_till
60.95833333333333	25.208333333333314	2	[1.0, 5.0]	1	temf_till
60.95833333333333	25.291666666666657	2	[1.0, 5.0]	1	temf_till
60.95833333333333	25.37499999999997	2	[1.0, 5.0]	1	temf_till
60.95833333333333	25.458333333333314	2	[1.0, 5.0]	1	temf_till
60.95833333333333	25.541666666666657	2	[1.0, 5.0]	1	temf_till
60.95833333333333	25.62499999999997	2	[1.0, 5.0]	1	temf_till
60.95833333333333	25.708333333333314	2	[1.0, 5.0]	1	temf_till
60.95833333333333	25.791666666666657	2	[1.0, 5.0]	1	temf_till
60.95833333333333	25.87499999999997	2	[1.0, 5.0]	1	temf_till
60.95833333333333	26.041666666666657	2	[1.0, 5.0]	1	temf_till
60.95833333333333	26.12499999999997	2	[1.0, 5.0]	1	temf_till
60.95833333333333	26.291666666666657	2	[1.0, 5.0]	1	temf_till
60.95833333333333	26.37499999999997	2	[1.0, 5.0]	1	temf_till
60.95833333333333	26.458333333333314	2	[1.0, 5.0]	1	temf_till
60.95833333333333	26.541666666666657	2	[1.0, 5.0]	1	temf_till
60.95833333333333	26.62499999999997	2	[1.0, 5.0]	1	temf_till
60.95833333333333	26.708333333333314	2	[1.0, 5.0]	1	temf_till
60.95833333333333	26.791666666666657	2	[1.0, 5.0]	1	temf_till
60.95833333333333	26.87499999999997	2	[1.0, 5.0]	1	temf_till
60.95833333333333	26.958333333333314	2	[1.0, 5.0]	1	temf_till
60.95833333333333	27.041666666666657	2	[1.0, 5.0]	1	temf_till
60.95833333333333	27.708333333333314	2	[1.0, 5.0]	1	temf_till
60.95833333333333	27.791666666666657	2	[1.0, 5.0]	1	temf_till
60.95833333333333	28.041666666666657	2	[1.0, 5.0]	1	temf_till
60.95833333333333	28.12499999999997	2	[1.0, 5.0]	1	temf_till
60.95833333333333	28.291666666666657	2	[1.0, 5.0]	1	temf_till
60.95833333333333	28.37499999999997	2	[1.0, 5.0]	1	temf_till
60.95833333333333	28.458333333333314	2	[1.0, 5.0]	1	temf_till
60.95833333333333	28.708333333333314	2	[1.0, 5.0]	1	temf_till
60.95833333333333	28.791666666666657	2	[1.0, 5.0]	1	temf_till
60.95833333333333	28.87499999999997	2	[1.0, 5.0]	1	temf_till
60.95833333333333	29.041666666666657	2	[1.0, 5.0]	1	temf_till
60.95833333333333	29.708333333333314	2	[1.0, 5.0]	1	temf_till
60.95833333333333	29.791666666666657	2	[1.0, 5.0]	1	temf_till
60.95833333333333	29.958333333333314	2	[1.0, 5.0]	1	temf_till
60.95833333333333	30.041666666666657	2	[1.0, 5.0]	1	temf_till
60.95833333333333	30.208333333333314	2	[1.0, 5.0]	1	temf_till
60.95833333333333	32.708333333333314	2	[1.0, 5.0]	1	temf_till
60.95833333333333	32.79166666666666	2	[1.0, 5.0]	1	temf_till
60.95833333333333	32.87499999999997	2	[1.0, 5.0]	1	temf_till
60.95833333333333	32.958333333333314	2	[1.0, 5.0]	1	temf_till
60.95833333333333	33.04166666666666	2	[1.0, 5.0]	1	temf_till
60.95833333333333	33.12499999999997	2	[1.0, 5.0]	1	temf_till
60.95833333333333	33.29166666666666	2	[1.0, 5.0]	1	temf_till
60.95833333333333	34.208333333333314	2	[1.0, 5.0]	1	temf_till
60.95833333333333	34.29166666666666	2	[1.0, 5.0]	1	temf_till
60.95833333333333	34.37499999999997	2	[1.0, 5.0]	1	temf_till
60.95833333333333	34.458333333333314	2	[1.0, 5.0]	1	temf_till
60.95833333333333	34.54166666666666	2	[1.0, 5.0]	1	temf_till
60.95833333333333	34.62499999999997	2	[1.0, 5.0]	1	temf_till
60.95833333333333	34.708333333333314	2	[1.0, 5.0]	1	temf_till
60.95833333333333	34.79166666666666	2	[1.0, 5.0]	1	temf_till
60.95833333333333	34.87499999999997	2	[1.0, 5.0]	1	temf_till
60.95833333333333	34.958333333333314	2	[1.0, 5.0]	1	temf_till
60.95833333333333	35.04166666666666	2	[1.0, 5.0]	1	temf_till
60.95833333333333	35.208333333333314	2	[1.0, 5.0]	1	temf_till
60.95833333333333	35.37499999999997	2	[1.0, 5.0]	1	temf_till
60.95833333333333	35.458333333333314	2	[1.0, 5.0]	1	temf_till
60.95833333333333	36.04166666666666	2	[1.0, 5.0]	1	ofib_till,temf_till
60.95833333333333	36.12499999999997	2	[1.0, 5.0]	1	ofib_till,temf_till
60.95833333333333	36.208333333333314	2	[1.0, 5.0]	1	temf_till
60.95833333333333	36.29166666666666	2	[1.0, 5.0]	1	temf_till
60.95833333333333	36.37499999999997	2	[1.0, 5.0]	1	temf_till
60.95833333333333	36.458333333333314	2	[1.0, 5.0]	1	temf_till
60.95833333333333	36.54166666666666	2	[1.0, 5.0]	1	ofib_till,temf_till
60.95833333333333	36.62499999999997	2	[1.0, 5.0]	1	temf_till
60.95833333333333	36.708333333333314	2	[1.0, 5.0]	1	temf_till
60.95833333333333	36.79166666666666	2	[1.0, 5.0]	1	ofib_till,temf_till
60.95833333333333	36.87499999999997	2	[1.0, 5.0]	1	ofib_till,temf_till
60.95833333333333	38.458333333333314	2	[1.0, 5.0]	1	temf_till
60.95833333333333	38.54166666666666	2	[1.0, 5.0]	1	temf_till
60.95833333333333	38.62499999999997	2	[1.0, 5.0]	1	temf_till
60.95833333333333	38.708333333333314	2	[1.0, 5.0]	1	temf_till
60.95833333333333	38.79166666666666	2	[1.0, 5.0]	1	temf_till
60.95833333333333	38.87499999999997	2	[1.0, 5.0]	1	temf_till
60.95833333333333	40.12499999999997	2	[1.0, 5.0]	1	temf_till
60.95833333333333	40.208333333333314	2	[1.0, 5.0]	1	temf_till
60.95833333333333	40.458333333333314	2	[1.0, 5.0]	1	temf_till
60.95833333333333	40.62499999999997	2	[1.0, 5.0]	1	temf_till
60.95833333333333	40.87499999999997	2	[1.0, 5.0]	1	temf_till
60.95833333333333	41.04166666666666	2	[1.0, 5.0]	1	temf_till
60.95833333333333	41.12499999999997	2	[1.0, 5.0]	1	temf_till
60.95833333333333	41.79166666666666	2	[1.0, 5.0]	1	temf_till
60.95833333333333	41.87499999999997	2	[1.0, 5.0]	1	temf_till
60.95833333333333	42.04166666666666	2	[1.0, 5.0]	1	temf_till
60.95833333333333	42.12499999999997	2	[1.0, 5.0]	1	temf_till
60.95833333333333	42.208333333333314	2	[1.0, 5.0]	1	temf_till
60.95833333333333	42.29166666666666	2	[1.0, 5.0]	1	temf_till
60.95833333333333	42.37499999999997	2	[1.0, 5.0]	1	temf_till
60.95833333333333	42.458333333333314	2	[1.0, 5.0]	1	temf_till
60.95833333333333	42.958333333333314	2	[1.0, 5.0]	1	temf_till
60.95833333333333	43.04166666666666	2	[1.0, 5.0]	1	temf_till
60.95833333333333	43.12499999999997	2	[1.0, 5.0]	1	temf_till
60.95833333333333	43.208333333333314	2	[1.0, 5.0]	1	temf_till
60.95833333333333	43.29166666666666	2	[1.0, 5.0]	1	temf_till
60.95833333333333	43.37499999999997	2	[1.0, 5.0]	1	temf_till
60.95833333333333	43.458333333333314	2	[1.0, 5.0]	1	temf_till
60.95833333333333	45.458333333333314	2	[1.0, 5.0]	1	temf_till
60.95833333333333	46.12499999999997	2	[1.0, 5.0]	1	temf_till
60.95833333333333	46.208333333333314	2	[1.0, 5.0]	1	temf_till
60.95833333333333	46.29166666666666	2	[1.0, 5.0]	1	temf_till
60.95833333333333	46.37499999999997	2	[1.0, 5.0]	1	temf_till
60.95833333333333	46.458333333333314	2	[1.0, 5.0]	1	temf_till
60.95833333333333	46.54166666666666	2	[1.0, 5.0]	1	temf_till
60.95833333333333	49.12499999999997	2	[1.0, 5.0]	1	temf_till
60.95833333333333	49.62499999999997	2	[1.0, 5.0]	1	temf_till
60.95833333333333	49.708333333333314	2	[1.0, 5.0]	1	temf_till
60.95833333333333	49.958333333333314	2	[1.0, 5.0]	1	temf_till
60.95833333333333	50.208333333333314	2	[1.0, 5.0]	1	temf_till
60.95833333333333	50.29166666666666	2	[1.0, 5.0]	1	temf_till
60.95833333333333	50.87499999999997	2	[1.0, 5.0]	1	temf_till
60.95833333333333	50.958333333333314	2	[1.0, 5.0]	1	temf_till
60.95833333333333	51.04166666666666	2	[1.0, 5.0]	1	temf_till
60.95833333333333	51.12499999999997	2	[1.0, 5.0]	1	temf_till
60.95833333333333	51.208333333333314	2	[1.0, 5.0]	1	temf_till
60.95833333333333	51.29166666666666	2	[1.0, 5.0]	1	temf_till
60.95833333333333	56.37499999999997	2	[1.0, 5.0]	1	temf_till
60.95833333333333	56.458333333333314	2	[1.0, 5.0]	1	temf_till
60.95833333333333	63.87499999999997	2	[1.0, 5.0]	1	temf_till
60.95833333333333	72.12499999999997	2	[1.0, 5.0]	1	temf_till
60.875	5.124999999999972	2	[1.0, 5.0]	1	temf_till
60.875	21.37499999999997	2	[1.0, 5.0]	1	temf_till
60.875	21.458333333333314	2	[1.0, 5.0]	1	temf_till
60.875	21.62499999999997	2	[1.0, 5.0]	1	temf_till
60.875	21.708333333333314	2	[1.0, 5.0]	1	temf_till
60.875	21.791666666666657	2	[1.0, 5.0]	1	temf_till
60.875	21.87499999999997	2	[1.0, 5.0]	1	temf_till
60.875	21.958333333333314	2	[1.0, 5.0]	1	temf_till
60.875	22.37499999999997	2	[1.0, 5.0]	1	temf_till
60.875	22.458333333333314	2	[1.0, 5.0]	1	temf_till
60.875	22.541666666666657	2	[1.0, 5.0]	1	temf_till
60.875	22.62499999999997	2	[1.0, 5.0]	1	temf_till
60.875	22.708333333333314	2	[1.0, 5.0]	1	temf_till
60.875	22.791666666666657	2	[1.0, 5.0]	1	temf_till
60.875	22.87499999999997	2	[1.0, 5.0]	1	temf_till
60.875	22.958333333333314	2	[1.0, 5.0]	1	temf_till
60.875	23.041666666666657	2	[1.0, 5.0]	1	temf_till
60.875	23.12499999999997	2	[1.0, 5.0]	1	temf_till
60.875	23.208333333333314	2	[1.0, 5.0]	1	temf_till
60.875	23.291666666666657	2	[1.0, 5.0]	1	temf_till
60.875	23.37499999999997	2	[1.0, 5.0]	1	temf_till
60.875	23.458333333333314	2	[1.0, 5.0]	1	temf_till
60.875	23.541666666666657	2	[1.0, 5.0]	1	temf_till
60.875	23.62499999999997	2	[1.0, 5.0]	1	temf_till
60.875	23.87499999999997	2	[1.0, 5.0]	1	temf_till
60.875	23.958333333333314	2	[1.0, 5.0]	1	temf_till
60.875	24.208333333333314	2	[1.0, 5.0]	1	temf_till
60.875	24.291666666666657	2	[1.0, 5.0]	1	temf_till
60.875	24.37499999999997	2	[1.0, 5.0]	1	temf_till
60.875	24.458333333333314	2	[1.0, 5.0]	1	temf_till
60.875	24.541666666666657	2	[1.0, 5.0]	1	temf_till
60.875	24.62499999999997	2	[1.0, 5.0]	1	temf_till
60.875	24.708333333333314	2	[1.0, 5.0]	1	temf_till
60.875	24.791666666666657	2	[1.0, 5.0]	1	temf_till
60.875	24.87499999999997	2	[1.0, 5.0]	1	temf_till
60.875	24.958333333333314	2	[1.0, 5.0]	1	temf_till
60.875	25.041666666666657	2	[1.0, 5.0]	1	temf_till
60.875	25.12499999999997	2	[1.0, 5.0]	1	temf_till
60.875	25.208333333333314	2	[1.0, 5.0]	1	temf_till
60.875	25.291666666666657	2	[1.0, 5.0]	1	temf_till
60.875	25.37499999999997	2	[1.0, 5.0]	1	temf_till
60.875	25.458333333333314	2	[1.0, 5.0]	1	temf_till
60.875	25.541666666666657	2	[1.0, 5.0]	1	temf_till
60.875	25.62499999999997	2	[1.0, 5.0]	1	temf_till
60.875	25.708333333333314	2	[1.0, 5.0]	1	temf_till
60.875	25.791666666666657	2	[1.0, 5.0]	1	temf_till
60.875	25.87499999999997	2	[1.0, 5.0]	1	temf_till
60.875	25.958333333333314	2	[1.0, 5.0]	1	temf_till
60.875	26.041666666666657	2	[1.0, 5.0]	1	temf_till
60.875	26.12499999999997	2	[1.0, 5.0]	1	temf_till
60.875	26.208333333333314	2	[1.0, 5.0]	1	temf_till
60.875	26.291666666666657	2	[1.0, 5.0]	1	temf_till
60.875	26.37499999999997	2	[1.0, 5.0]	1	temf_till
60.875	26.458333333333314	2	[1.0, 5.0]	1	temf_till
60.875	26.541666666666657	2	[1.0, 5.0]	1	temf_till
60.875	26.62499999999997	2	[1.0, 5.0]	1	temf_till
60.875	26.708333333333314	2	[1.0, 5.0]	1	temf_till
60.875	26.791666666666657	2	[1.0, 5.0]	1	temf_till
60.875	26.87499999999997	2	[1.0, 5.0]	1	temf_till
60.875	26.958333333333314	2	[1.0, 5.0]	1	temf_till
60.875	27.12499999999997	2	[1.0, 5.0]	1	temf_till
60.875	27.62499999999997	2	[1.0, 5.0]	1	temf_till
60.875	27.708333333333314	2	[1.0, 5.0]	1	temf_till
60.875	27.791666666666657	2	[1.0, 5.0]	1	temf_till
60.875	28.208333333333314	2	[1.0, 5.0]	1	temf_till
60.875	28.291666666666657	2	[1.0, 5.0]	1	temf_till
60.875	28.37499999999997	2	[1.0, 5.0]	1	temf_till
60.875	28.708333333333314	2	[1.0, 5.0]	1	temf_till
60.875	28.791666666666657	2	[1.0, 5.0]	1	temf_till
60.875	28.87499999999997	2	[1.0, 5.0]	1	temf_till
60.875	28.958333333333314	2	[1.0, 5.0]	1	temf_till
60.875	29.041666666666657	2	[1.0, 5.0]	1	temf_till
60.875	29.12499999999997	2	[1.0, 5.0]	1	temf_till
60.875	29.208333333333314	2	[1.0, 5.0]	1	temf_till
60.875	29.291666666666657	2	[1.0, 5.0]	1	temf_till
60.875	29.37499999999997	2	[1.0, 5.0]	1	temf_till
60.875	29.458333333333314	2	[1.0, 5.0]	1	temf_till
60.875	29.541666666666657	2	[1.0, 5.0]	1	temf_till
60.875	29.708333333333314	2	[1.0, 5.0]	1	temf_till
60.875	29.958333333333314	2	[1.0, 5.0]	1	temf_till
60.875	30.041666666666657	2	[1.0, 5.0]	1	temf_till
60.875	30.12499999999997	2	[1.0, 5.0]	1	temf_till
60.875	30.208333333333314	2	[1.0, 5.0]	1	temf_till
60.875	30.291666666666657	2	[1.0, 5.0]	1	temf_till
60.875	32.958333333333314	2	[1.0, 5.0]	1	temf_till
60.875	33.04166666666666	2	[1.0, 5.0]	1	temf_till
60.875	33.12499999999997	2	[1.0, 5.0]	1	temf_till
60.875	33.208333333333314	2	[1.0, 5.0]	1	temf_till
60.875	33.37499999999997	2	[1.0, 5.0]	1	temf_till
60.875	34.12499999999997	2	[1.0, 5.0]	1	temf_till
60.875	34.208333333333314	2	[1.0, 5.0]	1	temf_till
60.875	34.29166666666666	2	[1.0, 5.0]	1	temf_till
60.875	34.62499999999997	2	[1.0, 5.0]	1	temf_till
60.875	34.79166666666666	2	[1.0, 5.0]	1	temf_till
60.875	34.87499999999997	2	[1.0, 5.0]	1	temf_till
60.875	34.958333333333314	2	[1.0, 5.0]	1	temf_till
60.875	35.29166666666666	2	[1.0, 5.0]	1	temf_till
60.875	35.37499999999997	2	[1.0, 5.0]	1	temf_till
60.875	35.458333333333314	2	[1.0, 5.0]	1	temf_till
60.875	35.54166666666666	2	[1.0, 5.0]	1	ofib_till,temf_till
60.875	35.62499999999997	2	[1.0, 5.0]	1	ofib_till,temf_till
60.875	35.708333333333314	2	[1.0, 5.0]	1	ofib_till,temf_till
60.875	35.79166666666666	2	[1.0, 5.0]	1	ofib_till,temf_till
60.875	35.958333333333314	2	[1.0, 5.0]	1	ofib_till,temf_till
60.875	36.04166666666666	2	[1.0, 5.0]	1	ofib_till,temf_till
60.875	36.12499999999997	2	[1.0, 5.0]	1	temf_till
60.875	36.208333333333314	2	[1.0, 5.0]	1	temf_till
60.875	36.29166666666666	2	[1.0, 5.0]	1	temf_till
60.875	36.37499999999997	2	[1.0, 5.0]	1	temf_till
60.875	36.458333333333314	2	[1.0, 5.0]	1	temf_till
60.875	36.79166666666666	2	[1.0, 5.0]	1	temf_till
60.875	36.87499999999997	2	[1.0, 5.0]	1	temf_till
60.875	36.958333333333314	2	[1.0, 5.0]	1	ofib_till,temf_till
60.875	37.708333333333314	2	[1.0, 5.0]	1	ofib_till,temf_till
60.875	38.87499999999997	2	[1.0, 5.0]	1	temf_till
60.875	39.458333333333314	2	[1.0, 5.0]	1	temf_till
60.875	39.54166666666666	2	[1.0, 5.0]	1	temf_till
60.875	39.62499999999997	2	[1.0, 5.0]	1	temf_till
60.875	40.12499999999997	2	[1.0, 5.0]	1	temf_till
60.875	40.29166666666666	2	[1.0, 5.0]	1	temf_till
60.875	40.37499999999997	2	[1.0, 5.0]	1	temf_till
60.875	40.87499999999997	2	[1.0, 5.0]	1	temf_till
60.875	40.958333333333314	2	[1.0, 5.0]	1	temf_till
60.875	41.958333333333314	2	[1.0, 5.0]	1	temf_till
60.875	42.04166666666666	2	[1.0, 5.0]	1	temf_till
60.875	42.12499999999997	2	[1.0, 5.0]	1	temf_till
60.875	42.208333333333314	2	[1.0, 5.0]	1	temf_till
60.875	42.29166666666666	2	[1.0, 5.0]	1	temf_till
60.875	42.37499999999997	2	[1.0, 5.0]	1	temf_till
60.875	42.958333333333314	2	[1.0, 5.0]	1	temf_till
60.875	43.04166666666666	2	[1.0, 5.0]	1	temf_till
60.875	43.12499999999997	2	[1.0, 5.0]	1	temf_till
60.875	43.208333333333314	2	[1.0, 5.0]	1	temf_till
60.875	44.29166666666666	2	[1.0, 5.0]	1	temf_till
60.875	46.37499999999997	2	[1.0, 5.0]	1	temf_till
60.875	46.458333333333314	2	[1.0, 5.0]	1	temf_till
60.875	46.54166666666666	2	[1.0, 5.0]	1	temf_till
60.875	47.708333333333314	2	[1.0, 5.0]	1	temf_till
60.875	47.79166666666666	2	[1.0, 5.0]	1	temf_till
60.875	48.708333333333314	2	[1.0, 5.0]	1	temf_till
60.875	48.79166666666666	2	[1.0, 5.0]	1	temf_till
60.875	48.87499999999997	2	[1.0, 5.0]	1	temf_till
60.875	49.62499999999997	2	[1.0, 5.0]	1	temf_till
60.875	49.708333333333314	2	[1.0, 5.0]	1	temf_till
60.875	49.79166666666666	2	[1.0, 5.0]	1	temf_till
60.875	50.12499999999997	2	[1.0, 5.0]	1	temf_till
60.875	50.208333333333314	2	[1.0, 5.0]	1	temf_till
60.875	50.87499999999997	2	[1.0, 5.0]	1	temf_till
60.875	51.12499999999997	2	[1.0, 5.0]	1	temf_till
60.875	56.29166666666666	2	[1.0, 5.0]	1	temf_till
60.875	56.37499999999997	2	[1.0, 5.0]	1	temf_till
60.875	56.458333333333314	2	[1.0, 5.0]	1	temf_till
60.875	56.54166666666666	2	[1.0, 5.0]	1	temf_till
60.791666666666664	21.458333333333314	2	[1.0, 5.0]	1	temf_till
60.791666666666664	21.541666666666657	2	[1.0, 5.0]	1	temf_till
60.791666666666664	21.62499999999997	2	[1.0, 5.0]	1	temf_till
60.791666666666664	21.708333333333314	2	[1.0, 5.0]	1	temf_till
60.791666666666664	21.791666666666657	2	[1.0, 5.0]	1	temf_till
60.791666666666664	21.87499999999997	2	[1.0, 5.0]	1	temf_till
60.791666666666664	21.958333333333314	2	[1.0, 5.0]	1	temf_till
60.791666666666664	22.041666666666657	2	[1.0, 5.0]	1	temf_till
60.791666666666664	22.12499999999997	2	[1.0, 5.0]	1	temf_till
60.791666666666664	22.458333333333314	2	[1.0, 5.0]	1	temf_till
60.791666666666664	22.541666666666657	2	[1.0, 5.0]	1	temf_till
60.791666666666664	22.62499999999997	2	[1.0, 5.0]	1	temf_till
60.791666666666664	22.708333333333314	2	[1.0, 5.0]	1	temf_till
60.791666666666664	22.791666666666657	2	[1.0, 5.0]	1	temf_till
60.791666666666664	22.87499999999997	2	[1.0, 5.0]	1	temf_till
60.791666666666664	22.958333333333314	2	[1.0, 5.0]	1	temf_till
60.791666666666664	23.041666666666657	2	[1.0, 5.0]	1	temf_till
60.791666666666664	23.12499999999997	2	[1.0, 5.0]	1	temf_till
60.791666666666664	23.208333333333314	2	[1.0, 5.0]	1	temf_till
60.791666666666664	23.291666666666657	2	[1.0, 5.0]	1	temf_till
60.791666666666664	23.37499999999997	2	[1.0, 5.0]	1	temf_till
60.791666666666664	23.458333333333314	2	[1.0, 5.0]	1	temf_till
60.791666666666664	23.541666666666657	2	[1.0, 5.0]	1	temf_till
60.791666666666664	23.62499999999997	2	[1.0, 5.0]	1	temf_till
60.791666666666664	23.708333333333314	2	[1.0, 5.0]	1	temf_till
60.791666666666664	23.791666666666657	2	[1.0, 5.0]	1	temf_till
60.791666666666664	23.87499999999997	2	[1.0, 5.0]	1	temf_till
60.791666666666664	24.291666666666657	2	[1.0, 5.0]	1	temf_till
60.791666666666664	24.37499999999997	2	[1.0, 5.0]	1	temf_till
60.791666666666664	24.541666666666657	2	[1.0, 5.0]	1	temf_till
60.791666666666664	24.62499999999997	2	[1.0, 5.0]	1	temf_till
60.791666666666664	24.708333333333314	2	[1.0, 5.0]	1	temf_till
60.791666666666664	24.791666666666657	2	[1.0, 5.0]	1	temf_till
60.791666666666664	24.87499999999997	2	[1.0, 5.0]	1	temf_till
60.791666666666664	24.958333333333314	2	[1.0, 5.0]	1	temf_till
60.791666666666664	25.041666666666657	2	[1.0, 5.0]	1	temf_till
60.791666666666664	25.12499999999997	2	[1.0, 5.0]	1	temf_till
60.791666666666664	25.208333333333314	2	[1.0, 5.0]	1	temf_till
60.791666666666664	25.291666666666657	2	[1.0, 5.0]	1	temf_till
60.791666666666664	25.37499999999997	2	[1.0, 5.0]	1	temf_till
60.791666666666664	25.458333333333314	2	[1.0, 5.0]	1	temf_till
60.791666666666664	25.541666666666657	2	[1.0, 5.0]	1	temf_till
60.791666666666664	25.62499999999997	2	[1.0, 5.0]	1	temf_till
60.791666666666664	25.708333333333314	2	[1.0, 5.0]	1	temf_till
60.791666666666664	25.791666666666657	2	[1.0, 5.0]	1	temf_till
60.791666666666664	25.87499999999997	2	[1.0, 5.0]	1	temf_till
60.791666666666664	25.958333333333314	2	[1.0, 5.0]	1	temf_till
60.791666666666664	26.041666666666657	2	[1.0, 5.0]	1	temf_till
60.791666666666664	26.12499999999997	2	[1.0, 5.0]	1	temf_till
60.791666666666664	26.208333333333314	2	[1.0, 5.0]	1	temf_till
60.791666666666664	26.291666666666657	2	[1.0, 5.0]	1	temf_till
60.791666666666664	26.37499999999997	2	[1.0, 5.0]	1	temf_till
60.791666666666664	26.458333333333314	2	[1.0, 5.0]	1	temf_till
60.791666666666664	26.541666666666657	2	[1.0, 5.0]	1	temf_till
60.791666666666664	26.62499999999997	2	[1.0, 5.0]	1	temf_till
60.791666666666664	26.708333333333314	2	[1.0, 5.0]	1	temf_till
60.791666666666664	26.791666666666657	2	[1.0, 5.0]	1	temf_till
60.791666666666664	26.87499999999997	2	[1.0, 5.0]	1	temf_till
60.791666666666664	26.958333333333314	2	[1.0, 5.0]	1	temf_till
60.791666666666664	27.041666666666657	2	[1.0, 5.0]	1	temf_till
60.791666666666664	27.12499999999997	2	[1.0, 5.0]	1	temf_till
60.791666666666664	27.458333333333314	2	[1.0, 5.0]	1	temf_till
60.791666666666664	28.041666666666657	2	[1.0, 5.0]	1	temf_till
60.791666666666664	28.541666666666657	2	[1.0, 5.0]	1	temf_till
60.791666666666664	28.791666666666657	2	[1.0, 5.0]	1	temf_till
60.791666666666664	28.87499999999997	2	[1.0, 5.0]	1	temf_till
60.791666666666664	28.958333333333314	2	[1.0, 5.0]	1	temf_till
60.791666666666664	29.041666666666657	2	[1.0, 5.0]	1	temf_till
60.791666666666664	29.12499999999997	2	[1.0, 5.0]	1	temf_till
60.791666666666664	29.208333333333314	2	[1.0, 5.0]	1	temf_till
60.791666666666664	29.291666666666657	2	[1.0, 5.0]	1	temf_till
60.791666666666664	29.37499999999997	2	[1.0, 5.0]	1	temf_till
60.791666666666664	29.458333333333314	2	[1.0, 5.0]	1	temf_till
60.791666666666664	29.541666666666657	2	[1.0, 5.0]	1	temf_till
60.791666666666664	29.62499999999997	2	[1.0, 5.0]	1	temf_till
60.791666666666664	29.708333333333314	2	[1.0, 5.0]	1	temf_till
60.791666666666664	30.041666666666657	2	[1.0, 5.0]	1	temf_till
60.791666666666664	30.12499999999997	2	[1.0, 5.0]	1	temf_till
60.791666666666664	30.208333333333314	2	[1.0, 5.0]	1	temf_till
60.791666666666664	32.87499999999997	2	[1.0, 5.0]	1	temf_till
60.791666666666664	32.958333333333314	2	[1.0, 5.0]	1	temf_till
60.791666666666664	33.37499999999997	2	[1.0, 5.0]	1	temf_till
60.791666666666664	33.458333333333314	2	[1.0, 5.0]	1	temf_till
60.791666666666664	34.62499999999997	2	[1.0, 5.0]	1	temf_till
60.791666666666664	34.708333333333314	2	[1.0, 5.0]	1	temf_till
60.791666666666664	34.79166666666666	2	[1.0, 5.0]	1	temf_till
60.791666666666664	35.458333333333314	2	[1.0, 5.0]	1	temf_till
60.791666666666664	35.708333333333314	2	[1.0, 5.0]	1	temf_till
60.791666666666664	35.87499999999997	2	[1.0, 5.0]	1	temf_till
60.791666666666664	35.958333333333314	2	[1.0, 5.0]	1	temf_till
60.791666666666664	36.958333333333314	2	[1.0, 5.0]	1	temf_till
60.791666666666664	37.12499999999997	2	[1.0, 5.0]	1	ofib_till,temf_till
60.791666666666664	37.62499999999997	2	[1.0, 5.0]	1	temf_till
60.791666666666664	37.958333333333314	2	[1.0, 5.0]	1	ofib_till,temf_till
60.791666666666664	38.708333333333314	2	[1.0, 5.0]	1	temf_till
60.791666666666664	39.04166666666666	2	[1.0, 5.0]	1	temf_till
60.791666666666664	39.12499999999997	2	[1.0, 5.0]	1	temf_till
60.791666666666664	39.958333333333314	2	[1.0, 5.0]	1	temf_till
60.791666666666664	40.04166666666666	2	[1.0, 5.0]	1	temf_till
60.791666666666664	40.12499999999997	2	[1.0, 5.0]	1	temf_till
60.791666666666664	40.79166666666666	2	[1.0, 5.0]	1	temf_till
60.791666666666664	40.958333333333314	2	[1.0, 5.0]	1	temf_till
60.791666666666664	41.04166666666666	2	[1.0, 5.0]	1	temf_till
60.791666666666664	41.12499999999997	2	[1.0, 5.0]	1	temf_till
60.791666666666664	41.62499999999997	2	[1.0, 5.0]	1	temf_till
60.791666666666664	41.708333333333314	2	[1.0, 5.0]	1	temf_till
60.791666666666664	41.87499999999997	2	[1.0, 5.0]	1	temf_till
60.791666666666664	41.958333333333314	2	[1.0, 5.0]	1	temf_till
60.791666666666664	42.04166666666666	2	[1.0, 5.0]	1	temf_till
60.791666666666664	42.12499999999997	2	[1.0, 5.0]	1	temf_till
60.791666666666664	42.54166666666666	2	[1.0, 5.0]	1	temf_till
60.791666666666664	42.708333333333314	2	[1.0, 5.0]	1	temf_till
60.791666666666664	43.04166666666666	2	[1.0, 5.0]	1	temf_till
60.791666666666664	43.12499999999997	2	[1.0, 5.0]	1	temf_till
60.791666666666664	43.208333333333314	2	[1.0, 5.0]	1	temf_till
60.791666666666664	46.208333333333314	2	[1.0, 5.0]	1	temf_till
60.791666666666664	46.29166666666666	2	[1.0, 5.0]	1	temf_till
60.791666666666664	46.37499999999997	2	[1.0, 5.0]	1	temf_till
60.791666666666664	46.458333333333314	2	[1.0, 5.0]	1	temf_till
60.791666666666664	46.54166666666666	2	[1.0, 5.0]	1	temf_till
60.791666666666664	47.708333333333314	2	[1.0, 5.0]	1	temf_till
60.791666666666664	48.79166666666666	2	[1.0, 5.0]	1	temf_till
60.791666666666664	48.958333333333314	2	[1.0, 5.0]	1	temf_till
60.791666666666664	49.04166666666666	2	[1.0, 5.0]	1	temf_till
60.791666666666664	49.62499999999997	2	[1.0, 5.0]	1	temf_till
60.791666666666664	49.87499999999997	2	[1.0, 5.0]	1	temf_till
60.791666666666664	50.12499999999997	2	[1.0, 5.0]	1	temf_till
60.791666666666664	50.208333333333314	2	[1.0, 5.0]	1	temf_till
60.791666666666664	56.208333333333314	2	[1.0, 5.0]	1	temf_till
60.791666666666664	56.29166666666666	2	[1.0, 5.0]	1	temf_till
60.791666666666664	56.37499999999997	2	[1.0, 5.0]	1	temf_till
60.791666666666664	56.458333333333314	2	[1.0, 5.0]	1	temf_till
60.791666666666664	56.54166666666666	2	[1.0, 5.0]	1	temf_till
60.791666666666664	56.62499999999997	2	[1.0, 5.0]	1	temf_till
60.791666666666664	56.87499999999997	2	[1.0, 5.0]	1	temf_till
60.791666666666664	56.958333333333314	2	[1.0, 5.0]	1	temf_till
60.791666666666664	63.79166666666666	2	[1.0, 5.0]	1	temf_till
60.791666666666664	63.958333333333314	2	[1.0, 5.0]	1	temf_till
60.70833333333333	21.458333333333314	2	[1.0, 5.0]	1	temf_till
60.70833333333333	21.541666666666657	2	[1.0, 5.0]	1	temf_till
60.70833333333333	21.62499999999997	2	[1.0, 5.0]	1	temf_till
60.70833333333333	21.708333333333314	2	[1.0, 5.0]	1	temf_till
60.70833333333333	21.791666666666657	2	[1.0, 5.0]	1	temf_till
60.70833333333333	21.87499999999997	2	[1.0, 5.0]	1	temf_till
60.70833333333333	21.958333333333314	2	[1.0, 5.0]	1	temf_till
60.70833333333333	22.041666666666657	2	[1.0, 5.0]	1	temf_till
60.70833333333333	22.12499999999997	2	[1.0, 5.0]	1	temf_till
60.70833333333333	22.208333333333314	2	[1.0, 5.0]	1	temf_till
60.70833333333333	22.291666666666657	2	[1.0, 5.0]	1	temf_till
60.70833333333333	22.37499999999997	2	[1.0, 5.0]	1	temf_till
60.70833333333333	22.458333333333314	2	[1.0, 5.0]	1	temf_till
60.70833333333333	22.541666666666657	2	[1.0, 5.0]	1	temf_till
60.70833333333333	22.62499999999997	2	[1.0, 5.0]	1	temf_till
60.70833333333333	22.708333333333314	2	[1.0, 5.0]	1	temf_till
60.70833333333333	22.791666666666657	2	[1.0, 5.0]	1	temf_till
60.70833333333333	22.87499999999997	2	[1.0, 5.0]	1	temf_till
60.70833333333333	22.958333333333314	2	[1.0, 5.0]	1	temf_till
60.70833333333333	23.041666666666657	2	[1.0, 5.0]	1	temf_till
60.70833333333333	23.12499999999997	2	[1.0, 5.0]	1	temf_till
60.70833333333333	23.208333333333314	2	[1.0, 5.0]	1	temf_till
60.70833333333333	23.291666666666657	2	[1.0, 5.0]	1	temf_till
60.70833333333333	23.37499999999997	2	[1.0, 5.0]	1	temf_till
60.70833333333333	23.458333333333314	2	[1.0, 5.0]	1	temf_till
60.70833333333333	23.541666666666657	2	[1.0, 5.0]	1	temf_till
60.70833333333333	23.62499999999997	2	[1.0, 5.0]	1	temf_till
60.70833333333333	23.708333333333314	2	[1.0, 5.0]	1	temf_till
60.70833333333333	24.37499999999997	3	[1.0, 4.0, 5.0]	4	temf_till,pota_till
60.70833333333333	24.458333333333314	3	[1.0, 4.0, 5.0]	4	temf_till,pota_till
60.70833333333333	24.541666666666657	2	[1.0, 5.0]	1	temf_till
60.70833333333333	24.62499999999997	2	[1.0, 5.0]	1	temf_till
60.70833333333333	24.708333333333314	2	[1.0, 5.0]	1	temf_till
60.70833333333333	24.791666666666657	2	[1.0, 5.0]	1	temf_till
60.70833333333333	24.87499999999997	2	[1.0, 5.0]	1	temf_till
60.70833333333333	24.958333333333314	2	[1.0, 5.0]	1	temf_till
60.70833333333333	25.041666666666657	2	[1.0, 5.0]	1	temf_till
60.70833333333333	25.12499999999997	2	[1.0, 5.0]	1	temf_till
60.70833333333333	25.208333333333314	2	[1.0, 5.0]	1	temf_till
60.70833333333333	25.291666666666657	2	[1.0, 5.0]	1	temf_till
60.70833333333333	25.37499999999997	2	[1.0, 5.0]	1	temf_till
60.70833333333333	25.458333333333314	2	[1.0, 5.0]	1	temf_till
60.70833333333333	25.541666666666657	2	[1.0, 5.0]	1	temf_till
60.70833333333333	25.62499999999997	2	[1.0, 5.0]	1	temf_till
60.70833333333333	25.708333333333314	2	[1.0, 5.0]	1	temf_till
60.70833333333333	25.791666666666657	2	[1.0, 5.0]	1	temf_till
60.70833333333333	25.87499999999997	2	[1.0, 5.0]	1	temf_till
60.70833333333333	25.958333333333314	2	[1.0, 5.0]	1	temf_till
60.70833333333333	26.041666666666657	2	[1.0, 5.0]	1	temf_till
60.70833333333333	26.12499999999997	2	[1.0, 5.0]	1	temf_till
60.70833333333333	26.208333333333314	2	[1.0, 5.0]	1	temf_till
60.70833333333333	26.291666666666657	2	[1.0, 5.0]	1	temf_till
60.70833333333333	26.37499999999997	2	[1.0, 5.0]	1	temf_till
60.70833333333333	26.458333333333314	2	[1.0, 5.0]	1	temf_till
60.70833333333333	26.541666666666657	2	[1.0, 5.0]	1	temf_till
60.70833333333333	26.62499999999997	2	[1.0, 5.0]	1	temf_till
60.70833333333333	26.708333333333314	2	[1.0, 5.0]	1	temf_till
60.70833333333333	26.791666666666657	2	[1.0, 5.0]	1	temf_till
60.70833333333333	26.87499999999997	2	[1.0, 5.0]	1	temf_till
60.70833333333333	26.958333333333314	2	[1.0, 5.0]	1	temf_till
60.70833333333333	27.041666666666657	2	[1.0, 5.0]	1	temf_till
60.70833333333333	27.208333333333314	2	[1.0, 5.0]	1	temf_till
60.70833333333333	27.291666666666657	2	[1.0, 5.0]	1	temf_till
60.70833333333333	27.458333333333314	2	[1.0, 5.0]	1	temf_till
60.70833333333333	27.541666666666657	2	[1.0, 5.0]	1	temf_till
60.70833333333333	27.62499999999997	2	[1.0, 5.0]	1	temf_till
60.70833333333333	27.708333333333314	2	[1.0, 5.0]	1	temf_till
60.70833333333333	27.791666666666657	2	[1.0, 5.0]	1	temf_till
60.70833333333333	27.958333333333314	2	[1.0, 5.0]	1	temf_till
60.70833333333333	28.12499999999997	2	[1.0, 5.0]	1	temf_till
60.70833333333333	28.208333333333314	2	[1.0, 5.0]	1	temf_till
60.70833333333333	28.291666666666657	2	[1.0, 5.0]	1	temf_till
60.70833333333333	28.37499999999997	2	[1.0, 5.0]	1	temf_till
60.70833333333333	28.62499999999997	2	[1.0, 5.0]	1	temf_till
60.70833333333333	28.791666666666657	2	[1.0, 5.0]	1	temf_till
60.70833333333333	28.87499999999997	2	[1.0, 5.0]	1	temf_till
60.70833333333333	28.958333333333314	2	[1.0, 5.0]	1	temf_till
60.70833333333333	29.041666666666657	2	[1.0, 5.0]	1	temf_till
60.70833333333333	29.12499999999997	2	[1.0, 5.0]	1	temf_till
60.70833333333333	29.208333333333314	2	[1.0, 5.0]	1	temf_till
60.70833333333333	29.291666666666657	2	[1.0, 5.0]	1	temf_till
60.70833333333333	29.37499999999997	2	[1.0, 5.0]	1	temf_till
60.70833333333333	29.458333333333314	2	[1.0, 5.0]	1	temf_till
60.70833333333333	29.541666666666657	2	[1.0, 5.0]	1	temf_till
60.70833333333333	29.62499999999997	2	[1.0, 5.0]	1	temf_till
60.70833333333333	29.708333333333314	2	[1.0, 5.0]	1	temf_till
60.70833333333333	29.791666666666657	2	[1.0, 5.0]	1	temf_till
60.70833333333333	29.87499999999997	2	[1.0, 5.0]	1	temf_till
60.70833333333333	29.958333333333314	2	[1.0, 5.0]	1	temf_till
60.70833333333333	30.041666666666657	2	[1.0, 5.0]	1	temf_till
60.70833333333333	30.12499999999997	2	[1.0, 5.0]	1	temf_till
60.70833333333333	30.208333333333314	2	[1.0, 5.0]	1	temf_till
60.70833333333333	30.291666666666657	2	[1.0, 5.0]	1	temf_till
60.70833333333333	30.37499999999997	2	[1.0, 5.0]	1	temf_till
60.70833333333333	30.458333333333314	2	[1.0, 5.0]	1	temf_till
60.70833333333333	30.541666666666657	2	[1.0, 5.0]	1	temf_till
60.70833333333333	33.708333333333314	2	[1.0, 5.0]	1	temf_till
60.70833333333333	34.708333333333314	2	[1.0, 5.0]	1	temf_till
60.70833333333333	34.79166666666666	2	[1.0, 5.0]	1	temf_till
60.70833333333333	35.958333333333314	2	[1.0, 5.0]	1	ofib_till,temf_till
60.70833333333333	36.04166666666666	2	[1.0, 5.0]	1	temf_till
60.70833333333333	37.04166666666666	2	[1.0, 5.0]	1	ofib_till,temf_till
60.70833333333333	37.12499999999997	2	[1.0, 5.0]	1	ofib_till,temf_till
60.70833333333333	37.37499999999997	2	[1.0, 5.0]	1	ofib_till,temf_till
60.70833333333333	38.37499999999997	2	[1.0, 5.0]	1	temf_till
60.70833333333333	38.458333333333314	2	[1.0, 5.0]	1	temf_till
60.70833333333333	38.54166666666666	2	[1.0, 5.0]	1	temf_till
60.70833333333333	38.62499999999997	2	[1.0, 5.0]	1	temf_till
60.70833333333333	38.708333333333314	2	[1.0, 5.0]	1	temf_till
60.70833333333333	39.12499999999997	2	[1.0, 5.0]	1	temf_till
60.70833333333333	39.208333333333314	2	[1.0, 5.0]	1	temf_till
60.70833333333333	39.29166666666666	2	[1.0, 5.0]	1	temf_till
60.70833333333333	39.37499999999997	2	[1.0, 5.0]	1	temf_till
60.70833333333333	39.458333333333314	2	[1.0, 5.0]	1	temf_till
60.70833333333333	39.54166666666666	2	[1.0, 5.0]	1	temf_till
60.70833333333333	39.62499999999997	2	[1.0, 5.0]	1	ofib_till,temf_till
60.70833333333333	40.37499999999997	2	[1.0, 5.0]	1	ofib_till,temf_till
60.70833333333333	41.54166666666666	2	[1.0, 5.0]	1	temf_till
60.70833333333333	41.62499999999997	2	[1.0, 5.0]	1	temf_till
60.70833333333333	41.708333333333314	2	[1.0, 5.0]	1	temf_till
60.70833333333333	41.79166666666666	2	[1.0, 5.0]	1	temf_till
60.70833333333333	41.87499999999997	2	[1.0, 5.0]	1	temf_till
60.70833333333333	41.958333333333314	2	[1.0, 5.0]	1	temf_till
60.70833333333333	42.04166666666666	2	[1.0, 5.0]	1	temf_till
60.70833333333333	42.12499999999997	2	[1.0, 5.0]	1	temf_till
60.70833333333333	42.29166666666666	2	[1.0, 5.0]	1	temf_till
60.70833333333333	42.54166666666666	2	[1.0, 5.0]	1	temf_till
60.70833333333333	42.62499999999997	2	[1.0, 5.0]	1	temf_till
60.70833333333333	42.708333333333314	2	[1.0, 5.0]	1	temf_till
60.70833333333333	42.79166666666666	2	[1.0, 5.0]	1	temf_till
60.70833333333333	43.12499999999997	2	[1.0, 5.0]	1	temf_till
60.70833333333333	43.208333333333314	2	[1.0, 5.0]	1	temf_till
60.70833333333333	43.29166666666666	2	[1.0, 5.0]	1	temf_till
60.70833333333333	43.708333333333314	2	[1.0, 5.0]	1	temf_till
60.70833333333333	43.79166666666666	2	[1.0, 5.0]	1	temf_till
60.70833333333333	43.87499999999997	2	[1.0, 5.0]	1	temf_till
60.70833333333333	43.958333333333314	2	[1.0, 5.0]	1	temf_till
60.70833333333333	45.54166666666666	2	[1.0, 5.0]	1	temf_till
60.70833333333333	45.62499999999997	2	[1.0, 5.0]	1	temf_till
60.70833333333333	45.708333333333314	2	[1.0, 5.0]	1	temf_till
60.70833333333333	45.79166666666666	2	[1.0, 5.0]	1	temf_till
60.70833333333333	45.87499999999997	2	[1.0, 5.0]	1	temf_till
60.70833333333333	45.958333333333314	2	[1.0, 5.0]	1	temf_till
60.70833333333333	46.12499999999997	2	[1.0, 5.0]	1	temf_till
60.70833333333333	46.208333333333314	2	[1.0, 5.0]	1	temf_till
60.70833333333333	46.29166666666666	2	[1.0, 5.0]	1	temf_till
60.70833333333333	46.37499999999997	2	[1.0, 5.0]	1	temf_till
60.70833333333333	46.458333333333314	2	[1.0, 5.0]	1	temf_till
60.70833333333333	47.458333333333314	2	[1.0, 5.0]	1	temf_till
60.70833333333333	47.54166666666666	2	[1.0, 5.0]	1	temf_till
60.70833333333333	48.708333333333314	2	[1.0, 5.0]	1	temf_till
60.70833333333333	48.958333333333314	2	[1.0, 5.0]	1	temf_till
60.70833333333333	49.04166666666666	2	[1.0, 5.0]	1	temf_till
60.70833333333333	49.12499999999997	2	[1.0, 5.0]	1	temf_till
60.70833333333333	49.29166666666666	2	[1.0, 5.0]	1	temf_till
60.70833333333333	49.87499999999997	2	[1.0, 5.0]	1	temf_till
60.70833333333333	49.958333333333314	2	[1.0, 5.0]	1	temf_till
60.70833333333333	50.29166666666666	2	[1.0, 5.0]	1	temf_till
60.70833333333333	50.708333333333314	2	[1.0, 5.0]	1	temf_till
60.70833333333333	56.458333333333314	2	[1.0, 5.0]	1	temf_till
60.70833333333333	56.54166666666666	2	[1.0, 5.0]	1	temf_till
60.70833333333333	56.62499999999997	2	[1.0, 5.0]	1	temf_till
60.70833333333333	56.708333333333314	2	[1.0, 5.0]	1	temf_till
60.70833333333333	56.87499999999997	2	[1.0, 5.0]	1	temf_till
60.70833333333333	56.958333333333314	2	[1.0, 5.0]	1	temf_till
60.70833333333333	63.708333333333314	2	[1.0, 5.0]	1	temf_till
60.70833333333333	63.79166666666666	2	[1.0, 5.0]	1	temf_till
60.70833333333333	72.87499999999997	2	[1.0, 5.0]	1	temf_till
60.625	10.624999999999972	2	[1.0, 5.0]	1	temf_till
60.625	21.458333333333314	2	[1.0, 5.0]	1	temf_till
60.625	21.541666666666657	2	[1.0, 5.0]	1	temf_till
60.625	21.62499999999997	2	[1.0, 5.0]	1	temf_till
60.625	21.708333333333314	2	[1.0, 5.0]	1	temf_till
60.625	21.791666666666657	2	[1.0, 5.0]	1	temf_till
60.625	21.87499999999997	2	[1.0, 5.0]	1	temf_till
60.625	21.958333333333314	2	[1.0, 5.0]	1	temf_till
60.625	22.041666666666657	2	[1.0, 5.0]	1	temf_till
60.625	22.12499999999997	2	[1.0, 5.0]	1	temf_till
60.625	22.208333333333314	2	[1.0, 5.0]	1	temf_till
60.625	22.291666666666657	2	[1.0, 5.0]	1	temf_till
60.625	22.37499999999997	2	[1.0, 5.0]	1	temf_till
60.625	22.458333333333314	2	[1.0, 5.0]	1	temf_till
60.625	22.541666666666657	2	[1.0, 5.0]	1	temf_till
60.625	22.62499999999997	2	[1.0, 5.0]	1	temf_till
60.625	22.708333333333314	2	[1.0, 5.0]	1	temf_till
60.625	22.791666666666657	2	[1.0, 5.0]	1	temf_till
60.625	22.87499999999997	2	[1.0, 5.0]	1	temf_till
60.625	22.958333333333314	2	[1.0, 5.0]	1	temf_till
60.625	23.041666666666657	2	[1.0, 5.0]	1	temf_till
60.625	23.12499999999997	2	[1.0, 5.0]	1	temf_till
60.625	23.208333333333314	2	[1.0, 5.0]	1	temf_till
60.625	23.291666666666657	2	[1.0, 5.0]	1	temf_till
60.625	23.37499999999997	2	[1.0, 5.0]	1	temf_till
60.625	23.458333333333314	2	[1.0, 5.0]	1	temf_till
60.625	23.541666666666657	2	[1.0, 5.0]	1	temf_till
60.625	23.62499999999997	2	[1.0, 5.0]	1	temf_till
60.625	23.708333333333314	2	[1.0, 5.0]	1	temf_till
60.625	24.208333333333314	3	[1.0, 4.0, 5.0]	4	temf_till,pota_till
60.625	24.291666666666657	3	[1.0, 4.0, 5.0]	4	temf_till,pota_till
60.625	24.37499999999997	3	[1.0, 4.0, 5.0]	4	temf_till,pota_till
60.625	24.458333333333314	2	[1.0, 5.0]	1	temf_till
60.625	24.541666666666657	2	[1.0, 5.0]	1	temf_till
60.625	24.62499999999997	2	[1.0, 5.0]	1	temf_till
60.625	24.708333333333314	2	[1.0, 5.0]	1	temf_till
60.625	24.791666666666657	2	[1.0, 5.0]	1	temf_till
60.625	24.87499999999997	2	[1.0, 5.0]	1	temf_till
60.625	24.958333333333314	2	[1.0, 5.0]	1	temf_till
60.625	25.041666666666657	2	[1.0, 5.0]	1	temf_till
60.625	25.12499999999997	2	[1.0, 5.0]	1	temf_till
60.625	25.208333333333314	2	[1.0, 5.0]	1	temf_till
60.625	25.291666666666657	2	[1.0, 5.0]	1	temf_till
60.625	25.37499999999997	2	[1.0, 5.0]	1	temf_till
60.625	25.458333333333314	2	[1.0, 5.0]	1	temf_till
60.625	25.541666666666657	2	[1.0, 5.0]	1	temf_till
60.625	25.62499999999997	2	[1.0, 5.0]	1	temf_till
60.625	25.708333333333314	2	[1.0, 5.0]	1	temf_till
60.625	25.791666666666657	2	[1.0, 5.0]	1	temf_till
60.625	25.87499999999997	2	[1.0, 5.0]	1	temf_till
60.625	25.958333333333314	2	[1.0, 5.0]	1	temf_till
60.625	26.041666666666657	2	[1.0, 5.0]	1	temf_till
60.625	26.12499999999997	2	[1.0, 5.0]	1	temf_till
60.625	26.208333333333314	2	[1.0, 5.0]	1	temf_till
60.625	26.291666666666657	2	[1.0, 5.0]	1	temf_till
60.625	26.37499999999997	2	[1.0, 5.0]	1	temf_till
60.625	26.458333333333314	2	[1.0, 5.0]	1	temf_till
60.625	26.541666666666657	2	[1.0, 5.0]	1	temf_till
60.625	26.62499999999997	2	[1.0, 5.0]	1	temf_till
60.625	26.708333333333314	2	[1.0, 5.0]	1	temf_till
60.625	26.791666666666657	2	[1.0, 5.0]	1	temf_till
60.625	26.958333333333314	2	[1.0, 5.0]	1	temf_till
60.625	27.041666666666657	2	[1.0, 5.0]	1	temf_till
60.625	27.12499999999997	2	[1.0, 5.0]	1	temf_till
60.625	27.208333333333314	2	[1.0, 5.0]	1	temf_till
60.625	27.291666666666657	2	[1.0, 5.0]	1	temf_till
60.625	27.458333333333314	2	[1.0, 5.0]	1	temf_till
60.625	27.62499999999997	2	[1.0, 5.0]	1	temf_till
60.625	27.708333333333314	2	[1.0, 5.0]	1	temf_till
60.625	27.791666666666657	2	[1.0, 5.0]	1	temf_till
60.625	27.87499999999997	2	[1.0, 5.0]	1	temf_till
60.625	27.958333333333314	2	[1.0, 5.0]	1	temf_till
60.625	28.12499999999997	2	[1.0, 5.0]	1	temf_till
60.625	28.208333333333314	2	[1.0, 5.0]	1	temf_till
60.625	28.291666666666657	2	[1.0, 5.0]	1	temf_till
60.625	28.37499999999997	2	[1.0, 5.0]	1	temf_till
60.625	28.791666666666657	2	[1.0, 5.0]	1	temf_till
60.625	28.87499999999997	2	[1.0, 5.0]	1	temf_till
60.625	29.12499999999997	2	[1.0, 5.0]	1	temf_till
60.625	29.208333333333314	2	[1.0, 5.0]	1	temf_till
60.625	29.291666666666657	2	[1.0, 5.0]	1	temf_till
60.625	29.37499999999997	2	[1.0, 5.0]	1	temf_till
60.625	29.458333333333314	2	[1.0, 5.0]	1	temf_till
60.625	29.541666666666657	2	[1.0, 5.0]	1	temf_till
60.625	29.62499999999997	2	[1.0, 5.0]	1	temf_till
60.625	29.708333333333314	2	[1.0, 5.0]	1	temf_till
60.625	29.791666666666657	2	[1.0, 5.0]	1	temf_till
60.625	29.958333333333314	2	[1.0, 5.0]	1	temf_till
60.625	30.041666666666657	2	[1.0, 5.0]	1	temf_till
60.625	30.12499999999997	2	[1.0, 5.0]	1	temf_till
60.625	30.291666666666657	2	[1.0, 5.0]	1	temf_till
60.625	30.37499999999997	2	[1.0, 5.0]	1	temf_till
60.625	30.458333333333314	2	[1.0, 5.0]	1	temf_till
60.625	30.541666666666657	2	[1.0, 5.0]	1	temf_till
60.625	33.208333333333314	2	[1.0, 5.0]	1	temf_till
60.625	33.29166666666666	2	[1.0, 5.0]	1	temf_till
60.625	33.37499999999997	2	[1.0, 5.0]	1	temf_till
60.625	33.54166666666666	2	[1.0, 5.0]	1	temf_till
60.625	33.62499999999997	2	[1.0, 5.0]	1	temf_till
60.625	33.708333333333314	2	[1.0, 5.0]	1	temf_till
60.625	33.79166666666666	2	[1.0, 5.0]	1	temf_till
60.625	33.87499999999997	2	[1.0, 5.0]	1	temf_till
60.625	34.62499999999997	2	[1.0, 5.0]	1	temf_till
60.625	34.708333333333314	2	[1.0, 5.0]	1	temf_till
60.625	34.79166666666666	2	[1.0, 5.0]	1	temf_till
60.625	34.87499999999997	2	[1.0, 5.0]	1	temf_till
60.625	35.958333333333314	2	[1.0, 5.0]	1	temf_till
60.625	36.04166666666666	2	[1.0, 5.0]	1	temf_till
60.625	36.37499999999997	2	[1.0, 5.0]	1	ofib_till,temf_till
60.625	36.458333333333314	2	[1.0, 5.0]	1	ofib_till,temf_till
60.625	36.79166666666666	2	[1.0, 5.0]	1	ofib_till,temf_till
60.625	36.958333333333314	2	[1.0, 5.0]	1	ofib_till,temf_till
60.625	37.29166666666666	2	[1.0, 5.0]	1	temf_till
60.625	37.37499999999997	2	[1.0, 5.0]	1	ofib_till,temf_till
60.625	37.458333333333314	2	[1.0, 5.0]	1	ofib_till,temf_till
60.625	37.87499999999997	2	[1.0, 5.0]	1	temf_till
60.625	37.958333333333314	2	[1.0, 5.0]	1	ofib_till,temf_till
60.625	38.04166666666666	2	[1.0, 5.0]	1	ofib_till,temf_till
60.625	38.12499999999997	2	[1.0, 5.0]	1	temf_till
60.625	38.208333333333314	2	[1.0, 5.0]	1	temf_till
60.625	38.29166666666666	2	[1.0, 5.0]	1	temf_till
60.625	38.37499999999997	2	[1.0, 5.0]	1	temf_till
60.625	38.458333333333314	2	[1.0, 5.0]	1	temf_till
60.625	38.54166666666666	2	[1.0, 5.0]	1	temf_till
60.625	38.62499999999997	2	[1.0, 5.0]	1	temf_till
60.625	38.708333333333314	2	[1.0, 5.0]	1	temf_till
60.625	38.79166666666666	2	[1.0, 5.0]	1	ofib_till,temf_till
60.625	39.208333333333314	2	[1.0, 5.0]	1	ofib_till,temf_till
60.625	39.29166666666666	2	[1.0, 5.0]	1	ofib_till,temf_till
60.625	39.37499999999997	2	[1.0, 5.0]	1	temf_till
60.625	39.458333333333314	2	[1.0, 5.0]	1	temf_till
60.625	39.54166666666666	2	[1.0, 5.0]	1	temf_till
60.625	39.62499999999997	2	[1.0, 5.0]	1	ofib_till,temf_till
60.625	39.79166666666666	2	[1.0, 5.0]	1	ofib_till,temf_till
60.625	39.87499999999997	2	[1.0, 5.0]	1	ofib_till,temf_till
60.625	40.12499999999997	2	[1.0, 5.0]	1	ofib_till,temf_till
60.625	40.208333333333314	2	[1.0, 5.0]	1	ofib_till,temf_till
60.625	40.29166666666666	2	[1.0, 5.0]	1	ofib_till,temf_till
60.625	40.37499999999997	2	[1.0, 5.0]	1	ofib_till,temf_till
60.625	40.54166666666666	2	[1.0, 5.0]	1	ofib_till,temf_till
60.625	40.62499999999997	2	[1.0, 5.0]	1	ofib_till,temf_till
60.625	41.54166666666666	2	[1.0, 5.0]	1	temf_till
60.625	41.708333333333314	2	[1.0, 5.0]	1	temf_till
60.625	41.79166666666666	2	[1.0, 5.0]	1	temf_till
60.625	41.87499999999997	2	[1.0, 5.0]	1	temf_till
60.625	42.12499999999997	2	[1.0, 5.0]	1	temf_till
60.625	42.54166666666666	2	[1.0, 5.0]	1	temf_till
60.625	42.62499999999997	2	[1.0, 5.0]	1	temf_till
60.625	42.708333333333314	2	[1.0, 5.0]	1	temf_till
60.625	43.208333333333314	2	[1.0, 5.0]	1	temf_till
60.625	43.29166666666666	2	[1.0, 5.0]	1	temf_till
60.625	43.37499999999997	2	[1.0, 5.0]	1	temf_till
60.625	43.458333333333314	2	[1.0, 5.0]	1	temf_till
60.625	43.54166666666666	2	[1.0, 5.0]	1	temf_till
60.625	43.62499999999997	2	[1.0, 5.0]	1	temf_till
60.625	43.708333333333314	2	[1.0, 5.0]	1	temf_till
60.625	43.79166666666666	2	[1.0, 5.0]	1	temf_till
60.625	43.87499999999997	2	[1.0, 5.0]	1	temf_till
60.625	44.208333333333314	2	[1.0, 5.0]	1	temf_till
60.625	44.958333333333314	2	[1.0, 5.0]	1	temf_till
60.625	45.04166666666666	2	[1.0, 5.0]	1	temf_till
60.625	45.458333333333314	2	[1.0, 5.0]	1	temf_till
60.625	45.54166666666666	2	[1.0, 5.0]	1	temf_till
60.625	45.62499999999997	2	[1.0, 5.0]	1	temf_till
60.625	45.708333333333314	2	[1.0, 5.0]	1	temf_till
60.625	45.79166666666666	2	[1.0, 5.0]	1	temf_till
60.625	45.87499999999997	2	[1.0, 5.0]	1	temf_till
60.625	45.958333333333314	2	[1.0, 5.0]	1	temf_till
60.625	46.04166666666666	2	[1.0, 5.0]	1	temf_till
60.625	46.12499999999997	2	[1.0, 5.0]	1	ofib_till,temf_till
60.625	46.208333333333314	2	[1.0, 5.0]	1	ofib_till,temf_till
60.625	46.29166666666666	2	[1.0, 5.0]	1	ofib_till,temf_till
60.625	46.37499999999997	2	[1.0, 5.0]	1	temf_till
60.625	46.54166666666666	2	[1.0, 5.0]	1	ofib_till,temf_till
60.625	46.708333333333314	2	[1.0, 5.0]	1	ofib_till,temf_till
60.625	46.79166666666666	2	[1.0, 5.0]	1	ofib_till,temf_till
60.625	46.87499999999997	2	[1.0, 5.0]	1	ofib_till,temf_till
60.625	46.958333333333314	2	[1.0, 5.0]	1	ofib_till,temf_till
60.625	48.708333333333314	2	[1.0, 5.0]	1	temf_till
60.625	48.79166666666666	2	[1.0, 5.0]	1	temf_till
60.625	48.87499999999997	2	[1.0, 5.0]	1	temf_till
60.625	48.958333333333314	2	[1.0, 5.0]	1	temf_till
60.625	49.04166666666666	2	[1.0, 5.0]	1	temf_till
60.625	49.12499999999997	2	[1.0, 5.0]	1	temf_till
60.625	49.37499999999997	2	[1.0, 5.0]	1	temf_till
60.625	49.79166666666666	2	[1.0, 5.0]	1	temf_till
60.625	56.12499999999997	2	[1.0, 5.0]	1	temf_till
60.625	56.208333333333314	2	[1.0, 5.0]	1	temf_till
60.625	56.29166666666666	2	[1.0, 5.0]	1	temf_till
60.625	56.37499999999997	2	[1.0, 5.0]	1	temf_till
60.625	56.458333333333314	2	[1.0, 5.0]	1	temf_till
60.625	56.54166666666666	2	[1.0, 5.0]	1	temf_till
60.625	56.62499999999997	2	[1.0, 5.0]	1	temf_till
60.625	56.708333333333314	2	[1.0, 5.0]	1	temf_till
60.625	56.79166666666666	2	[1.0, 5.0]	1	temf_till
60.541666666666664	21.62499999999997	2	[1.0, 5.0]	1	temf_till
60.541666666666664	21.87499999999997	2	[1.0, 5.0]	1	temf_till
60.541666666666664	21.958333333333314	2	[1.0, 5.0]	1	temf_till
60.541666666666664	22.041666666666657	2	[1.0, 5.0]	1	temf_till
60.541666666666664	22.12499999999997	2	[1.0, 5.0]	1	temf_till
60.541666666666664	22.208333333333314	2	[1.0, 5.0]	1	temf_till
60.541666666666664	22.291666666666657	2	[1.0, 5.0]	1	temf_till
60.541666666666664	22.37499999999997	2	[1.0, 5.0]	1	temf_till
60.541666666666664	22.458333333333314	2	[1.0, 5.0]	1	temf_till
60.541666666666664	22.541666666666657	2	[1.0, 5.0]	1	temf_till
60.541666666666664	22.62499999999997	2	[1.0, 5.0]	1	temf_till
60.541666666666664	22.708333333333314	2	[1.0, 5.0]	1	temf_till
60.541666666666664	22.791666666666657	2	[1.0, 5.0]	1	temf_till
60.541666666666664	22.87499999999997	2	[1.0, 5.0]	1	temf_till
60.541666666666664	22.958333333333314	2	[1.0, 5.0]	1	temf_till
60.541666666666664	23.041666666666657	2	[1.0, 5.0]	1	temf_till
60.541666666666664	23.12499999999997	2	[1.0, 5.0]	1	temf_till
60.541666666666664	23.208333333333314	2	[1.0, 5.0]	1	temf_till
60.541666666666664	23.291666666666657	2	[1.0, 5.0]	1	temf_till
60.541666666666664	23.37499999999997	2	[1.0, 5.0]	1	temf_till
60.541666666666664	23.458333333333314	2	[1.0, 5.0]	1	temf_till
60.541666666666664	23.541666666666657	2	[1.0, 5.0]	1	temf_till
60.541666666666664	23.62499999999997	2	[1.0, 5.0]	1	temf_till
60.541666666666664	23.708333333333314	2	[1.0, 5.0]	1	temf_till
60.541666666666664	23.791666666666657	2	[1.0, 5.0]	1	temf_till
60.541666666666664	23.958333333333314	3	[1.0, 4.0, 5.0]	4	temf_till,pota_till
60.541666666666664	24.12499999999997	3	[1.0, 4.0, 5.0]	4	temf_till,pota_till
60.541666666666664	24.208333333333314	3	[1.0, 4.0, 5.0]	4	temf_till,pota_till
60.541666666666664	24.291666666666657	3	[1.0, 4.0, 5.0]	4	temf_till,pota_till
60.541666666666664	24.37499999999997	3	[1.0, 4.0, 5.0]	4	temf_till,pota_till
60.541666666666664	24.541666666666657	3	[1.0, 4.0, 5.0]	4	temf_till,pota_till
60.541666666666664	24.708333333333314	2	[1.0, 5.0]	1	temf_till
60.541666666666664	24.791666666666657	2	[1.0, 5.0]	1	temf_till
60.541666666666664	24.87499999999997	2	[1.0, 5.0]	1	temf_till
60.541666666666664	24.958333333333314	2	[1.0, 5.0]	1	temf_till
60.541666666666664	25.041666666666657	2	[1.0, 5.0]	1	temf_till
60.541666666666664	25.12499999999997	2	[1.0, 5.0]	1	temf_till
60.541666666666664	25.208333333333314	2	[1.0, 5.0]	1	temf_till
60.541666666666664	25.291666666666657	2	[1.0, 5.0]	1	temf_till
60.541666666666664	25.37499999999997	2	[1.0, 5.0]	1	temf_till
60.541666666666664	25.458333333333314	2	[1.0, 5.0]	1	temf_till
60.541666666666664	25.541666666666657	2	[1.0, 5.0]	1	temf_till
60.541666666666664	25.62499999999997	2	[1.0, 5.0]	1	temf_till
60.541666666666664	25.708333333333314	2	[1.0, 5.0]	1	temf_till
60.541666666666664	25.791666666666657	2	[1.0, 5.0]	1	temf_till
60.541666666666664	25.87499999999997	2	[1.0, 5.0]	1	temf_till
60.541666666666664	25.958333333333314	2	[1.0, 5.0]	1	temf_till
60.541666666666664	26.041666666666657	2	[1.0, 5.0]	1	temf_till
60.541666666666664	26.12499999999997	2	[1.0, 5.0]	1	temf_till
60.541666666666664	26.208333333333314	2	[1.0, 5.0]	1	temf_till
60.541666666666664	26.291666666666657	2	[1.0, 5.0]	1	temf_till
60.541666666666664	26.458333333333314	2	[1.0, 5.0]	1	temf_till
60.541666666666664	26.708333333333314	2	[1.0, 5.0]	1	temf_till
60.541666666666664	26.791666666666657	2	[1.0, 5.0]	1	temf_till
60.541666666666664	26.87499999999997	2	[1.0, 5.0]	1	temf_till
60.541666666666664	26.958333333333314	2	[1.0, 5.0]	1	temf_till
60.541666666666664	27.291666666666657	2	[1.0, 5.0]	1	temf_till
60.541666666666664	27.458333333333314	2	[1.0, 5.0]	1	temf_till
60.541666666666664	27.541666666666657	2	[1.0, 5.0]	1	temf_till
60.541666666666664	27.62499999999997	2	[1.0, 5.0]	1	temf_till
60.541666666666664	27.708333333333314	2	[1.0, 5.0]	1	temf_till
60.541666666666664	27.791666666666657	2	[4.0, 5.0]	4	temf_till
60.541666666666664	27.87499999999997	2	[1.0, 5.0]	1	temf_till
60.541666666666664	28.708333333333314	2	[1.0, 5.0]	1	temf_till
60.541666666666664	28.791666666666657	2	[1.0, 5.0]	1	temf_till
60.541666666666664	28.87499999999997	2	[1.0, 5.0]	1	temf_till
60.541666666666664	28.958333333333314	2	[1.0, 5.0]	1	temf_till
60.541666666666664	29.291666666666657	2	[1.0, 5.0]	1	temf_till
60.541666666666664	29.37499999999997	2	[1.0, 5.0]	1	temf_till
60.541666666666664	29.458333333333314	2	[1.0, 5.0]	1	temf_till
60.541666666666664	29.541666666666657	2	[1.0, 5.0]	1	temf_till
60.541666666666664	29.62499999999997	2	[1.0, 5.0]	1	temf_till
60.541666666666664	29.708333333333314	2	[1.0, 5.0]	1	temf_till
60.541666666666664	29.791666666666657	2	[1.0, 5.0]	1	temf_till
60.541666666666664	30.12499999999997	2	[1.0, 5.0]	1	temf_till
60.541666666666664	30.291666666666657	2	[1.0, 5.0]	1	temf_till
60.541666666666664	30.37499999999997	2	[1.0, 5.0]	1	temf_till
60.541666666666664	30.458333333333314	2	[1.0, 5.0]	1	temf_till
60.541666666666664	30.541666666666657	2	[1.0, 5.0]	1	temf_till
60.541666666666664	30.62499999999997	2	[1.0, 5.0]	1	temf_till
60.541666666666664	30.708333333333314	2	[1.0, 5.0]	1	temf_till
60.541666666666664	33.04166666666666	2	[1.0, 5.0]	1	temf_till
60.541666666666664	33.37499999999997	2	[1.0, 5.0]	1	temf_till
60.541666666666664	33.458333333333314	2	[1.0, 5.0]	1	temf_till
60.541666666666664	33.54166666666666	2	[1.0, 5.0]	1	temf_till
60.541666666666664	33.62499999999997	2	[1.0, 5.0]	1	temf_till
60.541666666666664	33.708333333333314	2	[1.0, 5.0]	1	temf_till
60.541666666666664	33.79166666666666	2	[1.0, 5.0]	1	temf_till
60.541666666666664	33.87499999999997	2	[1.0, 5.0]	1	temf_till
60.541666666666664	33.958333333333314	2	[1.0, 5.0]	1	temf_till
60.541666666666664	34.04166666666666	2	[1.0, 5.0]	1	temf_till
60.541666666666664	34.12499999999997	2	[1.0, 5.0]	1	temf_till
60.541666666666664	34.208333333333314	2	[1.0, 5.0]	1	temf_till
60.541666666666664	34.29166666666666	2	[1.0, 5.0]	1	temf_till
60.541666666666664	34.37499999999997	2	[1.0, 5.0]	1	temf_till
60.541666666666664	34.458333333333314	2	[1.0, 5.0]	1	temf_till
60.541666666666664	34.54166666666666	2	[1.0, 5.0]	1	temf_till
60.541666666666664	34.62499999999997	2	[1.0, 5.0]	1	temf_till
60.541666666666664	34.708333333333314	2	[1.0, 5.0]	1	temf_till
60.541666666666664	35.87499999999997	2	[1.0, 5.0]	1	temf_till
60.541666666666664	35.958333333333314	2	[1.0, 5.0]	1	temf_till
60.541666666666664	36.04166666666666	2	[1.0, 5.0]	1	temf_till
60.541666666666664	36.12499999999997	2	[1.0, 5.0]	1	ofib_till,temf_till
60.541666666666664	36.208333333333314	2	[1.0, 5.0]	1	ofib_till,temf_till
60.541666666666664	37.04166666666666	2	[1.0, 5.0]	1	ofib_till,temf_till
60.541666666666664	37.29166666666666	2	[1.0, 5.0]	1	ofib_till,temf_till
60.541666666666664	37.37499999999997	2	[1.0, 5.0]	1	temf_till
60.541666666666664	37.458333333333314	2	[1.0, 5.0]	1	temf_till
60.541666666666664	37.54166666666666	2	[1.0, 5.0]	1	temf_till
60.541666666666664	37.62499999999997	2	[1.0, 5.0]	1	temf_till
60.541666666666664	37.708333333333314	2	[1.0, 5.0]	1	temf_till
60.541666666666664	37.79166666666666	2	[1.0, 5.0]	1	temf_till
60.541666666666664	37.87499999999997	2	[1.0, 5.0]	1	ofib_till,temf_till
60.541666666666664	37.958333333333314	2	[1.0, 5.0]	1	ofib_till,temf_till
60.541666666666664	38.04166666666666	2	[1.0, 5.0]	1	temf_till
60.541666666666664	38.12499999999997	2	[1.0, 5.0]	1	temf_till
60.541666666666664	38.208333333333314	2	[1.0, 5.0]	1	ofib_till,temf_till
60.541666666666664	38.29166666666666	2	[1.0, 5.0]	1	temf_till
60.541666666666664	38.37499999999997	2	[1.0, 5.0]	1	temf_till
60.541666666666664	38.458333333333314	2	[1.0, 5.0]	1	temf_till
60.541666666666664	38.54166666666666	2	[1.0, 5.0]	1	ofib_till,temf_till
60.541666666666664	38.62499999999997	2	[1.0, 5.0]	1	temf_till
60.541666666666664	38.708333333333314	2	[1.0, 5.0]	1	temf_till
60.541666666666664	38.958333333333314	2	[1.0, 5.0]	1	ofib_till,temf_till
60.541666666666664	39.458333333333314	2	[1.0, 5.0]	1	ofib_till,temf_till
60.541666666666664	39.54166666666666	2	[1.0, 5.0]	1	ofib_till,temf_till
60.541666666666664	39.62499999999997	2	[1.0, 5.0]	1	ofib_till,temf_till
60.541666666666664	39.708333333333314	2	[1.0, 5.0]	1	ofib_till,temf_till
60.541666666666664	39.79166666666666	2	[1.0, 5.0]	1	ofib_till,temf_till
60.541666666666664	39.87499999999997	2	[1.0, 5.0]	1	ofib_till,temf_till
60.541666666666664	39.958333333333314	2	[1.0, 5.0]	1	temf_till
60.541666666666664	40.29166666666666	2	[1.0, 5.0]	1	ofib_till,temf_till
60.541666666666664	40.37499999999997	2	[1.0, 5.0]	1	ofib_till,temf_till
60.541666666666664	40.458333333333314	2	[1.0, 5.0]	1	ofib_till,temf_till
60.541666666666664	41.04166666666666	2	[1.0, 5.0]	1	temf_till
60.541666666666664	41.12499999999997	2	[1.0, 5.0]	1	temf_till
60.541666666666664	41.62499999999997	2	[1.0, 5.0]	1	temf_till
60.541666666666664	41.708333333333314	2	[1.0, 5.0]	1	ofib_till,temf_till
60.541666666666664	41.79166666666666	2	[1.0, 5.0]	1	ofib_till,temf_till
60.541666666666664	41.87499999999997	2	[1.0, 5.0]	1	ofib_till,temf_till
60.541666666666664	42.62499999999997	2	[1.0, 5.0]	1	temf_till
60.541666666666664	42.708333333333314	2	[1.0, 5.0]	1	temf_till
60.541666666666664	43.04166666666666	2	[1.0, 5.0]	1	temf_till
60.541666666666664	43.12499999999997	2	[1.0, 5.0]	1	temf_till
60.541666666666664	43.208333333333314	2	[1.0, 5.0]	1	temf_till
60.541666666666664	43.29166666666666	2	[1.0, 5.0]	1	temf_till
60.541666666666664	43.37499999999997	2	[1.0, 5.0]	1	temf_till
60.541666666666664	43.458333333333314	2	[1.0, 5.0]	1	temf_till
60.541666666666664	43.54166666666666	2	[1.0, 5.0]	1	temf_till
60.541666666666664	43.62499999999997	2	[1.0, 5.0]	1	temf_till
60.541666666666664	43.708333333333314	2	[1.0, 5.0]	1	temf_till
60.541666666666664	44.04166666666666	2	[1.0, 5.0]	1	temf_till
60.541666666666664	44.12499999999997	2	[1.0, 5.0]	1	temf_till
60.541666666666664	44.208333333333314	2	[1.0, 5.0]	1	temf_till
60.541666666666664	44.79166666666666	2	[1.0, 5.0]	1	temf_till
60.541666666666664	44.87499999999997	2	[1.0, 5.0]	1	temf_till
60.541666666666664	44.958333333333314	2	[1.0, 5.0]	1	temf_till
60.541666666666664	45.208333333333314	2	[1.0, 5.0]	1	temf_till
60.541666666666664	45.29166666666666	2	[1.0, 5.0]	1	temf_till
60.541666666666664	45.37499999999997	2	[1.0, 5.0]	1	temf_till
60.541666666666664	45.458333333333314	2	[1.0, 5.0]	1	temf_till
60.541666666666664	45.54166666666666	2	[1.0, 5.0]	1	temf_till
60.541666666666664	45.62499999999997	2	[1.0, 5.0]	1	temf_till
60.541666666666664	45.708333333333314	2	[1.0, 5.0]	1	temf_till
60.541666666666664	46.208333333333314	2	[1.0, 5.0]	1	ofib_till,temf_till
60.541666666666664	46.29166666666666	2	[1.0, 5.0]	1	ofib_till,temf_till
60.541666666666664	46.37499999999997	2	[1.0, 5.0]	1	temf_till
60.541666666666664	46.458333333333314	2	[1.0, 5.0]	1	ofib_till,temf_till
60.541666666666664	46.54166666666666	2	[1.0, 5.0]	1	ofib_till,temf_till
60.541666666666664	46.62499999999997	2	[1.0, 5.0]	1	ofib_till,temf_till
60.541666666666664	46.79166666666666	2	[1.0, 5.0]	1	ofib_till,temf_till
60.541666666666664	48.708333333333314	2	[1.0, 5.0]	1	temf_till
60.541666666666664	48.79166666666666	2	[1.0, 5.0]	1	temf_till
60.541666666666664	48.87499999999997	2	[1.0, 5.0]	1	temf_till
60.541666666666664	49.958333333333314	2	[1.0, 5.0]	1	temf_till
60.541666666666664	50.87499999999997	2	[1.0, 5.0]	1	temf_till
60.541666666666664	51.04166666666666	2	[1.0, 5.0]	1	temf_till
60.541666666666664	51.12499999999997	2	[1.0, 5.0]	1	temf_till
60.541666666666664	56.54166666666666	2	[1.0, 5.0]	1	temf_till
60.541666666666664	56.62499999999997	2	[1.0, 5.0]	1	temf_till
60.541666666666664	56.708333333333314	2	[1.0, 5.0]	1	temf_till
60.541666666666664	56.79166666666666	2	[1.0, 5.0]	1	temf_till
60.541666666666664	63.458333333333314	2	[1.0, 5.0]	1	temf_till
60.541666666666664	64.29166666666666	2	[1.0, 5.0]	1	temf_till
60.45833333333333	17.62499999999997	2	[1.0, 5.0]	1	ooil_till
60.45833333333333	17.708333333333314	2	[1.0, 5.0]	1	ooil_till
60.45833333333333	17.791666666666657	2	[1.0, 5.0]	1	ooil_till
60.45833333333333	21.87499999999997	3	[1.0, 4.0, 5.0]	4	sugb_till,temf_till,pota_till
60.45833333333333	22.37499999999997	2	[1.0, 5.0]	1	temf_till
60.45833333333333	22.458333333333314	3	[1.0, 4.0, 5.0]	4	sugb_till,temf_till,pota_till
60.45833333333333	22.541666666666657	2	[1.0, 5.0]	1	temf_till
60.45833333333333	22.62499999999997	2	[1.0, 5.0]	1	temf_till
60.45833333333333	22.708333333333314	2	[1.0, 5.0]	1	temf_till
60.45833333333333	22.791666666666657	2	[1.0, 5.0]	1	temf_till
60.45833333333333	22.87499999999997	2	[1.0, 5.0]	1	temf_till
60.45833333333333	22.958333333333314	2	[1.0, 5.0]	1	temf_till
60.45833333333333	23.041666666666657	2	[1.0, 5.0]	1	temf_till
60.45833333333333	23.12499999999997	2	[1.0, 5.0]	1	temf_till
60.45833333333333	23.208333333333314	2	[1.0, 5.0]	1	temf_till
60.45833333333333	23.291666666666657	2	[1.0, 5.0]	1	temf_till
60.45833333333333	23.37499999999997	2	[1.0, 5.0]	1	temf_till
60.45833333333333	23.458333333333314	2	[1.0, 5.0]	1	temf_till
60.45833333333333	23.541666666666657	2	[1.0, 5.0]	1	temf_till
60.45833333333333	23.791666666666657	2	[1.0, 5.0]	1	temf_till
60.45833333333333	23.87499999999997	2	[1.0, 5.0]	1	temf_till
60.45833333333333	23.958333333333314	2	[1.0, 5.0]	1	temf_till
60.45833333333333	24.041666666666657	2	[1.0, 5.0]	1	temf_till
60.45833333333333	24.12499999999997	2	[1.0, 5.0]	1	temf_till
60.45833333333333	24.208333333333314	3	[1.0, 4.0, 5.0]	4	temf_till,pota_till
60.45833333333333	24.291666666666657	3	[1.0, 4.0, 5.0]	4	temf_till,pota_till
60.45833333333333	24.37499999999997	3	[1.0, 4.0, 5.0]	4	temf_till,pota_till
60.45833333333333	24.541666666666657	3	[1.0, 4.0, 5.0]	4	temf_till,pota_till
60.45833333333333	24.62499999999997	2	[1.0, 5.0]	1	temf_till
60.45833333333333	24.708333333333314	2	[1.0, 5.0]	1	temf_till
60.45833333333333	24.791666666666657	2	[1.0, 5.0]	1	temf_till
60.45833333333333	24.87499999999997	2	[1.0, 5.0]	1	temf_till
60.45833333333333	24.958333333333314	2	[1.0, 5.0]	1	temf_till
60.45833333333333	25.041666666666657	2	[1.0, 5.0]	1	temf_till
60.45833333333333	25.12499999999997	2	[1.0, 5.0]	1	temf_till
60.45833333333333	25.208333333333314	2	[1.0, 5.0]	1	temf_till
60.45833333333333	25.291666666666657	2	[1.0, 5.0]	1	temf_till
60.45833333333333	25.37499999999997	2	[1.0, 5.0]	1	temf_till
60.45833333333333	25.458333333333314	2	[1.0, 5.0]	1	temf_till
60.45833333333333	25.541666666666657	2	[1.0, 5.0]	1	temf_till
60.45833333333333	25.62499999999997	2	[1.0, 5.0]	1	temf_till
60.45833333333333	25.708333333333314	2	[1.0, 5.0]	1	temf_till
60.45833333333333	25.791666666666657	2	[1.0, 5.0]	1	temf_till
60.45833333333333	25.87499999999997	2	[1.0, 5.0]	1	temf_till
60.45833333333333	25.958333333333314	2	[1.0, 5.0]	1	temf_till
60.45833333333333	26.041666666666657	2	[1.0, 5.0]	1	temf_till
60.45833333333333	26.12499999999997	2	[1.0, 5.0]	1	temf_till
60.45833333333333	26.208333333333314	2	[1.0, 5.0]	1	temf_till
60.45833333333333	26.37499999999997	2	[1.0, 5.0]	1	temf_till
60.45833333333333	26.541666666666657	2	[1.0, 5.0]	1	temf_till
60.45833333333333	26.62499999999997	2	[1.0, 5.0]	1	temf_till
60.45833333333333	26.791666666666657	2	[1.0, 5.0]	1	temf_till
60.45833333333333	28.87499999999997	2	[1.0, 5.0]	1	temf_till
60.45833333333333	28.958333333333314	2	[1.0, 5.0]	1	temf_till
60.45833333333333	29.041666666666657	2	[1.0, 5.0]	1	temf_till
60.45833333333333	29.12499999999997	2	[1.0, 5.0]	1	temf_till
60.45833333333333	29.37499999999997	2	[1.0, 5.0]	1	temf_till
60.45833333333333	29.541666666666657	2	[1.0, 5.0]	1	temf_till
60.45833333333333	29.62499999999997	2	[1.0, 5.0]	1	temf_till
60.45833333333333	29.708333333333314	2	[1.0, 5.0]	1	temf_till
60.45833333333333	30.458333333333314	2	[1.0, 5.0]	1	temf_till
60.45833333333333	30.541666666666657	2	[1.0, 5.0]	1	temf_till
60.45833333333333	30.62499999999997	2	[1.0, 5.0]	1	temf_till
60.45833333333333	30.708333333333314	2	[1.0, 5.0]	1	temf_till
60.45833333333333	30.791666666666657	2	[1.0, 5.0]	1	temf_till
60.45833333333333	30.87499999999997	2	[1.0, 5.0]	1	temf_till
60.45833333333333	32.79166666666666	2	[1.0, 5.0]	1	temf_till
60.45833333333333	32.87499999999997	2	[1.0, 5.0]	1	temf_till
60.45833333333333	32.958333333333314	2	[1.0, 5.0]	1	temf_till
60.45833333333333	33.04166666666666	2	[1.0, 5.0]	1	temf_till
60.45833333333333	33.12499999999997	2	[1.0, 5.0]	1	temf_till
60.45833333333333	33.208333333333314	2	[1.0, 5.0]	1	temf_till
60.45833333333333	33.29166666666666	2	[1.0, 5.0]	1	temf_till
60.45833333333333	33.37499999999997	2	[1.0, 5.0]	1	temf_till
60.45833333333333	33.458333333333314	2	[1.0, 5.0]	1	temf_till
60.45833333333333	33.54166666666666	2	[1.0, 5.0]	1	temf_till
60.45833333333333	33.62499999999997	2	[1.0, 5.0]	1	temf_till
60.45833333333333	33.708333333333314	2	[1.0, 5.0]	1	temf_till
60.45833333333333	33.79166666666666	2	[1.0, 5.0]	1	temf_till
60.45833333333333	33.87499999999997	2	[1.0, 5.0]	1	temf_till
60.45833333333333	33.958333333333314	2	[1.0, 5.0]	1	temf_till
60.45833333333333	34.04166666666666	2	[1.0, 5.0]	1	temf_till
60.45833333333333	34.12499999999997	2	[1.0, 5.0]	1	temf_till
60.45833333333333	34.208333333333314	2	[1.0, 5.0]	1	temf_till
60.45833333333333	34.29166666666666	2	[1.0, 5.0]	1	temf_till
60.45833333333333	34.37499999999997	2	[1.0, 5.0]	1	temf_till
60.45833333333333	34.708333333333314	2	[1.0, 5.0]	1	temf_till
60.45833333333333	36.708333333333314	2	[1.0, 5.0]	1	temf_till
60.45833333333333	36.79166666666666	2	[1.0, 5.0]	1	ofib_till,temf_till
60.45833333333333	36.87499999999997	2	[1.0, 5.0]	1	temf_till
60.45833333333333	36.958333333333314	2	[1.0, 5.0]	1	temf_till
60.45833333333333	37.04166666666666	2	[1.0, 5.0]	1	temf_till
60.45833333333333	37.12499999999997	2	[1.0, 5.0]	1	temf_till
60.45833333333333	37.208333333333314	2	[1.0, 5.0]	1	temf_till
60.45833333333333	37.29166666666666	2	[1.0, 5.0]	1	temf_till
60.45833333333333	37.37499999999997	2	[1.0, 5.0]	1	temf_till
60.45833333333333	37.458333333333314	2	[1.0, 5.0]	1	temf_till
60.45833333333333	37.54166666666666	2	[1.0, 5.0]	1	temf_till
60.45833333333333	37.62499999999997	2	[1.0, 5.0]	1	ofib_till,temf_till
60.45833333333333	37.708333333333314	2	[1.0, 5.0]	1	temf_till
60.45833333333333	37.79166666666666	2	[1.0, 5.0]	1	temf_till
60.45833333333333	37.87499999999997	2	[1.0, 5.0]	1	ofib_till,temf_till
60.45833333333333	37.958333333333314	2	[1.0, 5.0]	1	ofib_till,temf_till
60.45833333333333	38.04166666666666	2	[1.0, 5.0]	1	temf_till
60.45833333333333	38.12499999999997	2	[1.0, 5.0]	1	temf_till
60.45833333333333	38.208333333333314	2	[1.0, 5.0]	1	temf_till
60.45833333333333	38.29166666666666	2	[1.0, 5.0]	1	temf_till
60.45833333333333	38.37499999999997	2	[1.0, 5.0]	1	temf_till
60.45833333333333	38.458333333333314	2	[1.0, 5.0]	1	temf_till
60.45833333333333	38.54166666666666	2	[1.0, 5.0]	1	temf_till
60.45833333333333	38.62499999999997	2	[1.0, 5.0]	1	ofib_till,temf_till
60.45833333333333	38.708333333333314	2	[1.0, 5.0]	1	temf_till
60.45833333333333	39.208333333333314	2	[1.0, 5.0]	1	ofib_till,temf_till
60.45833333333333	39.29166666666666	2	[1.0, 5.0]	1	ofib_till,temf_till
60.45833333333333	39.458333333333314	2	[1.0, 5.0]	1	ofib_till,temf_till
60.45833333333333	39.79166666666666	2	[1.0, 5.0]	1	ofib_till,temf_till
60.45833333333333	39.87499999999997	2	[1.0, 5.0]	1	ofib_till,temf_till
60.45833333333333	40.04166666666666	2	[1.0, 5.0]	1	ofib_till,temf_till
60.45833333333333	40.12499999999997	2	[1.0, 5.0]	1	ofib_till,temf_till
60.45833333333333	40.208333333333314	2	[1.0, 5.0]	1	ofib_till,temf_till
60.45833333333333	40.29166666666666	2	[1.0, 5.0]	1	ofib_till,temf_till
60.45833333333333	40.37499999999997	2	[1.0, 5.0]	1	ofib_till,temf_till
60.45833333333333	40.958333333333314	2	[1.0, 5.0]	1	ofib_till,temf_till
60.45833333333333	41.04166666666666	2	[1.0, 5.0]	1	ofib_till,temf_till
60.45833333333333	41.12499999999997	2	[1.0, 5.0]	1	temf_till
60.45833333333333	41.208333333333314	2	[1.0, 5.0]	1	ofib_till,temf_till
60.45833333333333	41.29166666666666	2	[1.0, 5.0]	1	ofib_till,temf_till
60.45833333333333	41.54166666666666	2	[1.0, 5.0]	1	temf_till
60.45833333333333	41.62499999999997	2	[1.0, 5.0]	1	ofib_till,temf_till
60.45833333333333	41.708333333333314	2	[1.0, 5.0]	1	ofib_till,temf_till
60.45833333333333	41.79166666666666	2	[1.0, 5.0]	1	ofib_till,temf_till
60.45833333333333	41.87499999999997	2	[1.0, 5.0]	1	ofib_till,temf_till
60.45833333333333	42.12499999999997	2	[1.0, 5.0]	1	temf_till
60.45833333333333	42.208333333333314	2	[1.0, 5.0]	1	temf_till
60.45833333333333	42.87499999999997	2	[1.0, 5.0]	1	temf_till
60.45833333333333	42.958333333333314	2	[1.0, 5.0]	1	temf_till
60.45833333333333	43.04166666666666	2	[1.0, 5.0]	1	temf_till
60.45833333333333	43.12499999999997	2	[1.0, 5.0]	1	temf_till
60.45833333333333	43.208333333333314	2	[1.0, 5.0]	1	temf_till
60.45833333333333	43.29166666666666	2	[1.0, 5.0]	1	temf_till
60.45833333333333	43.37499999999997	2	[1.0, 5.0]	1	temf_till
60.45833333333333	43.458333333333314	2	[1.0, 5.0]	1	temf_till
60.45833333333333	43.54166666666666	2	[1.0, 5.0]	1	temf_till
60.45833333333333	43.62499999999997	2	[1.0, 5.0]	1	temf_till
60.45833333333333	43.708333333333314	2	[1.0, 5.0]	1	temf_till
60.45833333333333	43.79166666666666	2	[1.0, 5.0]	1	temf_till
60.45833333333333	43.87499999999997	2	[1.0, 5.0]	1	temf_till
60.45833333333333	43.958333333333314	2	[1.0, 5.0]	1	temf_till
60.45833333333333	44.04166666666666	2	[1.0, 5.0]	1	temf_till
60.45833333333333	44.12499999999997	2	[1.0, 5.0]	1	ofib_till,temf_till
60.45833333333333	44.208333333333314	2	[1.0, 5.0]	1	ofib_till,temf_till
60.45833333333333	44.29166666666666	2	[1.0, 5.0]	1	ofib_till,temf_till
60.45833333333333	44.37499999999997	2	[1.0, 5.0]	1	temf_till
60.45833333333333	44.458333333333314	2	[1.0, 5.0]	1	ofib_till,temf_till
60.45833333333333	44.54166666666666	2	[1.0, 5.0]	1	ofib_till,temf_till
60.45833333333333	45.37499999999997	2	[1.0, 5.0]	1	ofib_till,temf_till
60.45833333333333	46.29166666666666	2	[1.0, 5.0]	1	ofib_till,temf_till
60.45833333333333	46.37499999999997	2	[1.0, 5.0]	1	ofib_till,temf_till
60.45833333333333	46.458333333333314	2	[1.0, 5.0]	1	ofib_till,temf_till
60.45833333333333	46.54166666666666	2	[1.0, 5.0]	1	ofib_till,temf_till
60.45833333333333	46.62499999999997	2	[1.0, 5.0]	1	ofib_till,temf_till
60.45833333333333	46.708333333333314	2	[1.0, 5.0]	1	ofib_till,temf_till
60.45833333333333	46.79166666666666	2	[1.0, 5.0]	1	ofib_till,temf_till
60.45833333333333	48.62499999999997	2	[1.0, 5.0]	1	temf_till
60.45833333333333	48.708333333333314	2	[1.0, 5.0]	1	temf_till
60.45833333333333	49.54166666666666	2	[1.0, 5.0]	1	temf_till
60.45833333333333	50.958333333333314	2	[1.0, 5.0]	1	temf_till
60.45833333333333	51.04166666666666	2	[1.0, 5.0]	1	temf_till
60.45833333333333	51.12499999999997	2	[1.0, 5.0]	1	temf_till
60.45833333333333	56.04166666666666	2	[1.0, 5.0]	1	temf_till
60.45833333333333	56.12499999999997	2	[1.0, 5.0]	1	temf_till
60.45833333333333	56.208333333333314	2	[1.0, 5.0]	1	temf_till
60.45833333333333	120.29166666666666	2	[1.0, 5.0]	1	temf_till
60.375	17.37499999999997	2	[1.0, 5.0]	1	ooil_till
60.375	17.458333333333314	2	[1.0, 5.0]	1	ooil_till
60.375	17.541666666666657	2	[1.0, 5.0]	1	ooil_till
60.375	17.708333333333314	2	[1.0, 5.0]	1	ooil_till
60.375	19.791666666666657	2	[1.0, 5.0]	1	temf_till
60.375	19.87499999999997	2	[1.0, 5.0]	1	temf_till
60.375	19.958333333333314	2	[1.0, 5.0]	1	temf_till
60.375	20.041666666666657	2	[1.0, 5.0]	1	temf_till
60.375	21.87499999999997	2	[4.0, 5.0]	4	temf_till
60.375	21.958333333333314	3	[1.0, 4.0, 5.0]	4	sugb_till,temf_till,pota_till
60.375	22.37499999999997	3	[1.0, 4.0, 5.0]	4	sugb_till,temf_till,pota_till
60.375	22.62499999999997	2	[1.0, 5.0]	1	temf_till
60.375	22.708333333333314	2	[1.0, 5.0]	1	temf_till
60.375	22.791666666666657	2	[1.0, 5.0]	1	temf_till
60.375	22.87499999999997	2	[1.0, 5.0]	1	temf_till
60.375	22.958333333333314	2	[1.0, 5.0]	1	temf_till
60.375	23.041666666666657	2	[1.0, 5.0]	1	temf_till
60.375	23.12499999999997	2	[1.0, 5.0]	1	temf_till
60.375	23.208333333333314	2	[1.0, 5.0]	1	temf_till
60.375	23.291666666666657	2	[1.0, 5.0]	1	temf_till
60.375	23.37499999999997	2	[1.0, 5.0]	1	temf_till
60.375	23.458333333333314	2	[1.0, 5.0]	1	temf_till
60.375	23.541666666666657	2	[1.0, 5.0]	1	temf_till
60.375	23.708333333333314	2	[1.0, 5.0]	1	temf_till
60.375	23.791666666666657	2	[1.0, 5.0]	1	temf_till
60.375	23.87499999999997	2	[1.0, 5.0]	1	temf_till
60.375	23.958333333333314	2	[1.0, 5.0]	1	temf_till
60.375	24.041666666666657	2	[1.0, 5.0]	1	temf_till
60.375	24.12499999999997	2	[1.0, 5.0]	1	temf_till
60.375	24.208333333333314	3	[1.0, 4.0, 5.0]	4	temf_till,pota_till
60.375	24.291666666666657	3	[1.0, 4.0, 5.0]	4	temf_till,pota_till
60.375	24.37499999999997	3	[1.0, 4.0, 5.0]	4	temf_till,pota_till
60.375	24.458333333333314	3	[1.0, 4.0, 5.0]	4	temf_till,pota_till
60.375	24.541666666666657	2	[1.0, 5.0]	1	temf_till
60.375	24.62499999999997	2	[1.0, 5.0]	1	temf_till
60.375	24.708333333333314	2	[1.0, 5.0]	1	temf_till
60.375	24.791666666666657	2	[1.0, 5.0]	1	temf_till
60.375	24.87499999999997	2	[1.0, 5.0]	1	temf_till
60.375	24.958333333333314	2	[1.0, 5.0]	1	temf_till
60.375	25.041666666666657	2	[1.0, 5.0]	1	temf_till
60.375	25.12499999999997	2	[1.0, 5.0]	1	temf_till
60.375	25.208333333333314	2	[1.0, 5.0]	1	temf_till
60.375	25.291666666666657	2	[1.0, 5.0]	1	temf_till
60.375	25.37499999999997	2	[1.0, 5.0]	1	temf_till
60.375	25.458333333333314	2	[1.0, 5.0]	1	temf_till
60.375	25.541666666666657	2	[1.0, 5.0]	1	temf_till
60.375	25.62499999999997	2	[1.0, 5.0]	1	temf_till
60.375	25.708333333333314	2	[1.0, 5.0]	1	temf_till
60.375	25.791666666666657	2	[1.0, 5.0]	1	temf_till
60.375	25.87499999999997	2	[1.0, 5.0]	1	temf_till
60.375	25.958333333333314	2	[1.0, 5.0]	1	temf_till
60.375	28.708333333333314	2	[1.0, 5.0]	1	temf_till
60.375	28.791666666666657	2	[1.0, 5.0]	1	temf_till
60.375	28.87499999999997	2	[1.0, 5.0]	1	temf_till
60.375	28.958333333333314	2	[1.0, 5.0]	1	temf_till
60.375	29.12499999999997	2	[1.0, 5.0]	1	temf_till
60.375	29.208333333333314	2	[1.0, 5.0]	1	temf_till
60.375	29.291666666666657	2	[1.0, 5.0]	1	temf_till
60.375	29.37499999999997	2	[1.0, 5.0]	1	temf_till
60.375	29.458333333333314	2	[1.0, 5.0]	1	temf_till
60.375	29.958333333333314	2	[1.0, 5.0]	1	temf_till
60.375	30.208333333333314	2	[1.0, 5.0]	1	temf_till
60.375	30.291666666666657	2	[1.0, 5.0]	1	temf_till
60.375	30.37499999999997	2	[1.0, 5.0]	1	temf_till
60.375	30.458333333333314	2	[1.0, 5.0]	1	temf_till
60.375	30.541666666666657	2	[1.0, 5.0]	1	temf_till
60.375	30.62499999999997	2	[1.0, 5.0]	1	temf_till
60.375	30.708333333333314	2	[1.0, 5.0]	1	temf_till
60.375	30.791666666666657	2	[1.0, 5.0]	1	temf_till
60.375	30.87499999999997	2	[1.0, 5.0]	1	temf_till
60.375	32.87499999999997	2	[1.0, 5.0]	1	temf_till
60.375	32.958333333333314	2	[1.0, 5.0]	1	temf_till
60.375	33.12499999999997	2	[1.0, 5.0]	1	temf_till
60.375	33.62499999999997	2	[1.0, 5.0]	1	temf_till
60.375	33.708333333333314	2	[1.0, 5.0]	1	temf_till
60.375	33.79166666666666	2	[1.0, 5.0]	1	temf_till
60.375	33.87499999999997	2	[1.0, 5.0]	1	temf_till
60.375	33.958333333333314	2	[1.0, 5.0]	1	temf_till
60.375	34.04166666666666	2	[1.0, 5.0]	1	temf_till
60.375	34.12499999999997	2	[1.0, 5.0]	1	temf_till
60.375	34.208333333333314	2	[1.0, 5.0]	1	temf_till
60.375	34.29166666666666	2	[1.0, 5.0]	1	temf_till
60.375	34.37499999999997	2	[1.0, 5.0]	1	temf_till
60.375	34.458333333333314	2	[1.0, 5.0]	1	temf_till
60.375	36.12499999999997	2	[1.0, 5.0]	1	ofib_till,temf_till
60.375	36.87499999999997	2	[1.0, 5.0]	1	ofib_till,temf_till
60.375	36.958333333333314	2	[1.0, 5.0]	1	ofib_till,temf_till
60.375	37.04166666666666	2	[1.0, 5.0]	1	temf_till
60.375	37.12499999999997	2	[1.0, 5.0]	1	temf_till
60.375	37.458333333333314	2	[1.0, 5.0]	1	temf_till
60.375	37.54166666666666	2	[1.0, 5.0]	1	temf_till
60.375	37.62499999999997	2	[1.0, 5.0]	1	ofib_till,temf_till
60.375	37.708333333333314	2	[1.0, 5.0]	1	ofib_till,temf_till
60.375	37.79166666666666	2	[1.0, 5.0]	1	ofib_till,temf_till
60.375	37.87499999999997	2	[1.0, 5.0]	1	ofib_till,temf_till
60.375	37.958333333333314	2	[1.0, 5.0]	1	temf_till
60.375	38.04166666666666	2	[1.0, 5.0]	1	temf_till
60.375	38.12499999999997	2	[1.0, 5.0]	1	temf_till
60.375	38.208333333333314	2	[1.0, 5.0]	1	temf_till
60.375	38.29166666666666	2	[1.0, 5.0]	1	temf_till
60.375	38.37499999999997	2	[1.0, 5.0]	1	ofib_till,temf_till
60.375	38.458333333333314	2	[1.0, 5.0]	1	temf_till
60.375	38.54166666666666	2	[1.0, 5.0]	1	temf_till
60.375	38.62499999999997	2	[1.0, 5.0]	1	temf_till
60.375	38.708333333333314	2	[1.0, 5.0]	1	temf_till
60.375	38.79166666666666	2	[1.0, 5.0]	1	temf_till
60.375	39.04166666666666	2	[1.0, 5.0]	1	temf_till
60.375	39.12499999999997	2	[1.0, 5.0]	1	temf_till
60.375	39.208333333333314	2	[1.0, 5.0]	1	ofib_till,temf_till
60.375	39.29166666666666	2	[1.0, 5.0]	1	ofib_till,temf_till
60.375	39.458333333333314	2	[1.0, 5.0]	1	ofib_till,temf_till
60.375	40.79166666666666	2	[1.0, 5.0]	1	ofib_till,temf_till
60.375	40.87499999999997	2	[1.0, 5.0]	1	ofib_till,temf_till
60.375	41.208333333333314	2	[1.0, 5.0]	1	ofib_till,temf_till
60.375	41.54166666666666	2	[1.0, 5.0]	1	temf_till
60.375	41.62499999999997	2	[1.0, 5.0]	1	ofib_till,temf_till
60.375	41.708333333333314	2	[1.0, 5.0]	1	ofib_till,temf_till
60.375	41.79166666666666	2	[1.0, 5.0]	1	temf_till
60.375	41.87499999999997	2	[1.0, 5.0]	1	ofib_till,temf_till
60.375	41.958333333333314	2	[1.0, 5.0]	1	ofib_till,temf_till
60.375	42.04166666666666	2	[1.0, 5.0]	1	ofib_till,temf_till
60.375	42.54166666666666	2	[1.0, 5.0]	1	temf_till
60.375	43.29166666666666	2	[1.0, 5.0]	1	ofib_till,temf_till
60.375	43.37499999999997	2	[1.0, 5.0]	1	ofib_till,temf_till
60.375	43.54166666666666	2	[1.0, 5.0]	1	temf_till
60.375	43.62499999999997	2	[1.0, 5.0]	1	temf_till
60.375	43.958333333333314	2	[1.0, 5.0]	1	ofib_till,temf_till
60.375	44.12499999999997	2	[1.0, 5.0]	1	ofib_till,temf_till
60.375	44.208333333333314	2	[1.0, 5.0]	1	ofib_till,temf_till
60.375	44.29166666666666	2	[1.0, 5.0]	1	ofib_till,temf_till
60.375	46.29166666666666	2	[1.0, 5.0]	1	ofib_till,temf_till
60.375	46.37499999999997	2	[1.0, 5.0]	1	ofib_till,temf_till
60.375	46.458333333333314	2	[1.0, 5.0]	1	ofib_till,temf_till
60.375	46.54166666666666	2	[1.0, 5.0]	1	ofib_till,temf_till
60.375	46.62499999999997	2	[1.0, 5.0]	1	ofib_till,temf_till
60.375	46.708333333333314	2	[1.0, 5.0]	1	ofib_till,temf_till
60.375	49.458333333333314	2	[1.0, 5.0]	1	temf_till
60.375	49.54166666666666	2	[1.0, 5.0]	1	temf_till
60.375	49.62499999999997	2	[1.0, 5.0]	1	temf_till
60.375	50.458333333333314	2	[1.0, 5.0]	1	temf_till
60.375	56.04166666666666	2	[1.0, 5.0]	1	temf_till
60.375	56.12499999999997	2	[1.0, 5.0]	1	temf_till
60.375	56.208333333333314	2	[1.0, 5.0]	1	temf_till
60.375	56.29166666666666	2	[1.0, 5.0]	1	temf_till
60.375	120.29166666666666	2	[1.0, 5.0]	1	temf_till
60.291666666666664	17.37499999999997	2	[1.0, 5.0]	1	ooil_till
60.291666666666664	17.458333333333314	2	[1.0, 5.0]	1	ooil_till
60.291666666666664	17.708333333333314	2	[1.0, 5.0]	1	ooil_till
60.291666666666664	17.958333333333314	2	[1.0, 5.0]	1	ooil_till
60.291666666666664	18.12499999999997	2	[1.0, 5.0]	1	ooil_till
60.291666666666664	18.208333333333314	2	[1.0, 5.0]	1	ooil_till
60.291666666666664	18.291666666666657	2	[1.0, 5.0]	1	ooil_till
60.291666666666664	18.37499999999997	2	[1.0, 5.0]	1	ooil_till
60.291666666666664	19.708333333333314	2	[1.0, 5.0]	1	temf_till
60.291666666666664	19.791666666666657	2	[1.0, 5.0]	1	temf_till
60.291666666666664	19.87499999999997	2	[1.0, 5.0]	1	temf_till
60.291666666666664	19.958333333333314	2	[1.0, 5.0]	1	temf_till
60.291666666666664	20.041666666666657	2	[1.0, 5.0]	1	temf_till
60.291666666666664	20.12499999999997	2	[1.0, 5.0]	1	temf_till
60.291666666666664	20.208333333333314	2	[1.0, 5.0]	1	temf_till
60.291666666666664	20.37499999999997	2	[1.0, 5.0]	1	temf_till
60.291666666666664	20.791666666666657	2	[1.0, 5.0]	1	temf_till
60.291666666666664	22.12499999999997	3	[1.0, 4.0, 5.0]	4	sugb_till,temf_till,pota_till
60.291666666666664	22.208333333333314	2	[1.0, 5.0]	1	temf_till
60.291666666666664	22.37499999999997	3	[1.0, 4.0, 5.0]	4	sugb_till,temf_till,pota_till
60.291666666666664	22.458333333333314	2	[4.0, 5.0]	4	temf_till
60.291666666666664	22.541666666666657	2	[1.0, 5.0]	1	temf_till
60.291666666666664	22.62499999999997	3	[1.0, 4.0, 5.0]	4	sugb_till,temf_till,pota_till
60.291666666666664	22.708333333333314	2	[1.0, 5.0]	1	temf_till
60.291666666666664	22.791666666666657	2	[1.0, 5.0]	1	temf_till
60.291666666666664	22.87499999999997	2	[4.0, 5.0]	4	temf_till
60.291666666666664	23.12499999999997	2	[1.0, 5.0]	1	temf_till
60.291666666666664	23.208333333333314	2	[1.0, 5.0]	1	temf_till
60.291666666666664	23.291666666666657	2	[1.0, 5.0]	1	temf_till
60.291666666666664	23.37499999999997	2	[1.0, 5.0]	1	temf_till
60.291666666666664	23.458333333333314	2	[1.0, 5.0]	1	temf_till
60.291666666666664	23.541666666666657	2	[1.0, 5.0]	1	temf_till
60.291666666666664	23.708333333333314	2	[1.0, 5.0]	1	temf_till
60.291666666666664	23.791666666666657	2	[1.0, 5.0]	1	temf_till
60.291666666666664	23.87499999999997	2	[1.0, 5.0]	1	temf_till
60.291666666666664	23.958333333333314	2	[1.0, 5.0]	1	temf_till
60.291666666666664	24.041666666666657	3	[1.0, 4.0, 5.0]	4	sugb_till,temf_till,pota_till
60.291666666666664	24.12499999999997	2	[1.0, 5.0]	1	temf_till
60.291666666666664	24.208333333333314	2	[1.0, 5.0]	1	temf_till
60.291666666666664	24.291666666666657	3	[1.0, 4.0, 5.0]	4	sugb_till,temf_till,pota_till
60.291666666666664	24.37499999999997	2	[1.0, 5.0]	1	temf_till
60.291666666666664	24.708333333333314	2	[1.0, 5.0]	1	temf_till
60.291666666666664	24.87499999999997	3	[1.0, 4.0, 5.0]	4	sugb_till,temf_till,pota_till
60.291666666666664	24.958333333333314	3	[1.0, 4.0, 5.0]	4	sugb_till,temf_till,pota_till
60.291666666666664	25.041666666666657	2	[1.0, 5.0]	1	temf_till
60.291666666666664	25.12499999999997	2	[1.0, 5.0]	1	temf_till
60.291666666666664	25.291666666666657	2	[1.0, 5.0]	1	temf_till
60.291666666666664	25.37499999999997	2	[1.0, 5.0]	1	temf_till
60.291666666666664	25.708333333333314	2	[1.0, 5.0]	1	temf_till
60.291666666666664	28.958333333333314	2	[1.0, 5.0]	1	temf_till
60.291666666666664	29.291666666666657	2	[1.0, 5.0]	1	temf_till
60.291666666666664	29.791666666666657	2	[1.0, 5.0]	1	temf_till
60.291666666666664	29.87499999999997	2	[1.0, 5.0]	1	temf_till
60.291666666666664	29.958333333333314	2	[1.0, 5.0]	1	temf_till
60.291666666666664	30.208333333333314	2	[1.0, 5.0]	1	temf_till
60.291666666666664	30.291666666666657	2	[1.0, 5.0]	1	temf_till
60.291666666666664	30.37499999999997	2	[1.0, 5.0]	1	temf_till
60.291666666666664	30.458333333333314	2	[1.0, 5.0]	1	temf_till
60.291666666666664	30.541666666666657	2	[1.0, 5.0]	1	temf_till
60.291666666666664	30.62499999999997	2	[1.0, 5.0]	1	temf_till
60.291666666666664	30.708333333333314	2	[1.0, 5.0]	1	temf_till
60.291666666666664	30.791666666666657	2	[1.0, 5.0]	1	temf_till
60.291666666666664	30.87499999999997	2	[1.0, 5.0]	1	temf_till
60.291666666666664	32.708333333333314	2	[1.0, 5.0]	1	temf_till
60.291666666666664	32.79166666666666	2	[1.0, 5.0]	1	temf_till
60.291666666666664	32.87499999999997	2	[1.0, 5.0]	1	temf_till
60.291666666666664	33.208333333333314	2	[1.0, 5.0]	1	temf_till
60.291666666666664	33.708333333333314	2	[1.0, 5.0]	1	temf_till
60.291666666666664	33.79166666666666	2	[1.0, 5.0]	1	temf_till
60.291666666666664	33.87499999999997	2	[1.0, 5.0]	1	temf_till
60.291666666666664	33.958333333333314	2	[1.0, 5.0]	1	temf_till
60.291666666666664	34.04166666666666	2	[1.0, 5.0]	1	temf_till
60.291666666666664	34.12499999999997	2	[1.0, 5.0]	1	temf_till
60.291666666666664	34.208333333333314	2	[1.0, 5.0]	1	temf_till
60.291666666666664	34.29166666666666	2	[1.0, 5.0]	1	temf_till
60.291666666666664	34.37499999999997	2	[1.0, 5.0]	1	temf_till
60.291666666666664	35.708333333333314	2	[1.0, 5.0]	1	ofib_till,temf_till
60.291666666666664	36.37499999999997	2	[1.0, 5.0]	1	ofib_till,temf_till
60.291666666666664	36.708333333333314	2	[1.0, 5.0]	1	ofib_till,temf_till
60.291666666666664	37.29166666666666	2	[1.0, 5.0]	1	ofib_till,temf_till
60.291666666666664	37.37499999999997	2	[1.0, 5.0]	1	temf_till
60.291666666666664	37.958333333333314	2	[1.0, 5.0]	1	ofib_till,temf_till
60.291666666666664	38.04166666666666	2	[1.0, 5.0]	1	temf_till
60.291666666666664	38.12499999999997	2	[1.0, 5.0]	1	temf_till
60.291666666666664	38.208333333333314	2	[1.0, 5.0]	1	temf_till
60.291666666666664	38.29166666666666	2	[1.0, 5.0]	1	temf_till
60.291666666666664	38.37499999999997	2	[1.0, 5.0]	1	temf_till
60.291666666666664	38.458333333333314	2	[1.0, 5.0]	1	ofib_till,temf_till
60.291666666666664	38.54166666666666	2	[1.0, 5.0]	1	ofib_till,temf_till
60.291666666666664	38.708333333333314	2	[1.0, 5.0]	1	ofib_till,temf_till
60.291666666666664	39.37499999999997	2	[1.0, 5.0]	1	ofib_till,temf_till
60.291666666666664	39.62499999999997	2	[1.0, 5.0]	1	ofib_till,temf_till
60.291666666666664	39.708333333333314	2	[1.0, 5.0]	1	temf_till
60.291666666666664	39.79166666666666	2	[1.0, 5.0]	1	ofib_till,temf_till
60.291666666666664	39.87499999999997	2	[1.0, 5.0]	1	temf_till
60.291666666666664	40.04166666666666	2	[1.0, 5.0]	1	ofib_till,temf_till
60.291666666666664	40.12499999999997	2	[1.0, 5.0]	1	ofib_till,temf_till
60.291666666666664	40.958333333333314	2	[1.0, 5.0]	1	ofib_till,temf_till
60.291666666666664	41.12499999999997	2	[1.0, 5.0]	1	ofib_till,temf_till
60.291666666666664	41.458333333333314	2	[1.0, 5.0]	1	temf_till
60.291666666666664	41.54166666666666	2	[1.0, 5.0]	1	ofib_till,temf_till
60.291666666666664	41.62499999999997	2	[1.0, 5.0]	1	ofib_till,temf_till
60.291666666666664	41.958333333333314	2	[1.0, 5.0]	1	ofib_till,temf_till
60.291666666666664	42.04166666666666	2	[1.0, 5.0]	1	ofib_till,temf_till
60.291666666666664	42.12499999999997	2	[1.0, 5.0]	1	ofib_till,temf_till
60.291666666666664	42.208333333333314	2	[1.0, 5.0]	1	ofib_till,temf_till
60.291666666666664	42.29166666666666	2	[1.0, 5.0]	1	ofib_till,temf_till
60.291666666666664	43.12499999999997	2	[1.0, 5.0]	1	temf_till
60.291666666666664	43.79166666666666	2	[1.0, 5.0]	1	ofib_till,temf_till
60.291666666666664	43.87499999999997	2	[1.0, 5.0]	1	temf_till
60.291666666666664	43.958333333333314	2	[1.0, 5.0]	1	ofib_till,temf_till
60.291666666666664	44.04166666666666	2	[1.0, 5.0]	1	ofib_till,temf_till
60.291666666666664	44.12499999999997	2	[1.0, 5.0]	1	ofib_till,temf_till
60.291666666666664	44.29166666666666	2	[1.0, 5.0]	1	ofib_till,temf_till
60.291666666666664	44.37499999999997	2	[1.0, 5.0]	1	ofib_till,temf_till
60.291666666666664	44.458333333333314	2	[1.0, 5.0]	1	ofib_till,temf_till
60.291666666666664	46.37499999999997	2	[1.0, 5.0]	1	ofib_till,temf_till
60.291666666666664	46.708333333333314	2	[1.0, 5.0]	1	ofib_till,temf_till
60.291666666666664	48.87499999999997	2	[1.0, 5.0]	1	temf_till
60.291666666666664	48.958333333333314	2	[1.0, 5.0]	1	temf_till
60.291666666666664	49.62499999999997	2	[1.0, 5.0]	1	temf_till
60.291666666666664	51.79166666666666	2	[1.0, 5.0]	1	temf_till
60.291666666666664	56.12499999999997	2	[1.0, 5.0]	1	temf_till
60.291666666666664	56.208333333333314	2	[1.0, 5.0]	1	temf_till
60.291666666666664	56.29166666666666	2	[1.0, 5.0]	1	temf_till
60.291666666666664	56.54166666666666	2	[1.0, 5.0]	1	temf_till
60.291666666666664	63.62499999999997	2	[1.0, 5.0]	1	temf_till
60.20833333333333	17.041666666666657	2	[1.0, 5.0]	1	ooil_till
60.20833333333333	17.12499999999997	2	[1.0, 5.0]	1	ooil_till
60.20833333333333	17.208333333333314	2	[1.0, 5.0]	1	ooil_till
60.20833333333333	17.291666666666657	2	[1.0, 5.0]	1	ooil_till
60.20833333333333	17.37499999999997	2	[1.0, 5.0]	1	ooil_till
60.20833333333333	17.458333333333314	2	[1.0, 5.0]	1	ooil_till
60.20833333333333	17.541666666666657	2	[1.0, 5.0]	1	ooil_till
60.20833333333333	17.62499999999997	2	[1.0, 5.0]	1	ooil_till
60.20833333333333	17.708333333333314	2	[1.0, 5.0]	1	ooil_till
60.20833333333333	17.791666666666657	2	[1.0, 5.0]	1	ooil_till
60.20833333333333	17.87499999999997	2	[1.0, 5.0]	1	ooil_till
60.20833333333333	18.208333333333314	2	[1.0, 5.0]	1	ooil_till
60.20833333333333	19.541666666666657	2	[1.0, 5.0]	1	temf_till
60.20833333333333	19.62499999999997	2	[1.0, 5.0]	1	temf_till
60.20833333333333	19.708333333333314	2	[1.0, 5.0]	1	temf_till
60.20833333333333	19.791666666666657	2	[1.0, 5.0]	1	temf_till
60.20833333333333	19.87499999999997	2	[1.0, 5.0]	1	temf_till
60.20833333333333	19.958333333333314	2	[1.0, 5.0]	1	temf_till
60.20833333333333	20.12499999999997	2	[1.0, 5.0]	1	temf_till
60.20833333333333	20.208333333333314	2	[1.0, 5.0]	1	temf_till
60.20833333333333	20.37499999999997	2	[1.0, 5.0]	1	temf_till
60.20833333333333	20.791666666666657	2	[1.0, 5.0]	1	temf_till
60.20833333333333	22.541666666666657	3	[1.0, 4.0, 5.0]	4	sugb_till,temf_till,pota_till
60.20833333333333	22.62499999999997	3	[1.0, 4.0, 5.0]	4	sugb_till,temf_till,pota_till
60.20833333333333	22.708333333333314	3	[1.0, 4.0, 5.0]	4	sugb_till,temf_till,pota_till
60.20833333333333	22.791666666666657	2	[1.0, 5.0]	1	temf_till
60.20833333333333	22.958333333333314	2	[1.0, 5.0]	1	temf_till
60.20833333333333	23.041666666666657	2	[1.0, 5.0]	1	temf_till
60.20833333333333	23.12499999999997	2	[1.0, 5.0]	1	temf_till
60.20833333333333	23.208333333333314	2	[1.0, 5.0]	1	temf_till
60.20833333333333	23.291666666666657	2	[1.0, 5.0]	1	temf_till
60.20833333333333	23.37499999999997	2	[1.0, 5.0]	1	temf_till
60.20833333333333	23.62499999999997	2	[1.0, 5.0]	1	temf_till
60.20833333333333	23.708333333333314	2	[1.0, 5.0]	1	temf_till
60.20833333333333	23.791666666666657	2	[1.0, 5.0]	1	temf_till
60.20833333333333	23.87499999999997	3	[1.0, 4.0, 5.0]	4	sugb_till,temf_till,pota_till
60.20833333333333	23.958333333333314	2	[1.0, 5.0]	1	temf_till
60.20833333333333	24.041666666666657	2	[1.0, 5.0]	1	temf_till
60.20833333333333	24.12499999999997	2	[1.0, 5.0]	1	temf_till
60.20833333333333	24.208333333333314	3	[1.0, 4.0, 5.0]	4	sugb_till,temf_till,pota_till
60.20833333333333	24.291666666666657	3	[1.0, 4.0, 5.0]	4	sugb_till,temf_till,pota_till
60.20833333333333	24.37499999999997	3	[1.0, 4.0, 5.0]	4	sugb_till,temf_till,pota_till
60.20833333333333	24.458333333333314	3	[1.0, 4.0, 5.0]	4	sugb_till,temf_till,pota_till
60.20833333333333	24.541666666666657	3	[1.0, 4.0, 5.0]	4	sugb_till,temf_till,pota_till
60.20833333333333	24.62499999999997	3	[1.0, 4.0, 5.0]	4	sugb_till,temf_till,pota_till
60.20833333333333	24.708333333333314	3	[1.0, 4.0, 5.0]	4	sugb_till,temf_till,pota_till
60.20833333333333	29.37499999999997	2	[1.0, 5.0]	1	temf_till
60.20833333333333	29.541666666666657	2	[1.0, 5.0]	1	temf_till
60.20833333333333	29.62499999999997	2	[1.0, 5.0]	1	temf_till
60.20833333333333	29.708333333333314	2	[1.0, 5.0]	1	temf_till
60.20833333333333	29.87499999999997	2	[1.0, 5.0]	1	temf_till
60.20833333333333	29.958333333333314	2	[1.0, 5.0]	1	temf_till
60.20833333333333	30.041666666666657	2	[1.0, 5.0]	1	temf_till
60.20833333333333	30.291666666666657	2	[1.0, 5.0]	1	temf_till
60.20833333333333	30.37499999999997	2	[1.0, 5.0]	1	temf_till
60.20833333333333	30.458333333333314	2	[1.0, 5.0]	1	temf_till
60.20833333333333	30.541666666666657	2	[1.0, 5.0]	1	temf_till
60.20833333333333	30.62499999999997	2	[1.0, 5.0]	1	temf_till
60.20833333333333	30.708333333333314	2	[1.0, 5.0]	1	temf_till
60.20833333333333	30.791666666666657	2	[1.0, 5.0]	1	temf_till
60.20833333333333	30.87499999999997	2	[1.0, 5.0]	1	temf_till
60.20833333333333	31.708333333333314	2	[1.0, 5.0]	1	temf_till
60.20833333333333	31.791666666666657	2	[1.0, 5.0]	1	temf_till
60.20833333333333	31.87499999999997	2	[1.0, 5.0]	1	temf_till
60.20833333333333	31.958333333333314	2	[1.0, 5.0]	1	temf_till
60.20833333333333	32.04166666666666	2	[1.0, 5.0]	1	temf_till
60.20833333333333	32.708333333333314	2	[1.0, 5.0]	1	temf_till
60.20833333333333	32.79166666666666	2	[1.0, 5.0]	1	temf_till
60.20833333333333	33.04166666666666	2	[1.0, 5.0]	1	temf_till
60.20833333333333	33.708333333333314	2	[1.0, 5.0]	1	temf_till
60.20833333333333	33.79166666666666	2	[1.0, 5.0]	1	temf_till
60.20833333333333	33.87499999999997	2	[1.0, 5.0]	1	temf_till
60.20833333333333	33.958333333333314	2	[1.0, 5.0]	1	temf_till
60.20833333333333	34.04166666666666	2	[1.0, 5.0]	1	temf_till
60.20833333333333	34.12499999999997	2	[1.0, 5.0]	1	temf_till
60.20833333333333	34.208333333333314	2	[1.0, 5.0]	1	temf_till
60.20833333333333	34.29166666666666	2	[1.0, 5.0]	1	temf_till
60.20833333333333	34.37499999999997	2	[1.0, 5.0]	1	temf_till
60.20833333333333	36.208333333333314	2	[1.0, 5.0]	1	ofib_till,temf_till
60.20833333333333	36.958333333333314	2	[1.0, 5.0]	1	temf_till
60.20833333333333	38.04166666666666	2	[1.0, 5.0]	1	temf_till
60.20833333333333	38.12499999999997	2	[1.0, 5.0]	1	temf_till
60.20833333333333	38.29166666666666	2	[1.0, 5.0]	1	ofib_till,temf_till
60.20833333333333	38.37499999999997	2	[1.0, 5.0]	1	ofib_till,temf_till
60.20833333333333	38.458333333333314	2	[1.0, 5.0]	1	ofib_till,temf_till
60.20833333333333	39.29166666666666	2	[1.0, 5.0]	1	ofib_till,temf_till
60.20833333333333	39.54166666666666	2	[1.0, 5.0]	1	ofib_till,temf_till
60.20833333333333	39.62499999999997	2	[1.0, 5.0]	1	ofib_till,temf_till
60.20833333333333	39.708333333333314	2	[1.0, 5.0]	1	temf_till
60.20833333333333	39.79166666666666	2	[1.0, 5.0]	1	ofib_till,temf_till
60.20833333333333	39.87499999999997	2	[1.0, 5.0]	1	ofib_till,temf_till
60.20833333333333	39.958333333333314	2	[1.0, 5.0]	1	temf_till
60.20833333333333	40.12499999999997	2	[1.0, 5.0]	1	ofib_till,temf_till
60.20833333333333	40.208333333333314	2	[1.0, 5.0]	1	ofib_till,temf_till
60.20833333333333	40.29166666666666	2	[1.0, 5.0]	1	temf_till
60.20833333333333	40.54166666666666	2	[1.0, 5.0]	1	ofib_till,temf_till
60.20833333333333	40.62499999999997	2	[1.0, 5.0]	1	ofib_till,temf_till
60.20833333333333	40.958333333333314	2	[1.0, 5.0]	1	ofib_till,temf_till
60.20833333333333	41.12499999999997	2	[1.0, 5.0]	1	ofib_till,temf_till
60.20833333333333	41.54166666666666	2	[1.0, 5.0]	1	ofib_till,temf_till
60.20833333333333	41.62499999999997	2	[1.0, 5.0]	1	ofib_till,temf_till
60.20833333333333	41.708333333333314	2	[1.0, 5.0]	1	ofib_till,temf_till
60.20833333333333	41.79166666666666	2	[1.0, 5.0]	1	temf_till
60.20833333333333	42.29166666666666	2	[1.0, 5.0]	1	ofib_till,temf_till
60.20833333333333	42.37499999999997	2	[1.0, 5.0]	1	ofib_till,temf_till
60.20833333333333	42.458333333333314	2	[1.0, 5.0]	1	ofib_till,temf_till
60.20833333333333	43.12499999999997	2	[1.0, 5.0]	1	temf_till
60.20833333333333	43.87499999999997	2	[1.0, 5.0]	1	ofib_till,temf_till
60.20833333333333	43.958333333333314	2	[1.0, 5.0]	1	ofib_till,temf_till
60.20833333333333	44.04166666666666	2	[1.0, 5.0]	1	ofib_till,temf_till
60.20833333333333	44.12499999999997	2	[1.0, 5.0]	1	ofib_till,temf_till
60.20833333333333	44.208333333333314	2	[1.0, 5.0]	1	ofib_till,temf_till
60.20833333333333	44.29166666666666	2	[1.0, 5.0]	1	ofib_till,temf_till
60.20833333333333	44.37499999999997	2	[1.0, 5.0]	1	ofib_till,temf_till
60.20833333333333	44.458333333333314	2	[1.0, 5.0]	1	ofib_till,temf_till
60.20833333333333	44.62499999999997	2	[1.0, 5.0]	1	ofib_till,temf_till
60.20833333333333	45.04166666666666	2	[1.0, 5.0]	1	ofib_till,temf_till
60.20833333333333	45.12499999999997	2	[1.0, 5.0]	1	ofib_till,temf_till
60.20833333333333	45.708333333333314	2	[1.0, 5.0]	1	ofib_till,temf_till
60.20833333333333	45.79166666666666	2	[1.0, 5.0]	1	ofib_till,temf_till
60.20833333333333	47.29166666666666	2	[1.0, 5.0]	1	temf_till
60.20833333333333	48.79166666666666	2	[1.0, 5.0]	1	temf_till
60.20833333333333	48.87499999999997	2	[1.0, 5.0]	1	temf_till
60.20833333333333	48.958333333333314	2	[1.0, 5.0]	1	temf_till
60.20833333333333	49.54166666666666	2	[1.0, 5.0]	1	temf_till
60.20833333333333	49.62499999999997	2	[1.0, 5.0]	1	temf_till
60.20833333333333	56.12499999999997	2	[1.0, 5.0]	1	temf_till
60.20833333333333	56.208333333333314	2	[1.0, 5.0]	1	temf_till
60.20833333333333	56.29166666666666	2	[1.0, 5.0]	1	temf_till
60.20833333333333	56.37499999999997	2	[1.0, 5.0]	1	temf_till
60.20833333333333	56.458333333333314	2	[1.0, 5.0]	1	temf_till
60.20833333333333	56.54166666666666	2	[1.0, 5.0]	1	temf_till
60.20833333333333	56.708333333333314	2	[1.0, 5.0]	1	temf_till
60.20833333333333	64.29166666666666	2	[1.0, 5.0]	1	temf_till
60.20833333333333	64.37499999999997	2	[1.0, 5.0]	1	temf_till
60.125	16.541666666666657	2	[1.0, 5.0]	1	ooil_till
60.125	16.87499999999997	2	[1.0, 5.0]	1	ooil_till
60.125	17.041666666666657	2	[1.0, 5.0]	1	ooil_till
60.125	17.12499999999997	2	[1.0, 5.0]	1	ooil_till
60.125	17.208333333333314	2	[1.0, 5.0]	1	ooil_till
60.125	17.458333333333314	2	[1.0, 5.0]	1	ooil_till
60.125	17.541666666666657	2	[1.0, 5.0]	1	ooil_till
60.125	17.62499999999997	2	[1.0, 5.0]	1	ooil_till
60.125	17.708333333333314	2	[1.0, 5.0]	1	ooil_till
60.125	17.791666666666657	2	[1.0, 5.0]	1	ooil_till
60.125	17.958333333333314	2	[1.0, 5.0]	1	ooil_till
60.125	18.041666666666657	2	[1.0, 5.0]	1	ooil_till
60.125	18.12499999999997	2	[1.0, 5.0]	1	ooil_till
60.125	18.208333333333314	2	[1.0, 5.0]	1	ooil_till
60.125	19.708333333333314	2	[1.0, 5.0]	1	temf_till
60.125	19.791666666666657	2	[1.0, 5.0]	1	temf_till
60.125	19.87499999999997	2	[1.0, 5.0]	1	temf_till
60.125	19.958333333333314	2	[1.0, 5.0]	1	temf_till
60.125	20.041666666666657	2	[1.0, 5.0]	1	temf_till
60.125	20.12499999999997	2	[1.0, 5.0]	1	temf_till
60.125	20.208333333333314	2	[1.0, 5.0]	1	temf_till
60.125	20.291666666666657	2	[1.0, 5.0]	1	temf_till
60.125	21.541666666666657	3	[1.0, 4.0, 5.0]	4	sugb_till,temf_till,pota_till
60.125	22.541666666666657	2	[1.0, 5.0]	1	temf_till
60.125	22.62499999999997	3	[1.0, 4.0, 5.0]	4	sugb_till,temf_till,pota_till
60.125	22.708333333333314	3	[1.0, 4.0, 5.0]	4	sugb_till,temf_till,pota_till
60.125	22.791666666666657	2	[1.0, 5.0]	1	temf_till
60.125	23.041666666666657	2	[1.0, 5.0]	1	temf_till
60.125	23.12499999999997	2	[1.0, 5.0]	1	temf_till
60.125	23.208333333333314	2	[1.0, 5.0]	1	temf_till
60.125	23.458333333333314	2	[1.0, 5.0]	1	temf_till
60.125	23.541666666666657	3	[1.0, 4.0, 5.0]	4	sugb_till,temf_till,pota_till
60.125	23.708333333333314	3	[1.0, 4.0, 5.0]	4	sugb_till,temf_till,pota_till
60.125	23.791666666666657	3	[1.0, 4.0, 5.0]	4	sugb_till,temf_till,pota_till
60.125	23.87499999999997	2	[1.0, 5.0]	1	temf_till
60.125	23.958333333333314	2	[1.0, 5.0]	1	temf_till
60.125	24.041666666666657	2	[1.0, 5.0]	1	temf_till
60.125	24.12499999999997	2	[1.0, 5.0]	1	temf_till
60.125	24.208333333333314	2	[1.0, 5.0]	1	temf_till
60.125	24.291666666666657	3	[1.0, 4.0, 5.0]	4	sugb_till,temf_till,pota_till
60.125	24.458333333333314	3	[1.0, 4.0, 5.0]	4	sugb_till,temf_till,pota_till
60.125	24.541666666666657	3	[1.0, 4.0, 5.0]	4	sugb_till,temf_till,pota_till
60.125	30.041666666666657	2	[1.0, 5.0]	1	temf_till
60.125	30.208333333333314	2	[1.0, 5.0]	1	temf_till
60.125	30.291666666666657	2	[1.0, 5.0]	1	temf_till
60.125	30.37499999999997	2	[1.0, 5.0]	1	temf_till
60.125	30.458333333333314	2	[1.0, 5.0]	1	temf_till
60.125	30.541666666666657	2	[1.0, 5.0]	1	temf_till
60.125	30.708333333333314	2	[1.0, 5.0]	1	temf_till
60.125	30.791666666666657	2	[1.0, 5.0]	1	temf_till
60.125	30.87499999999997	2	[1.0, 5.0]	1	temf_till
60.125	31.541666666666657	2	[1.0, 5.0]	1	temf_till
60.125	31.708333333333314	2	[1.0, 5.0]	1	temf_till
60.125	31.791666666666657	2	[1.0, 5.0]	1	temf_till
60.125	31.87499999999997	2	[1.0, 5.0]	1	temf_till
60.125	31.958333333333314	2	[1.0, 5.0]	1	temf_till
60.125	32.04166666666666	2	[1.0, 5.0]	1	temf_till
60.125	32.12499999999997	2	[1.0, 5.0]	1	temf_till
60.125	32.208333333333314	2	[1.0, 5.0]	1	temf_till
60.125	32.29166666666666	2	[1.0, 5.0]	1	temf_till
60.125	32.37499999999997	2	[1.0, 5.0]	1	temf_till
60.125	33.29166666666666	2	[1.0, 5.0]	1	temf_till
60.125	33.458333333333314	2	[1.0, 5.0]	1	temf_till
60.125	33.708333333333314	2	[1.0, 5.0]	1	temf_till
60.125	33.79166666666666	2	[1.0, 5.0]	1	temf_till
60.125	33.87499999999997	2	[1.0, 5.0]	1	temf_till
60.125	33.958333333333314	2	[1.0, 5.0]	1	temf_till
60.125	34.29166666666666	2	[1.0, 5.0]	1	temf_till
60.125	34.54166666666666	2	[1.0, 5.0]	1	temf_till
60.125	35.54166666666666	2	[1.0, 5.0]	1	ofib_till,temf_till
60.125	36.12499999999997	2	[1.0, 5.0]	1	ofib_till,temf_till
60.125	36.208333333333314	2	[1.0, 5.0]	1	ofib_till,temf_till
60.125	36.29166666666666	2	[1.0, 5.0]	1	ofib_till,temf_till
60.125	36.37499999999997	2	[1.0, 5.0]	1	ofib_till,temf_till
60.125	36.87499999999997	2	[1.0, 5.0]	1	temf_till
60.125	36.958333333333314	2	[1.0, 5.0]	1	temf_till
60.125	37.04166666666666	2	[1.0, 5.0]	1	ofib_till,temf_till
60.125	38.04166666666666	2	[1.0, 5.0]	1	ofib_till,temf_till
60.125	39.04166666666666	2	[1.0, 5.0]	1	ofib_till,temf_till
60.125	39.208333333333314	2	[1.0, 5.0]	1	temf_till
60.125	39.29166666666666	2	[1.0, 5.0]	1	temf_till
60.125	39.37499999999997	2	[1.0, 5.0]	1	ofib_till,temf_till
60.125	39.54166666666666	2	[1.0, 5.0]	1	ofib_till,temf_till
60.125	39.62499999999997	2	[1.0, 5.0]	1	ofib_till,temf_till
60.125	39.708333333333314	2	[1.0, 5.0]	1	ofib_till,temf_till
60.125	39.79166666666666	2	[1.0, 5.0]	1	ofib_till,temf_till
60.125	39.87499999999997	2	[1.0, 5.0]	1	ofib_till,temf_till
60.125	39.958333333333314	2	[1.0, 5.0]	1	ofib_till,temf_till
60.125	40.04166666666666	2	[1.0, 5.0]	1	ofib_till,temf_till
60.125	40.12499999999997	2	[1.0, 5.0]	1	ofib_till,temf_till
60.125	40.208333333333314	2	[1.0, 5.0]	1	ofib_till,temf_till
60.125	40.29166666666666	2	[1.0, 5.0]	1	temf_till
60.125	40.458333333333314	2	[1.0, 5.0]	1	ofib_till,temf_till
60.125	40.54166666666666	2	[1.0, 5.0]	1	ofib_till,temf_till
60.125	40.62499999999997	2	[1.0, 5.0]	1	temf_till
60.125	40.708333333333314	2	[1.0, 5.0]	1	ofib_till,temf_till
60.125	40.79166666666666	2	[1.0, 5.0]	1	ofib_till,temf_till
60.125	40.87499999999997	2	[1.0, 5.0]	1	ofib_till,temf_till
60.125	40.958333333333314	2	[1.0, 5.0]	1	ofib_till,temf_till
60.125	41.04166666666666	2	[1.0, 5.0]	1	ofib_till,temf_till
60.125	41.12499999999997	2	[1.0, 5.0]	1	ofib_till,temf_till
60.125	41.29166666666666	2	[1.0, 5.0]	1	ofib_till,temf_till
60.125	41.458333333333314	2	[1.0, 5.0]	1	temf_till
60.125	41.54166666666666	2	[1.0, 5.0]	1	ofib_till,temf_till
60.125	41.62499999999997	2	[1.0, 5.0]	1	ofib_till,temf_till
60.125	41.708333333333314	2	[1.0, 5.0]	1	ofib_till,temf_till
60.125	41.79166666666666	2	[1.0, 5.0]	1	temf_till
60.125	41.958333333333314	2	[1.0, 5.0]	1	ofib_till,temf_till
60.125	42.37499999999997	2	[1.0, 5.0]	1	ofib_till,temf_till
60.125	42.458333333333314	2	[1.0, 5.0]	1	temf_till
60.125	42.54166666666666	2	[1.0, 5.0]	1	temf_till
60.125	42.708333333333314	2	[1.0, 5.0]	1	ofib_till,temf_till
60.125	42.79166666666666	2	[1.0, 5.0]	1	ofib_till,temf_till
60.125	43.708333333333314	2	[1.0, 5.0]	1	ofib_till,temf_till
60.125	44.208333333333314	2	[1.0, 5.0]	1	ofib_till,temf_till
60.125	44.29166666666666	2	[1.0, 5.0]	1	ofib_till,temf_till
60.125	44.37499999999997	2	[1.0, 5.0]	1	ofib_till,temf_till
60.125	44.458333333333314	2	[1.0, 5.0]	1	ofib_till,temf_till
60.125	45.208333333333314	2	[1.0, 5.0]	1	temf_till
60.125	45.29166666666666	2	[1.0, 5.0]	1	ofib_till,temf_till
60.125	45.37499999999997	2	[1.0, 5.0]	1	ofib_till,temf_till
60.125	45.54166666666666	2	[1.0, 5.0]	1	ofib_till,temf_till
60.125	45.62499999999997	2	[1.0, 5.0]	1	ofib_till,temf_till
60.125	46.29166666666666	2	[1.0, 5.0]	1	ofib_till,temf_till
60.125	46.37499999999997	2	[1.0, 5.0]	1	ofib_till,temf_till
60.125	46.79166666666666	2	[1.0, 5.0]	1	temf_till
60.125	49.29166666666666	2	[1.0, 5.0]	1	temf_till
60.125	49.37499999999997	2	[1.0, 5.0]	1	temf_till
60.125	49.458333333333314	2	[1.0, 5.0]	1	temf_till
60.125	49.54166666666666	2	[1.0, 5.0]	1	temf_till
60.125	56.37499999999997	2	[1.0, 5.0]	1	temf_till
60.125	56.458333333333314	2	[1.0, 5.0]	1	temf_till
60.125	56.708333333333314	2	[1.0, 5.0]	1	temf_till
60.125	56.79166666666666	2	[1.0, 5.0]	1	temf_till
60.125	57.208333333333314	2	[1.0, 5.0]	1	temf_till
60.125	57.29166666666666	2	[1.0, 5.0]	1	temf_till
60.125	57.37499999999997	2	[1.0, 5.0]	1	temf_till
60.125	57.458333333333314	2	[1.0, 5.0]	1	temf_till
60.125	57.54166666666666	2	[1.0, 5.0]	1	temf_till
60.125	57.62499999999997	2	[1.0, 5.0]	1	temf_till
60.125	63.958333333333314	2	[1.0, 5.0]	1	temf_till
60.125	64.37499999999997	2	[1.0, 5.0]	1	temf_till
60.125	64.70833333333331	2	[1.0, 5.0]	1	temf_till
60.041666666666664	16.208333333333314	2	[1.0, 5.0]	1	ooil_till
60.041666666666664	16.291666666666657	2	[1.0, 5.0]	1	ooil_till
60.041666666666664	16.541666666666657	2	[1.0, 5.0]	1	ooil_till
60.041666666666664	16.791666666666657	2	[1.0, 5.0]	1	ooil_till
60.041666666666664	16.87499999999997	2	[1.0, 5.0]	1	ooil_till
60.041666666666664	16.958333333333314	2	[1.0, 5.0]	1	ooil_till
60.041666666666664	17.291666666666657	2	[1.0, 5.0]	1	ooil_till
60.041666666666664	17.37499999999997	2	[1.0, 5.0]	1	ooil_till
60.041666666666664	17.458333333333314	2	[1.0, 5.0]	1	ooil_till
60.041666666666664	17.541666666666657	2	[1.0, 5.0]	1	ooil_till
60.041666666666664	17.62499999999997	2	[1.0, 5.0]	1	ooil_till
60.041666666666664	17.708333333333314	2	[1.0, 5.0]	1	ooil_till
60.041666666666664	17.87499999999997	2	[1.0, 5.0]	1	ooil_till
60.041666666666664	17.958333333333314	2	[1.0, 5.0]	1	ooil_till
60.041666666666664	18.041666666666657	2	[1.0, 5.0]	1	ooil_till
60.041666666666664	18.12499999999997	2	[1.0, 5.0]	1	ooil_till
60.041666666666664	18.208333333333314	2	[1.0, 5.0]	1	ooil_till
60.041666666666664	18.541666666666657	2	[1.0, 5.0]	1	ooil_till
60.041666666666664	20.041666666666657	2	[1.0, 5.0]	1	temf_till
60.041666666666664	20.12499999999997	2	[1.0, 5.0]	1	temf_till
60.041666666666664	20.208333333333314	2	[1.0, 5.0]	1	temf_till
60.041666666666664	20.291666666666657	2	[1.0, 5.0]	1	temf_till
60.041666666666664	22.62499999999997	3	[1.0, 4.0, 5.0]	4	sugb_till,temf_till,pota_till
60.041666666666664	23.291666666666657	3	[1.0, 4.0, 5.0]	4	sugb_till,temf_till,pota_till
60.041666666666664	23.37499999999997	3	[1.0, 4.0, 5.0]	4	sugb_till,temf_till,pota_till
60.041666666666664	23.458333333333314	3	[1.0, 4.0, 5.0]	4	sugb_till,temf_till,pota_till
60.041666666666664	23.541666666666657	3	[1.0, 4.0, 5.0]	4	sugb_till,temf_till,pota_till
60.041666666666664	23.62499999999997	3	[1.0, 4.0, 5.0]	4	sugb_till,temf_till,pota_till
60.041666666666664	23.708333333333314	2	[1.0, 5.0]	1	temf_till
60.041666666666664	23.791666666666657	3	[1.0, 4.0, 5.0]	4	sugb_till,temf_till,pota_till
60.041666666666664	23.87499999999997	3	[1.0, 4.0, 5.0]	4	sugb_till,temf_till,pota_till
60.041666666666664	24.041666666666657	3	[1.0, 4.0, 5.0]	4	sugb_till,temf_till,pota_till
60.041666666666664	24.12499999999997	2	[1.0, 5.0]	1	temf_till
60.041666666666664	24.458333333333314	2	[1.0, 5.0]	1	temf_till
60.041666666666664	30.208333333333314	2	[1.0, 5.0]	1	temf_till
60.041666666666664	30.291666666666657	2	[1.0, 5.0]	1	temf_till
60.041666666666664	30.37499999999997	2	[1.0, 5.0]	1	temf_till
60.041666666666664	30.458333333333314	2	[1.0, 5.0]	1	temf_till
60.041666666666664	30.541666666666657	2	[1.0, 5.0]	1	temf_till
60.041666666666664	30.62499999999997	2	[1.0, 5.0]	1	temf_till
60.041666666666664	30.708333333333314	2	[1.0, 5.0]	1	temf_till
60.041666666666664	30.791666666666657	2	[1.0, 5.0]	1	temf_till
60.041666666666664	30.87499999999997	2	[1.0, 5.0]	1	temf_till
60.041666666666664	31.041666666666657	2	[1.0, 5.0]	1	temf_till
60.041666666666664	31.62499999999997	2	[1.0, 5.0]	1	temf_till
60.041666666666664	31.708333333333314	2	[1.0, 5.0]	1	temf_till
60.041666666666664	31.791666666666657	2	[1.0, 5.0]	1	temf_till
60.041666666666664	31.87499999999997	2	[1.0, 5.0]	1	temf_till
60.041666666666664	31.958333333333314	2	[1.0, 5.0]	1	temf_till
60.041666666666664	32.04166666666666	2	[1.0, 5.0]	1	temf_till
60.041666666666664	32.12499999999997	2	[1.0, 5.0]	1	temf_till
60.041666666666664	32.208333333333314	2	[1.0, 5.0]	1	temf_till
60.041666666666664	32.29166666666666	2	[1.0, 5.0]	1	temf_till
60.041666666666664	32.37499999999997	2	[1.0, 5.0]	1	temf_till
60.041666666666664	32.458333333333314	2	[1.0, 5.0]	1	temf_till
60.041666666666664	32.54166666666666	2	[1.0, 5.0]	1	temf_till
60.041666666666664	32.62499999999997	2	[1.0, 5.0]	1	temf_till
60.041666666666664	32.708333333333314	2	[1.0, 5.0]	1	temf_till
60.041666666666664	32.87499999999997	2	[1.0, 5.0]	1	temf_till
60.041666666666664	33.29166666666666	2	[1.0, 5.0]	1	temf_till
60.041666666666664	33.37499999999997	2	[1.0, 5.0]	1	temf_till
60.041666666666664	33.458333333333314	2	[1.0, 5.0]	1	temf_till
60.041666666666664	33.79166666666666	2	[1.0, 5.0]	1	temf_till
60.041666666666664	33.87499999999997	2	[1.0, 5.0]	1	temf_till
60.041666666666664	34.54166666666666	2	[1.0, 5.0]	1	temf_till
60.041666666666664	34.62499999999997	2	[1.0, 5.0]	1	temf_till
60.041666666666664	35.62499999999997	2	[1.0, 5.0]	1	ofib_till,temf_till
60.041666666666664	35.708333333333314	2	[1.0, 5.0]	1	ofib_till,temf_till
60.041666666666664	35.79166666666666	2	[1.0, 5.0]	1	ofib_till,temf_till
60.041666666666664	35.87499999999997	2	[1.0, 5.0]	1	ofib_till,temf_till
60.041666666666664	35.958333333333314	2	[1.0, 5.0]	1	ofib_till,temf_till
60.041666666666664	36.04166666666666	2	[1.0, 5.0]	1	ofib_till,temf_till
60.041666666666664	36.12499999999997	2	[1.0, 5.0]	1	ofib_till,temf_till
60.041666666666664	36.208333333333314	2	[1.0, 5.0]	1	temf_till
60.041666666666664	36.37499999999997	2	[1.0, 5.0]	1	ofib_till,temf_till
60.041666666666664	36.54166666666666	2	[1.0, 5.0]	1	ofib_till,temf_till
60.041666666666664	36.62499999999997	2	[1.0, 5.0]	1	ofib_till,temf_till
60.041666666666664	36.708333333333314	2	[1.0, 5.0]	1	ofib_till,temf_till
60.041666666666664	36.79166666666666	2	[1.0, 5.0]	1	temf_till
60.041666666666664	36.87499999999997	2	[1.0, 5.0]	1	ofib_till,temf_till
60.041666666666664	36.958333333333314	2	[1.0, 5.0]	1	ofib_till,temf_till
60.041666666666664	37.04166666666666	2	[1.0, 5.0]	1	temf_till
60.041666666666664	37.12499999999997	2	[1.0, 5.0]	1	ofib_till,temf_till
60.041666666666664	37.208333333333314	2	[1.0, 5.0]	1	temf_till
60.041666666666664	37.29166666666666	2	[1.0, 5.0]	1	ofib_till,temf_till
60.041666666666664	37.708333333333314	2	[1.0, 5.0]	1	ofib_till,temf_till
60.041666666666664	37.79166666666666	2	[1.0, 5.0]	1	ofib_till,temf_till
60.041666666666664	37.87499999999997	2	[1.0, 5.0]	1	ofib_till,temf_till
60.041666666666664	37.958333333333314	2	[1.0, 5.0]	1	ofib_till,temf_till
60.041666666666664	38.62499999999997	2	[1.0, 5.0]	1	temf_till
60.041666666666664	38.958333333333314	2	[1.0, 5.0]	1	temf_till
60.041666666666664	39.04166666666666	2	[1.0, 5.0]	1	ofib_till,temf_till
60.041666666666664	39.12499999999997	2	[1.0, 5.0]	1	temf_till
60.041666666666664	39.208333333333314	2	[1.0, 5.0]	1	ofib_till,temf_till
60.041666666666664	39.29166666666666	2	[1.0, 5.0]	1	ofib_till,temf_till
60.041666666666664	39.37499999999997	2	[1.0, 5.0]	1	ofib_till,temf_till
60.041666666666664	39.458333333333314	2	[1.0, 5.0]	1	ofib_till,temf_till
60.041666666666664	39.79166666666666	2	[1.0, 5.0]	1	temf_till
60.041666666666664	39.87499999999997	2	[1.0, 5.0]	1	temf_till
60.041666666666664	39.958333333333314	2	[1.0, 5.0]	1	temf_till
60.041666666666664	40.04166666666666	2	[1.0, 5.0]	1	ofib_till,temf_till
60.041666666666664	40.12499999999997	2	[1.0, 5.0]	1	ofib_till,temf_till
60.041666666666664	40.208333333333314	2	[1.0, 5.0]	1	temf_till
60.041666666666664	40.29166666666666	2	[1.0, 5.0]	1	temf_till
60.041666666666664	40.37499999999997	2	[1.0, 5.0]	1	temf_till
60.041666666666664	40.458333333333314	2	[1.0, 5.0]	1	ofib_till,temf_till
60.041666666666664	40.54166666666666	2	[1.0, 5.0]	1	ofib_till,temf_till
60.041666666666664	40.62499999999997	2	[1.0, 5.0]	1	ofib_till,temf_till
60.041666666666664	40.708333333333314	2	[1.0, 5.0]	1	ofib_till,temf_till
60.041666666666664	40.79166666666666	2	[1.0, 5.0]	1	ofib_till,temf_till
60.041666666666664	40.87499999999997	2	[1.0, 5.0]	1	ofib_till,temf_till
60.041666666666664	40.958333333333314	2	[1.0, 5.0]	1	ofib_till,temf_till
60.041666666666664	41.04166666666666	2	[1.0, 5.0]	1	ofib_till,temf_till
60.041666666666664	41.12499999999997	2	[1.0, 5.0]	1	ofib_till,temf_till
60.041666666666664	41.37499999999997	2	[1.0, 5.0]	1	ofib_till,temf_till
60.041666666666664	41.458333333333314	2	[1.0, 5.0]	1	ofib_till,temf_till
60.041666666666664	41.54166666666666	2	[1.0, 5.0]	1	ofib_till,temf_till
60.041666666666664	41.62499999999997	2	[1.0, 5.0]	1	ofib_till,temf_till
60.041666666666664	41.708333333333314	2	[1.0, 5.0]	1	ofib_till,temf_till
60.041666666666664	41.79166666666666	2	[1.0, 5.0]	1	temf_till
60.041666666666664	42.29166666666666	2	[1.0, 5.0]	1	ofib_till,temf_till
60.041666666666664	42.37499999999997	2	[1.0, 5.0]	1	temf_till
60.041666666666664	42.708333333333314	2	[1.0, 5.0]	1	ofib_till,temf_till
60.041666666666664	42.79166666666666	2	[1.0, 5.0]	1	ofib_till,temf_till
60.041666666666664	42.87499999999997	2	[1.0, 5.0]	1	ofib_till,temf_till
60.041666666666664	42.958333333333314	2	[1.0, 5.0]	1	ofib_till,temf_till
60.041666666666664	43.04166666666666	2	[1.0, 5.0]	1	ofib_till,temf_till
60.041666666666664	43.708333333333314	2	[1.0, 5.0]	1	ofib_till,temf_till
60.041666666666664	43.79166666666666	2	[1.0, 5.0]	1	ofib_till,temf_till
60.041666666666664	44.458333333333314	2	[1.0, 5.0]	1	temf_till
60.041666666666664	44.708333333333314	2	[1.0, 5.0]	1	ofib_till,temf_till
60.041666666666664	44.79166666666666	2	[1.0, 5.0]	1	ofib_till,temf_till
60.041666666666664	45.54166666666666	2	[1.0, 5.0]	1	ofib_till,temf_till
60.041666666666664	45.62499999999997	2	[1.0, 5.0]	1	ofib_till,temf_till
60.041666666666664	45.708333333333314	2	[1.0, 5.0]	1	ofib_till,temf_till
60.041666666666664	45.79166666666666	2	[1.0, 5.0]	1	ofib_till,temf_till
60.041666666666664	45.87499999999997	2	[1.0, 5.0]	1	ofib_till,temf_till
60.041666666666664	45.958333333333314	2	[1.0, 5.0]	1	ofib_till,temf_till
60.041666666666664	46.04166666666666	2	[1.0, 5.0]	1	ofib_till,temf_till
60.041666666666664	46.12499999999997	2	[1.0, 5.0]	1	ofib_till,temf_till
60.041666666666664	46.208333333333314	2	[1.0, 5.0]	1	ofib_till,temf_till
60.041666666666664	46.29166666666666	2	[1.0, 5.0]	1	ofib_till,temf_till
60.041666666666664	46.37499999999997	2	[1.0, 5.0]	1	ofib_till,temf_till
60.041666666666664	46.54166666666666	2	[1.0, 5.0]	1	temf_till
60.041666666666664	46.62499999999997	2	[1.0, 5.0]	1	ofib_till,temf_till
60.041666666666664	48.79166666666666	2	[1.0, 5.0]	1	temf_till
60.041666666666664	49.04166666666666	2	[1.0, 5.0]	1	temf_till
60.041666666666664	56.708333333333314	2	[1.0, 5.0]	1	temf_till
60.041666666666664	56.79166666666666	2	[1.0, 5.0]	1	temf_till
60.041666666666664	64.20833333333331	2	[1.0, 5.0]	1	temf_till
60.041666666666664	64.54166666666666	2	[1.0, 5.0]	1	temf_till
59.95833333333333	16.208333333333314	2	[1.0, 5.0]	1	ooil_till
59.95833333333333	16.291666666666657	2	[1.0, 5.0]	1	ooil_till
59.95833333333333	16.62499999999997	2	[1.0, 5.0]	1	ooil_till
59.95833333333333	16.708333333333314	2	[1.0, 5.0]	1	ooil_till
59.95833333333333	16.791666666666657	2	[1.0, 5.0]	1	ooil_till
59.95833333333333	16.87499999999997	2	[1.0, 5.0]	1	ooil_till
59.95833333333333	16.958333333333314	2	[1.0, 5.0]	1	ooil_till
59.95833333333333	17.208333333333314	2	[1.0, 5.0]	1	ooil_till
59.95833333333333	17.37499999999997	2	[1.0, 5.0]	1	ooil_till
59.95833333333333	17.458333333333314	2	[1.0, 5.0]	1	ooil_till
59.95833333333333	17.541666666666657	2	[1.0, 5.0]	1	ooil_till
59.95833333333333	17.62499999999997	2	[1.0, 5.0]	1	ooil_till
59.95833333333333	17.708333333333314	2	[1.0, 5.0]	1	ooil_till
59.95833333333333	17.791666666666657	2	[1.0, 5.0]	1	ooil_till
59.95833333333333	17.87499999999997	2	[1.0, 5.0]	1	ooil_till
59.95833333333333	17.958333333333314	2	[1.0, 5.0]	1	ooil_till
59.95833333333333	18.041666666666657	2	[1.0, 5.0]	1	ooil_till
59.95833333333333	18.12499999999997	2	[1.0, 5.0]	1	ooil_till
59.95833333333333	18.208333333333314	2	[1.0, 5.0]	1	ooil_till
59.95833333333333	18.291666666666657	2	[1.0, 5.0]	1	ooil_till
59.95833333333333	18.541666666666657	2	[1.0, 5.0]	1	ooil_till
59.95833333333333	18.708333333333314	2	[1.0, 5.0]	1	ooil_till
59.95833333333333	18.791666666666657	2	[1.0, 5.0]	1	ooil_till
59.95833333333333	18.87499999999997	2	[1.0, 5.0]	1	ooil_till
59.95833333333333	23.208333333333314	3	[1.0, 4.0, 5.0]	4	sugb_till,temf_till,pota_till
59.95833333333333	23.541666666666657	3	[1.0, 4.0, 5.0]	4	sugb_till,temf_till,pota_till
59.95833333333333	23.62499999999997	3	[1.0, 4.0, 5.0]	4	sugb_till,temf_till,pota_till
59.95833333333333	30.37499999999997	2	[1.0, 5.0]	1	temf_till
59.95833333333333	30.458333333333314	2	[1.0, 5.0]	1	temf_till
59.95833333333333	30.541666666666657	2	[1.0, 5.0]	1	temf_till
59.95833333333333	30.62499999999997	2	[1.0, 5.0]	1	temf_till
59.95833333333333	30.708333333333314	2	[1.0, 5.0]	1	temf_till
59.95833333333333	30.791666666666657	2	[1.0, 5.0]	1	temf_till
59.95833333333333	30.87499999999997	2	[1.0, 5.0]	1	temf_till
59.95833333333333	31.041666666666657	2	[1.0, 5.0]	1	temf_till
59.95833333333333	31.12499999999997	2	[1.0, 5.0]	1	temf_till
59.95833333333333	31.208333333333314	2	[1.0, 5.0]	1	temf_till
59.95833333333333	31.62499999999997	2	[1.0, 5.0]	1	temf_till
59.95833333333333	31.708333333333314	2	[1.0, 5.0]	1	temf_till
59.95833333333333	31.791666666666657	2	[1.0, 5.0]	1	temf_till
59.95833333333333	31.87499999999997	2	[1.0, 5.0]	1	temf_till
59.95833333333333	31.958333333333314	2	[1.0, 5.0]	1	temf_till
59.95833333333333	32.04166666666666	2	[1.0, 5.0]	1	temf_till
59.95833333333333	32.12499999999997	2	[1.0, 5.0]	1	temf_till
59.95833333333333	32.208333333333314	2	[1.0, 5.0]	1	temf_till
59.95833333333333	32.29166666666666	2	[1.0, 5.0]	1	temf_till
59.95833333333333	32.37499999999997	2	[1.0, 5.0]	1	temf_till
59.95833333333333	32.54166666666666	2	[1.0, 5.0]	1	temf_till
59.95833333333333	32.62499999999997	2	[1.0, 5.0]	1	temf_till
59.95833333333333	32.79166666666666	2	[1.0, 5.0]	1	temf_till
59.95833333333333	32.87499999999997	2	[1.0, 5.0]	1	temf_till
59.95833333333333	33.208333333333314	2	[1.0, 5.0]	1	temf_till
59.95833333333333	33.29166666666666	2	[1.0, 5.0]	1	temf_till
59.95833333333333	33.37499999999997	2	[1.0, 5.0]	1	temf_till
59.95833333333333	33.458333333333314	2	[1.0, 5.0]	1	temf_till
59.95833333333333	33.87499999999997	2	[1.0, 5.0]	1	temf_till
59.95833333333333	33.958333333333314	2	[1.0, 5.0]	1	temf_till
59.95833333333333	34.208333333333314	2	[1.0, 5.0]	1	temf_till
59.95833333333333	34.29166666666666	2	[1.0, 5.0]	1	temf_till
59.95833333333333	34.37499999999997	2	[1.0, 5.0]	1	temf_till
59.95833333333333	34.458333333333314	2	[1.0, 5.0]	1	temf_till
59.95833333333333	34.54166666666666	2	[1.0, 5.0]	1	temf_till
59.95833333333333	35.54166666666666	2	[1.0, 5.0]	1	ofib_till,temf_till
59.95833333333333	35.958333333333314	2	[1.0, 5.0]	1	ofib_till,temf_till
59.95833333333333	36.04166666666666	2	[1.0, 5.0]	1	ofib_till,temf_till
59.95833333333333	36.12499999999997	2	[1.0, 5.0]	1	ofib_till,temf_till
59.95833333333333	36.208333333333314	2	[1.0, 5.0]	1	ofib_till,temf_till
59.95833333333333	36.79166666666666	2	[1.0, 5.0]	1	ofib_till,temf_till
59.95833333333333	36.87499999999997	2	[1.0, 5.0]	1	temf_till
59.95833333333333	36.958333333333314	2	[1.0, 5.0]	1	ofib_till,temf_till
59.95833333333333	37.04166666666666	2	[1.0, 5.0]	1	temf_till
59.95833333333333	37.12499999999997	2	[1.0, 5.0]	1	ofib_till,temf_till
59.95833333333333	37.208333333333314	2	[1.0, 5.0]	1	temf_till
59.95833333333333	37.29166666666666	2	[1.0, 5.0]	1	temf_till
59.95833333333333	37.37499999999997	2	[1.0, 5.0]	1	temf_till
59.95833333333333	37.458333333333314	2	[1.0, 5.0]	1	temf_till
59.95833333333333	37.54166666666666	2	[1.0, 5.0]	1	ofib_till,temf_till
59.95833333333333	37.62499999999997	2	[1.0, 5.0]	1	ofib_till,temf_till
59.95833333333333	37.708333333333314	2	[1.0, 5.0]	1	ofib_till,temf_till
59.95833333333333	37.79166666666666	2	[1.0, 5.0]	1	temf_till
59.95833333333333	37.87499999999997	2	[1.0, 5.0]	1	temf_till
59.95833333333333	37.958333333333314	2	[1.0, 5.0]	1	temf_till
59.95833333333333	38.04166666666666	2	[1.0, 5.0]	1	temf_till
59.95833333333333	38.12499999999997	2	[1.0, 5.0]	1	ofib_till,temf_till
59.95833333333333	38.208333333333314	2	[1.0, 5.0]	1	ofib_till,temf_till
59.95833333333333	38.29166666666666	2	[1.0, 5.0]	1	temf_till
59.95833333333333	38.37499999999997	2	[1.0, 5.0]	1	ofib_till,temf_till
59.95833333333333	38.458333333333314	2	[1.0, 5.0]	1	ofib_till,temf_till
59.95833333333333	38.54166666666666	2	[1.0, 5.0]	1	ofib_till,temf_till
59.95833333333333	38.62499999999997	2	[1.0, 5.0]	1	ofib_till,temf_till
59.95833333333333	38.708333333333314	2	[1.0, 5.0]	1	ofib_till,temf_till
59.95833333333333	38.79166666666666	2	[1.0, 5.0]	1	ofib_till,temf_till
59.95833333333333	38.87499999999997	2	[1.0, 5.0]	1	ofib_till,temf_till
59.95833333333333	38.958333333333314	2	[1.0, 5.0]	1	temf_till
59.95833333333333	39.04166666666666	2	[1.0, 5.0]	1	temf_till
59.95833333333333	39.208333333333314	2	[1.0, 5.0]	1	temf_till
59.95833333333333	39.29166666666666	2	[1.0, 5.0]	1	ofib_till,temf_till
59.95833333333333	39.37499999999997	2	[1.0, 5.0]	1	ofib_till,temf_till
59.95833333333333	39.458333333333314	2	[1.0, 5.0]	1	ofib_till,temf_till
59.95833333333333	39.54166666666666	2	[1.0, 5.0]	1	temf_till
59.95833333333333	39.62499999999997	2	[1.0, 5.0]	1	temf_till
59.95833333333333	39.708333333333314	2	[1.0, 5.0]	1	temf_till
59.95833333333333	39.79166666666666	2	[1.0, 5.0]	1	temf_till
59.95833333333333	39.87499999999997	2	[1.0, 5.0]	1	ofib_till,temf_till
59.95833333333333	39.958333333333314	2	[1.0, 5.0]	1	ofib_till,temf_till
59.95833333333333	40.208333333333314	2	[1.0, 5.0]	1	ofib_till,temf_till
59.95833333333333	40.29166666666666	2	[1.0, 5.0]	1	ofib_till,temf_till
59.95833333333333	40.37499999999997	2	[1.0, 5.0]	1	ofib_till,temf_till
59.95833333333333	40.458333333333314	2	[1.0, 5.0]	1	ofib_till,temf_till
59.95833333333333	40.54166666666666	2	[1.0, 5.0]	1	ofib_till,temf_till
59.95833333333333	40.708333333333314	2	[1.0, 5.0]	1	ofib_till,temf_till
59.95833333333333	41.04166666666666	2	[1.0, 5.0]	1	temf_till
59.95833333333333	41.12499999999997	2	[1.0, 5.0]	1	ofib_till,temf_till
59.95833333333333	41.208333333333314	2	[1.0, 5.0]	1	ofib_till,temf_till
59.95833333333333	41.29166666666666	2	[1.0, 5.0]	1	temf_till
59.95833333333333	41.54166666666666	2	[1.0, 5.0]	1	temf_till
59.95833333333333	41.62499999999997	2	[1.0, 5.0]	1	ofib_till,temf_till
59.95833333333333	42.29166666666666	2	[1.0, 5.0]	1	ofib_till,temf_till
59.95833333333333	42.37499999999997	2	[1.0, 5.0]	1	ofib_till,temf_till
59.95833333333333	42.458333333333314	2	[1.0, 5.0]	1	ofib_till,temf_till
59.95833333333333	42.54166666666666	2	[1.0, 5.0]	1	ofib_till,temf_till
59.95833333333333	42.62499999999997	2	[1.0, 5.0]	1	temf_till
59.95833333333333	42.708333333333314	2	[1.0, 5.0]	1	ofib_till,temf_till
59.95833333333333	42.79166666666666	2	[1.0, 5.0]	1	ofib_till,temf_till
59.95833333333333	42.87499999999997	2	[1.0, 5.0]	1	ofib_till,temf_till
59.95833333333333	42.958333333333314	2	[1.0, 5.0]	1	temf_till
59.95833333333333	43.37499999999997	2	[1.0, 5.0]	1	ofib_till,temf_till
59.95833333333333	43.458333333333314	2	[1.0, 5.0]	1	ofib_till,temf_till
59.95833333333333	43.62499999999997	2	[1.0, 5.0]	1	temf_till
59.95833333333333	43.708333333333314	2	[1.0, 5.0]	1	ofib_till,temf_till
59.95833333333333	43.79166666666666	2	[1.0, 5.0]	1	ofib_till,temf_till
59.95833333333333	44.12499999999997	2	[1.0, 5.0]	1	ofib_till,temf_till
59.95833333333333	44.208333333333314	2	[1.0, 5.0]	1	ofib_till,temf_till
59.95833333333333	44.54166666666666	2	[1.0, 5.0]	1	ofib_till,temf_till
59.95833333333333	44.62499999999997	2	[1.0, 5.0]	1	ofib_till,temf_till
59.95833333333333	44.708333333333314	2	[1.0, 5.0]	1	ofib_till,temf_till
59.95833333333333	44.79166666666666	2	[1.0, 5.0]	1	ofib_till,temf_till
59.95833333333333	44.87499999999997	2	[1.0, 5.0]	1	ofib_till,temf_till
59.95833333333333	44.958333333333314	2	[1.0, 5.0]	1	ofib_till,temf_till
59.95833333333333	45.458333333333314	2	[1.0, 5.0]	1	ofib_till,temf_till
59.95833333333333	45.54166666666666	2	[1.0, 5.0]	1	ofib_till,temf_till
59.95833333333333	45.62499999999997	2	[1.0, 5.0]	1	ofib_till,temf_till
59.95833333333333	45.708333333333314	2	[1.0, 5.0]	1	ofib_till,temf_till
59.95833333333333	45.79166666666666	2	[1.0, 5.0]	1	ofib_till,temf_till
59.95833333333333	45.87499999999997	2	[1.0, 5.0]	1	ofib_till,temf_till
59.95833333333333	45.958333333333314	2	[1.0, 5.0]	1	ofib_till,temf_till
59.95833333333333	46.04166666666666	2	[1.0, 5.0]	1	ofib_till,temf_till
59.95833333333333	46.12499999999997	2	[1.0, 5.0]	1	ofib_till,temf_till
59.95833333333333	46.208333333333314	2	[1.0, 5.0]	1	ofib_till,temf_till
59.95833333333333	46.29166666666666	2	[1.0, 5.0]	1	ofib_till,temf_till
59.95833333333333	46.37499999999997	2	[1.0, 5.0]	1	ofib_till,temf_till
59.95833333333333	46.458333333333314	2	[1.0, 5.0]	1	ofib_till,temf_till
59.95833333333333	46.54166666666666	2	[1.0, 5.0]	1	ofib_till,temf_till
59.95833333333333	46.62499999999997	2	[1.0, 5.0]	1	ofib_till,temf_till
59.95833333333333	46.708333333333314	2	[1.0, 5.0]	1	ofib_till,temf_till
59.95833333333333	48.62499999999997	2	[1.0, 5.0]	1	temf_till
59.95833333333333	49.37499999999997	2	[1.0, 5.0]	1	temf_till
59.95833333333333	56.958333333333314	2	[1.0, 5.0]	1	temf_till
59.95833333333333	57.04166666666666	2	[1.0, 5.0]	1	temf_till
59.95833333333333	57.12499999999997	2	[1.0, 5.0]	1	temf_till
59.875	10.541666666666657	2	[1.0, 5.0]	1	temf_till
59.875	16.291666666666657	2	[1.0, 5.0]	1	ooil_till
59.875	16.37499999999997	2	[1.0, 5.0]	1	ooil_till
59.875	16.458333333333314	2	[1.0, 5.0]	1	ooil_till
59.875	16.541666666666657	2	[1.0, 5.0]	1	ooil_till
59.875	16.62499999999997	2	[1.0, 5.0]	1	ooil_till
59.875	16.708333333333314	2	[1.0, 5.0]	1	ooil_till
59.875	16.87499999999997	2	[1.0, 5.0]	1	ooil_till
59.875	16.958333333333314	2	[1.0, 5.0]	1	ooil_till
59.875	17.041666666666657	2	[1.0, 5.0]	1	ooil_till
59.875	17.12499999999997	2	[1.0, 5.0]	1	ooil_till
59.875	17.208333333333314	2	[1.0, 5.0]	1	ooil_till
59.875	17.291666666666657	2	[1.0, 5.0]	1	ooil_till
59.875	17.37499999999997	2	[1.0, 5.0]	1	ooil_till
59.875	17.458333333333314	2	[1.0, 5.0]	1	ooil_till
59.875	17.541666666666657	2	[1.0, 5.0]	1	ooil_till
59.875	17.62499999999997	2	[1.0, 5.0]	1	ooil_till
59.875	17.708333333333314	2	[1.0, 5.0]	1	ooil_till
59.875	17.791666666666657	2	[1.0, 5.0]	1	ooil_till
59.875	17.87499999999997	2	[1.0, 5.0]	1	ooil_till
59.875	17.958333333333314	2	[1.0, 5.0]	1	ooil_till
59.875	18.041666666666657	2	[1.0, 5.0]	1	ooil_till
59.875	18.12499999999997	2	[1.0, 5.0]	1	ooil_till
59.875	18.208333333333314	2	[1.0, 5.0]	1	ooil_till
59.875	18.291666666666657	2	[1.0, 5.0]	1	ooil_till
59.875	18.458333333333314	2	[1.0, 5.0]	1	ooil_till
59.875	18.708333333333314	2	[1.0, 5.0]	1	ooil_till
59.875	18.791666666666657	2	[1.0, 5.0]	1	ooil_till
59.875	29.62499999999997	2	[1.0, 5.0]	1	temf_till
59.875	30.37499999999997	2	[1.0, 5.0]	1	temf_till
59.875	30.458333333333314	2	[1.0, 5.0]	1	temf_till
59.875	30.541666666666657	2	[1.0, 5.0]	1	temf_till
59.875	30.62499999999997	2	[1.0, 5.0]	1	temf_till
59.875	30.708333333333314	2	[1.0, 5.0]	1	temf_till
59.875	30.791666666666657	2	[1.0, 5.0]	1	temf_till
59.875	30.87499999999997	2	[1.0, 5.0]	1	temf_till
59.875	31.041666666666657	2	[1.0, 5.0]	1	temf_till
59.875	31.12499999999997	2	[1.0, 5.0]	1	temf_till
59.875	31.208333333333314	2	[1.0, 5.0]	1	temf_till
59.875	31.291666666666657	2	[1.0, 5.0]	1	temf_till
59.875	31.37499999999997	2	[1.0, 5.0]	1	temf_till
59.875	31.458333333333314	2	[1.0, 5.0]	1	temf_till
59.875	31.541666666666657	2	[1.0, 5.0]	1	temf_till
59.875	31.62499999999997	2	[1.0, 5.0]	1	temf_till
59.875	31.708333333333314	2	[1.0, 5.0]	1	temf_till
59.875	31.791666666666657	2	[1.0, 5.0]	1	temf_till
59.875	31.87499999999997	2	[1.0, 5.0]	1	temf_till
59.875	32.04166666666666	2	[1.0, 5.0]	1	temf_till
59.875	32.12499999999997	2	[1.0, 5.0]	1	temf_till
59.875	32.208333333333314	2	[1.0, 5.0]	1	temf_till
59.875	32.29166666666666	2	[1.0, 5.0]	1	temf_till
59.875	32.37499999999997	2	[1.0, 5.0]	1	temf_till
59.875	32.54166666666666	2	[1.0, 5.0]	1	temf_till
59.875	32.62499999999997	2	[1.0, 5.0]	1	temf_till
59.875	32.708333333333314	2	[1.0, 5.0]	1	temf_till
59.875	32.87499999999997	2	[1.0, 5.0]	1	temf_till
59.875	33.208333333333314	2	[1.0, 5.0]	1	temf_till
59.875	33.37499999999997	2	[1.0, 5.0]	1	temf_till
59.875	33.79166666666666	2	[1.0, 5.0]	1	temf_till
59.875	33.87499999999997	2	[1.0, 5.0]	1	temf_till
59.875	33.958333333333314	2	[1.0, 5.0]	1	temf_till
59.875	34.29166666666666	2	[1.0, 5.0]	1	temf_till
59.875	34.54166666666666	2	[1.0, 5.0]	1	temf_till
59.875	35.458333333333314	2	[1.0, 5.0]	1	temf_till
59.875	35.54166666666666	2	[1.0, 5.0]	1	temf_till
59.875	35.62499999999997	2	[1.0, 5.0]	1	temf_till
59.875	35.958333333333314	2	[1.0, 5.0]	1	ofib_till,temf_till
59.875	36.04166666666666	2	[1.0, 5.0]	1	ofib_till,temf_till
59.875	36.12499999999997	2	[1.0, 5.0]	1	ofib_till,temf_till
59.875	36.208333333333314	2	[1.0, 5.0]	1	ofib_till,temf_till
59.875	36.79166666666666	2	[1.0, 5.0]	1	ofib_till,temf_till
59.875	36.958333333333314	2	[1.0, 5.0]	1	temf_till
59.875	37.04166666666666	2	[1.0, 5.0]	1	temf_till
59.875	37.54166666666666	2	[1.0, 5.0]	1	temf_till
59.875	37.62499999999997	2	[1.0, 5.0]	1	ofib_till,temf_till
59.875	37.708333333333314	2	[1.0, 5.0]	1	ofib_till,temf_till
59.875	37.79166666666666	2	[1.0, 5.0]	1	ofib_till,temf_till
59.875	37.87499999999997	2	[1.0, 5.0]	1	ofib_till,temf_till
59.875	37.958333333333314	2	[1.0, 5.0]	1	ofib_till,temf_till
59.875	38.04166666666666	2	[1.0, 5.0]	1	ofib_till,temf_till
59.875	38.12499999999997	2	[1.0, 5.0]	1	ofib_till,temf_till
59.875	38.208333333333314	2	[1.0, 5.0]	1	ofib_till,temf_till
59.875	38.29166666666666	2	[1.0, 5.0]	1	ofib_till,temf_till
59.875	38.37499999999997	2	[1.0, 5.0]	1	ofib_till,temf_till
59.875	38.458333333333314	2	[1.0, 5.0]	1	ofib_till,temf_till
59.875	38.54166666666666	2	[1.0, 5.0]	1	ofib_till,temf_till
59.875	38.62499999999997	2	[1.0, 5.0]	1	ofib_till,temf_till
59.875	38.708333333333314	2	[1.0, 5.0]	1	ofib_till,temf_till
59.875	38.79166666666666	2	[1.0, 5.0]	1	ofib_till,temf_till
59.875	38.87499999999997	2	[1.0, 5.0]	1	ofib_till,temf_till
59.875	38.958333333333314	2	[1.0, 5.0]	1	ofib_till,temf_till
59.875	39.04166666666666	2	[1.0, 5.0]	1	temf_till
59.875	39.12499999999997	2	[1.0, 5.0]	1	temf_till
59.875	39.208333333333314	2	[1.0, 5.0]	1	ofib_till,temf_till
59.875	39.29166666666666	2	[1.0, 5.0]	1	ofib_till,temf_till
59.875	39.37499999999997	2	[1.0, 5.0]	1	ofib_till,temf_till
59.875	39.458333333333314	2	[1.0, 5.0]	1	temf_till
59.875	39.54166666666666	2	[1.0, 5.0]	1	ofib_till,temf_till
59.875	39.62499999999997	2	[1.0, 5.0]	1	ofib_till,temf_till
59.875	39.708333333333314	2	[1.0, 5.0]	1	ofib_till,temf_till
59.875	39.79166666666666	2	[1.0, 5.0]	1	temf_till
59.875	39.87499999999997	2	[1.0, 5.0]	1	temf_till
59.875	39.958333333333314	2	[1.0, 5.0]	1	ofib_till,temf_till
59.875	40.04166666666666	2	[1.0, 5.0]	1	ofib_till,temf_till
59.875	40.12499999999997	2	[1.0, 5.0]	1	temf_till
59.875	40.208333333333314	2	[1.0, 5.0]	1	temf_till
59.875	40.29166666666666	2	[1.0, 5.0]	1	temf_till
59.875	40.37499999999997	2	[1.0, 5.0]	1	temf_till
59.875	40.87499999999997	2	[1.0, 5.0]	1	ofib_till,temf_till
59.875	41.04166666666666	2	[1.0, 5.0]	1	ofib_till,temf_till
59.875	41.12499999999997	2	[1.0, 5.0]	1	ofib_till,temf_till
59.875	41.208333333333314	2	[1.0, 5.0]	1	ofib_till,temf_till
59.875	42.37499999999997	2	[1.0, 5.0]	1	ofib_till,temf_till
59.875	42.458333333333314	2	[1.0, 5.0]	1	ofib_till,temf_till
59.875	42.54166666666666	2	[1.0, 5.0]	1	temf_till
59.875	42.708333333333314	2	[1.0, 5.0]	1	temf_till
59.875	43.29166666666666	2	[1.0, 5.0]	1	ofib_till,temf_till
59.875	43.37499999999997	2	[1.0, 5.0]	1	ofib_till,temf_till
59.875	43.458333333333314	2	[1.0, 5.0]	1	ofib_till,temf_till
59.875	43.54166666666666	2	[1.0, 5.0]	1	temf_till
59.875	43.62499999999997	2	[1.0, 5.0]	1	ofib_till,temf_till
59.875	43.79166666666666	2	[1.0, 5.0]	1	ofib_till,temf_till
59.875	44.37499999999997	2	[1.0, 5.0]	1	ofib_till,temf_till
59.875	44.458333333333314	2	[1.0, 5.0]	1	ofib_till,temf_till
59.875	44.54166666666666	2	[1.0, 5.0]	1	ofib_till,temf_till
59.875	44.62499999999997	2	[1.0, 5.0]	1	ofib_till,temf_till
59.875	44.708333333333314	2	[1.0, 5.0]	1	ofib_till,temf_till
59.875	44.79166666666666	2	[1.0, 5.0]	1	ofib_till,temf_till
59.875	44.87499999999997	2	[1.0, 5.0]	1	ofib_till,temf_till
59.875	44.958333333333314	2	[1.0, 5.0]	1	ofib_till,temf_till
59.875	45.04166666666666	2	[1.0, 5.0]	1	ofib_till,temf_till
59.875	45.12499999999997	2	[1.0, 5.0]	1	ofib_till,temf_till
59.875	45.208333333333314	2	[1.0, 5.0]	1	ofib_till,temf_till
59.875	45.37499999999997	2	[1.0, 5.0]	1	ofib_till,temf_till
59.875	45.458333333333314	2	[1.0, 5.0]	1	ofib_till,temf_till
59.875	45.54166666666666	2	[1.0, 5.0]	1	ofib_till,temf_till
59.875	45.62499999999997	2	[1.0, 5.0]	1	ofib_till,temf_till
59.875	45.708333333333314	2	[1.0, 5.0]	1	ofib_till,temf_till
59.875	45.79166666666666	2	[1.0, 5.0]	1	ofib_till,temf_till
59.875	45.87499999999997	2	[1.0, 5.0]	1	ofib_till,temf_till
59.875	45.958333333333314	2	[1.0, 5.0]	1	ofib_till,temf_till
59.875	46.04166666666666	2	[1.0, 5.0]	1	ofib_till,temf_till
59.875	46.37499999999997	2	[1.0, 5.0]	1	ofib_till,temf_till
59.875	46.458333333333314	2	[1.0, 5.0]	1	ofib_till,temf_till
59.875	46.54166666666666	2	[1.0, 5.0]	1	ofib_till,temf_till
59.875	46.62499999999997	2	[1.0, 5.0]	1	ofib_till,temf_till
59.875	46.708333333333314	2	[1.0, 5.0]	1	ofib_till,temf_till
59.875	48.54166666666666	2	[1.0, 5.0]	1	temf_till
59.875	48.708333333333314	2	[1.0, 5.0]	1	temf_till
59.875	48.958333333333314	2	[1.0, 5.0]	1	temf_till
59.875	49.37499999999997	2	[1.0, 5.0]	1	temf_till
59.875	49.54166666666666	2	[1.0, 5.0]	1	temf_till
59.875	49.62499999999997	2	[1.0, 5.0]	1	temf_till
59.875	49.708333333333314	2	[1.0, 5.0]	1	temf_till
59.875	49.87499999999997	2	[1.0, 5.0]	1	temf_till
59.875	50.458333333333314	2	[1.0, 5.0]	1	temf_till
59.875	52.37499999999997	2	[1.0, 5.0]	1	temf_till
59.875	52.54166666666666	2	[1.0, 5.0]	1	temf_till
59.875	52.62499999999997	2	[1.0, 5.0]	1	temf_till
59.875	52.708333333333314	2	[1.0, 5.0]	1	temf_till
59.875	56.62499999999997	2	[1.0, 5.0]	1	temf_till
59.875	56.708333333333314	2	[1.0, 5.0]	1	temf_till
59.875	56.79166666666666	2	[1.0, 5.0]	1	temf_till
59.875	56.958333333333314	2	[1.0, 5.0]	1	temf_till
59.875	57.04166666666666	2	[1.0, 5.0]	1	temf_till
59.875	57.12499999999997	2	[1.0, 5.0]	1	temf_till
59.791666666666664	10.708333333333314	2	[1.0, 5.0]	1	temf_till
59.791666666666664	14.791666666666657	2	[1.0, 5.0]	1	ooil_till
59.791666666666664	15.124999999999972	2	[1.0, 5.0]	1	ooil_till
59.791666666666664	15.374999999999972	2	[1.0, 5.0]	1	ooil_till
59.791666666666664	16.37499999999997	2	[1.0, 5.0]	1	ooil_till
59.791666666666664	16.458333333333314	2	[1.0, 5.0]	1	ooil_till
59.791666666666664	16.541666666666657	2	[1.0, 5.0]	1	ooil_till
59.791666666666664	16.62499999999997	2	[1.0, 5.0]	1	ooil_till
59.791666666666664	16.708333333333314	2	[1.0, 5.0]	1	ooil_till
59.791666666666664	16.791666666666657	2	[1.0, 5.0]	1	ooil_till
59.791666666666664	16.87499999999997	2	[1.0, 5.0]	1	ooil_till
59.791666666666664	16.958333333333314	2	[1.0, 5.0]	1	ooil_till
59.791666666666664	17.041666666666657	2	[1.0, 5.0]	1	ooil_till
59.791666666666664	17.12499999999997	2	[1.0, 5.0]	1	ooil_till
59.791666666666664	17.208333333333314	2	[1.0, 5.0]	1	ooil_till
59.791666666666664	17.291666666666657	2	[1.0, 5.0]	1	ooil_till
59.791666666666664	17.37499999999997	2	[1.0, 5.0]	1	ooil_till
59.791666666666664	17.458333333333314	2	[1.0, 5.0]	1	ooil_till
59.791666666666664	17.541666666666657	2	[1.0, 5.0]	1	ooil_till
59.791666666666664	17.62499999999997	2	[1.0, 5.0]	1	ooil_till
59.791666666666664	17.708333333333314	2	[1.0, 5.0]	1	ooil_till
59.791666666666664	17.791666666666657	2	[1.0, 5.0]	1	ooil_till
59.791666666666664	17.87499999999997	2	[1.0, 5.0]	1	ooil_till
59.791666666666664	17.958333333333314	2	[1.0, 5.0]	1	ooil_till
59.791666666666664	18.041666666666657	2	[1.0, 5.0]	1	ooil_till
59.791666666666664	18.12499999999997	2	[1.0, 5.0]	1	ooil_till
59.791666666666664	18.208333333333314	2	[1.0, 5.0]	1	ooil_till
59.791666666666664	18.291666666666657	2	[1.0, 5.0]	1	ooil_till
59.791666666666664	18.37499999999997	2	[1.0, 5.0]	1	ooil_till
59.791666666666664	18.541666666666657	2	[1.0, 5.0]	1	ooil_till
59.791666666666664	18.62499999999997	2	[1.0, 5.0]	1	ooil_till
59.791666666666664	18.708333333333314	2	[1.0, 5.0]	1	ooil_till
59.791666666666664	18.791666666666657	2	[1.0, 5.0]	1	ooil_till
59.791666666666664	28.458333333333314	2	[1.0, 5.0]	1	temf_till
59.791666666666664	28.541666666666657	2	[1.0, 5.0]	1	temf_till
59.791666666666664	29.12499999999997	2	[1.0, 5.0]	1	temf_till
59.791666666666664	29.208333333333314	2	[1.0, 5.0]	1	temf_till
59.791666666666664	29.291666666666657	2	[1.0, 5.0]	1	temf_till
59.791666666666664	29.37499999999997	2	[1.0, 5.0]	1	temf_till
59.791666666666664	29.62499999999997	2	[1.0, 5.0]	1	temf_till
59.791666666666664	29.708333333333314	2	[1.0, 5.0]	1	temf_till
59.791666666666664	29.791666666666657	2	[1.0, 5.0]	1	temf_till
59.791666666666664	30.37499999999997	2	[1.0, 5.0]	1	temf_till
59.791666666666664	30.458333333333314	2	[1.0, 5.0]	1	temf_till
59.791666666666664	30.541666666666657	2	[1.0, 5.0]	1	temf_till
59.791666666666664	30.62499999999997	2	[1.0, 5.0]	1	temf_till
59.791666666666664	30.708333333333314	2	[1.0, 5.0]	1	temf_till
59.791666666666664	30.791666666666657	2	[1.0, 5.0]	1	temf_till
59.791666666666664	30.87499999999997	2	[1.0, 5.0]	1	temf_till
59.791666666666664	31.041666666666657	2	[1.0, 5.0]	1	temf_till
59.791666666666664	31.12499999999997	2	[1.0, 5.0]	1	temf_till
59.791666666666664	31.208333333333314	2	[1.0, 5.0]	1	temf_till
59.791666666666664	31.291666666666657	2	[1.0, 5.0]	1	temf_till
59.791666666666664	31.37499999999997	2	[1.0, 5.0]	1	temf_till
59.791666666666664	31.458333333333314	2	[1.0, 5.0]	1	temf_till
59.791666666666664	31.541666666666657	2	[1.0, 5.0]	1	temf_till
59.791666666666664	31.62499999999997	2	[1.0, 5.0]	1	temf_till
59.791666666666664	31.708333333333314	2	[1.0, 5.0]	1	temf_till
59.791666666666664	31.791666666666657	2	[1.0, 5.0]	1	temf_till
59.791666666666664	31.958333333333314	2	[1.0, 5.0]	1	temf_till
59.791666666666664	32.04166666666666	2	[1.0, 5.0]	1	temf_till
59.791666666666664	32.12499999999997	2	[1.0, 5.0]	1	temf_till
59.791666666666664	32.208333333333314	2	[1.0, 5.0]	1	temf_till
59.791666666666664	32.29166666666666	2	[1.0, 5.0]	1	temf_till
59.791666666666664	32.37499999999997	2	[1.0, 5.0]	1	temf_till
59.791666666666664	32.54166666666666	2	[1.0, 5.0]	1	temf_till
59.791666666666664	33.29166666666666	2	[1.0, 5.0]	1	temf_till
59.791666666666664	33.37499999999997	2	[1.0, 5.0]	1	temf_till
59.791666666666664	33.458333333333314	2	[1.0, 5.0]	1	temf_till
59.791666666666664	33.54166666666666	2	[1.0, 5.0]	1	temf_till
59.791666666666664	33.79166666666666	2	[1.0, 5.0]	1	temf_till
59.791666666666664	33.87499999999997	2	[1.0, 5.0]	1	temf_till
59.791666666666664	33.958333333333314	2	[1.0, 5.0]	1	temf_till
59.791666666666664	34.87499999999997	2	[1.0, 5.0]	1	temf_till
59.791666666666664	35.208333333333314	2	[1.0, 5.0]	1	temf_till
59.791666666666664	35.37499999999997	2	[1.0, 5.0]	1	temf_till
59.791666666666664	35.54166666666666	2	[1.0, 5.0]	1	temf_till
59.791666666666664	35.62499999999997	2	[1.0, 5.0]	1	temf_till
59.791666666666664	35.708333333333314	2	[1.0, 5.0]	1	temf_till
59.791666666666664	35.958333333333314	2	[1.0, 5.0]	1	ofib_till,temf_till
59.791666666666664	36.04166666666666	2	[1.0, 5.0]	1	ofib_till,temf_till
59.791666666666664	36.29166666666666	2	[1.0, 5.0]	1	temf_till
59.791666666666664	36.458333333333314	2	[1.0, 5.0]	1	ofib_till,temf_till
59.791666666666664	36.62499999999997	2	[1.0, 5.0]	1	ofib_till,temf_till
59.791666666666664	36.87499999999997	2	[1.0, 5.0]	1	ofib_till,temf_till
59.791666666666664	36.958333333333314	2	[1.0, 5.0]	1	ofib_till,temf_till
59.791666666666664	37.458333333333314	2	[1.0, 5.0]	1	ofib_till,temf_till
59.791666666666664	37.54166666666666	2	[1.0, 5.0]	1	temf_till
59.791666666666664	37.62499999999997	2	[1.0, 5.0]	1	temf_till
59.791666666666664	37.708333333333314	2	[1.0, 5.0]	1	ofib_till,temf_till
59.791666666666664	37.79166666666666	2	[1.0, 5.0]	1	ofib_till,temf_till
59.791666666666664	37.87499999999997	2	[1.0, 5.0]	1	temf_till
59.791666666666664	37.958333333333314	2	[1.0, 5.0]	1	ofib_till,temf_till
59.791666666666664	38.12499999999997	2	[1.0, 5.0]	1	ofib_till,temf_till
59.791666666666664	38.208333333333314	2	[1.0, 5.0]	1	temf_till
59.791666666666664	38.29166666666666	2	[1.0, 5.0]	1	ofib_till,temf_till
59.791666666666664	38.37499999999997	2	[1.0, 5.0]	1	ofib_till,temf_till
59.791666666666664	38.458333333333314	2	[1.0, 5.0]	1	ofib_till,temf_till
59.791666666666664	38.708333333333314	2	[1.0, 5.0]	1	temf_till
59.791666666666664	38.79166666666666	2	[1.0, 5.0]	1	temf_till
59.791666666666664	38.87499999999997	2	[1.0, 5.0]	1	ofib_till,temf_till
59.791666666666664	38.958333333333314	2	[1.0, 5.0]	1	temf_till
59.791666666666664	39.04166666666666	2	[1.0, 5.0]	1	ofib_till,temf_till
59.791666666666664	39.12499999999997	2	[1.0, 5.0]	1	ofib_till,temf_till
59.791666666666664	39.208333333333314	2	[1.0, 5.0]	1	temf_till
59.791666666666664	39.29166666666666	2	[1.0, 5.0]	1	ofib_till,temf_till
59.791666666666664	39.37499999999997	2	[1.0, 5.0]	1	temf_till
59.791666666666664	39.54166666666666	2	[1.0, 5.0]	1	ofib_till,temf_till
59.791666666666664	39.62499999999997	2	[1.0, 5.0]	1	ofib_till,temf_till
59.791666666666664	39.708333333333314	2	[1.0, 5.0]	1	ofib_till,temf_till
59.791666666666664	39.79166666666666	2	[1.0, 5.0]	1	ofib_till,temf_till
59.791666666666664	39.87499999999997	2	[1.0, 5.0]	1	ofib_till,temf_till
59.791666666666664	39.958333333333314	2	[1.0, 5.0]	1	temf_till
59.791666666666664	40.04166666666666	2	[1.0, 5.0]	1	ofib_till,temf_till
59.791666666666664	40.37499999999997	2	[1.0, 5.0]	1	ofib_till,temf_till
59.791666666666664	40.458333333333314	2	[1.0, 5.0]	1	temf_till
59.791666666666664	40.54166666666666	2	[1.0, 5.0]	1	temf_till
59.791666666666664	40.79166666666666	2	[1.0, 5.0]	1	temf_till
59.791666666666664	42.04166666666666	2	[1.0, 5.0]	1	temf_till
59.791666666666664	42.12499999999997	2	[1.0, 5.0]	1	temf_till
59.791666666666664	43.12499999999997	2	[1.0, 5.0]	1	ofib_till,temf_till
59.791666666666664	43.458333333333314	2	[1.0, 5.0]	1	temf_till
59.791666666666664	43.54166666666666	2	[1.0, 5.0]	1	temf_till
59.791666666666664	44.208333333333314	2	[1.0, 5.0]	1	ofib_till,temf_till
59.791666666666664	44.29166666666666	2	[1.0, 5.0]	1	ofib_till,temf_till
59.791666666666664	44.37499999999997	2	[1.0, 5.0]	1	ofib_till,temf_till
59.791666666666664	44.458333333333314	2	[1.0, 5.0]	1	temf_till
59.791666666666664	44.54166666666666	2	[1.0, 5.0]	1	ofib_till,temf_till
59.791666666666664	44.62499999999997	2	[1.0, 5.0]	1	ofib_till,temf_till
59.791666666666664	44.708333333333314	2	[1.0, 5.0]	1	ofib_till,temf_till
59.791666666666664	44.79166666666666	2	[1.0, 5.0]	1	ofib_till,temf_till
59.791666666666664	44.87499999999997	2	[1.0, 5.0]	1	ofib_till,temf_till
59.791666666666664	45.04166666666666	2	[1.0, 5.0]	1	ofib_till,temf_till
59.791666666666664	45.12499999999997	2	[1.0, 5.0]	1	ofib_till,temf_till
59.791666666666664	45.208333333333314	2	[1.0, 5.0]	1	ofib_till,temf_till
59.791666666666664	45.29166666666666	2	[1.0, 5.0]	1	ofib_till,temf_till
59.791666666666664	45.37499999999997	2	[1.0, 5.0]	1	ofib_till,temf_till
59.791666666666664	45.458333333333314	2	[1.0, 5.0]	1	ofib_till,temf_till
59.791666666666664	45.54166666666666	2	[1.0, 5.0]	1	ofib_till,temf_till
59.791666666666664	45.62499999999997	2	[1.0, 5.0]	1	ofib_till,temf_till
59.791666666666664	45.708333333333314	2	[1.0, 5.0]	1	ofib_till,temf_till
59.791666666666664	45.87499999999997	2	[1.0, 5.0]	1	ofib_till,temf_till
59.791666666666664	45.958333333333314	2	[1.0, 5.0]	1	ofib_till,temf_till
59.791666666666664	46.04166666666666	2	[1.0, 5.0]	1	ofib_till,temf_till
59.791666666666664	46.54166666666666	2	[1.0, 5.0]	1	temf_till
59.791666666666664	46.62499999999997	2	[1.0, 5.0]	1	ofib_till,temf_till
59.791666666666664	48.958333333333314	2	[1.0, 5.0]	1	temf_till
59.791666666666664	49.458333333333314	2	[1.0, 5.0]	1	temf_till
59.791666666666664	49.54166666666666	2	[1.0, 5.0]	1	temf_till
59.791666666666664	49.62499999999997	2	[1.0, 5.0]	1	temf_till
59.791666666666664	49.708333333333314	2	[1.0, 5.0]	1	temf_till
59.791666666666664	49.79166666666666	2	[1.0, 5.0]	1	temf_till
59.791666666666664	49.87499999999997	2	[1.0, 5.0]	1	temf_till
59.791666666666664	56.62499999999997	2	[1.0, 5.0]	1	temf_till
59.791666666666664	56.708333333333314	2	[1.0, 5.0]	1	temf_till
59.791666666666664	56.79166666666666	2	[1.0, 5.0]	1	temf_till
59.791666666666664	64.95833333333331	2	[1.0, 5.0]	1	temf_till
59.70833333333333	10.291666666666657	2	[1.0, 5.0]	1	temf_till
59.70833333333333	10.624999999999972	2	[1.0, 5.0]	1	temf_till
59.70833333333333	10.708333333333314	2	[1.0, 5.0]	1	temf_till
59.70833333333333	11.291666666666657	2	[1.0, 5.0]	1	temf_till
59.70833333333333	11.791666666666657	2	[1.0, 5.0]	1	temf_till
59.70833333333333	14.791666666666657	2	[1.0, 5.0]	1	ooil_till
59.70833333333333	15.124999999999972	2	[1.0, 5.0]	1	ooil_till
59.70833333333333	15.374999999999972	2	[1.0, 5.0]	1	ooil_till
59.70833333333333	15.791666666666657	2	[1.0, 5.0]	1	ooil_till
59.70833333333333	16.208333333333314	2	[1.0, 5.0]	1	ooil_till
59.70833333333333	16.37499999999997	2	[1.0, 5.0]	1	ooil_till
59.70833333333333	16.458333333333314	2	[1.0, 5.0]	1	ooil_till
59.70833333333333	16.541666666666657	2	[1.0, 5.0]	1	ooil_till
59.70833333333333	16.62499999999997	2	[1.0, 5.0]	1	ooil_till
59.70833333333333	16.708333333333314	2	[1.0, 5.0]	1	ooil_till
59.70833333333333	16.791666666666657	2	[1.0, 5.0]	1	ooil_till
59.70833333333333	16.87499999999997	2	[1.0, 5.0]	1	ooil_till
59.70833333333333	16.958333333333314	2	[1.0, 5.0]	1	ooil_till
59.70833333333333	17.041666666666657	2	[1.0, 5.0]	1	ooil_till
59.70833333333333	17.12499999999997	2	[1.0, 5.0]	1	ooil_till
59.70833333333333	17.208333333333314	2	[1.0, 5.0]	1	ooil_till
59.70833333333333	17.291666666666657	2	[1.0, 5.0]	1	ooil_till
59.70833333333333	17.37499999999997	2	[1.0, 5.0]	1	ooil_till
59.70833333333333	17.458333333333314	2	[1.0, 5.0]	1	ooil_till
59.70833333333333	17.541666666666657	2	[1.0, 5.0]	1	ooil_till
59.70833333333333	17.62499999999997	2	[1.0, 5.0]	1	ooil_till
59.70833333333333	17.708333333333314	2	[1.0, 5.0]	1	ooil_till
59.70833333333333	17.791666666666657	2	[1.0, 5.0]	1	ooil_till
59.70833333333333	17.87499999999997	2	[1.0, 5.0]	1	ooil_till
59.70833333333333	17.958333333333314	2	[1.0, 5.0]	1	ooil_till
59.70833333333333	18.041666666666657	2	[1.0, 5.0]	1	ooil_till
59.70833333333333	18.12499999999997	2	[1.0, 5.0]	1	ooil_till
59.70833333333333	18.208333333333314	2	[1.0, 5.0]	1	ooil_till
59.70833333333333	18.37499999999997	2	[1.0, 5.0]	1	ooil_till
59.70833333333333	18.458333333333314	2	[1.0, 5.0]	1	ooil_till
59.70833333333333	18.541666666666657	2	[1.0, 5.0]	1	ooil_till
59.70833333333333	18.708333333333314	2	[1.0, 5.0]	1	ooil_till
59.70833333333333	18.791666666666657	2	[1.0, 5.0]	1	ooil_till
59.70833333333333	28.958333333333314	2	[1.0, 5.0]	1	temf_till
59.70833333333333	29.041666666666657	2	[1.0, 5.0]	1	temf_till
59.70833333333333	29.12499999999997	2	[1.0, 5.0]	1	temf_till
59.70833333333333	29.208333333333314	2	[1.0, 5.0]	1	temf_till
59.70833333333333	29.291666666666657	2	[1.0, 5.0]	1	temf_till
59.70833333333333	29.37499999999997	2	[1.0, 5.0]	1	temf_till
59.70833333333333	29.458333333333314	2	[1.0, 5.0]	1	temf_till
59.70833333333333	29.541666666666657	2	[1.0, 5.0]	1	temf_till
59.70833333333333	29.62499999999997	2	[1.0, 5.0]	1	temf_till
59.70833333333333	29.708333333333314	2	[1.0, 5.0]	1	temf_till
59.70833333333333	29.791666666666657	2	[1.0, 5.0]	1	ooil_till,temf_till
59.70833333333333	29.87499999999997	2	[1.0, 5.0]	1	temf_till
59.70833333333333	29.958333333333314	2	[1.0, 5.0]	1	temf_till
59.70833333333333	30.541666666666657	2	[1.0, 5.0]	1	temf_till
59.70833333333333	30.62499999999997	2	[1.0, 5.0]	1	temf_till
59.70833333333333	30.708333333333314	2	[1.0, 5.0]	1	temf_till
59.70833333333333	30.791666666666657	2	[1.0, 5.0]	1	temf_till
59.70833333333333	30.87499999999997	2	[1.0, 5.0]	1	temf_till
59.70833333333333	31.12499999999997	2	[1.0, 5.0]	1	temf_till
59.70833333333333	31.208333333333314	2	[1.0, 5.0]	1	temf_till
59.70833333333333	31.291666666666657	2	[1.0, 5.0]	1	temf_till
59.70833333333333	31.37499999999997	2	[1.0, 5.0]	1	temf_till
59.70833333333333	31.958333333333314	2	[1.0, 5.0]	1	temf_till
59.70833333333333	32.04166666666666	2	[1.0, 5.0]	1	temf_till
59.70833333333333	32.12499999999997	2	[1.0, 5.0]	1	temf_till
59.70833333333333	32.208333333333314	2	[1.0, 5.0]	1	temf_till
59.70833333333333	32.29166666666666	2	[1.0, 5.0]	1	temf_till
59.70833333333333	32.37499999999997	2	[1.0, 5.0]	1	temf_till
59.70833333333333	32.62499999999997	2	[1.0, 5.0]	1	temf_till
59.70833333333333	33.04166666666666	2	[1.0, 5.0]	1	temf_till
59.70833333333333	33.208333333333314	2	[1.0, 5.0]	1	temf_till
59.70833333333333	33.37499999999997	2	[1.0, 5.0]	1	temf_till
59.70833333333333	33.54166666666666	2	[1.0, 5.0]	1	temf_till
59.70833333333333	33.79166666666666	2	[1.0, 5.0]	1	temf_till
59.70833333333333	33.87499999999997	2	[1.0, 5.0]	1	temf_till
59.70833333333333	33.958333333333314	2	[1.0, 5.0]	1	temf_till
59.70833333333333	34.04166666666666	2	[1.0, 5.0]	1	temf_till
59.70833333333333	34.12499999999997	2	[1.0, 5.0]	1	temf_till
59.70833333333333	34.208333333333314	2	[1.0, 5.0]	1	temf_till
59.70833333333333	34.29166666666666	2	[1.0, 5.0]	1	temf_till
59.70833333333333	34.37499999999997	2	[1.0, 5.0]	1	temf_till
59.70833333333333	35.12499999999997	2	[1.0, 5.0]	1	temf_till
59.70833333333333	35.208333333333314	2	[1.0, 5.0]	1	temf_till
59.70833333333333	35.29166666666666	2	[1.0, 5.0]	1	temf_till
59.70833333333333	35.37499999999997	2	[1.0, 5.0]	1	temf_till
59.70833333333333	35.458333333333314	2	[1.0, 5.0]	1	ofib_till,temf_till
59.70833333333333	35.54166666666666	2	[1.0, 5.0]	1	temf_till
59.70833333333333	35.87499999999997	2	[1.0, 5.0]	1	ofib_till,temf_till
59.70833333333333	35.958333333333314	2	[1.0, 5.0]	1	ofib_till,temf_till
59.70833333333333	36.04166666666666	2	[1.0, 5.0]	1	ofib_till,temf_till
59.70833333333333	36.12499999999997	2	[1.0, 5.0]	1	ofib_till,temf_till
59.70833333333333	36.29166666666666	2	[1.0, 5.0]	1	temf_till
59.70833333333333	36.37499999999997	2	[1.0, 5.0]	1	temf_till
59.70833333333333	36.87499999999997	2	[1.0, 5.0]	1	ofib_till,temf_till
59.70833333333333	36.958333333333314	2	[1.0, 5.0]	1	temf_till
59.70833333333333	37.54166666666666	2	[1.0, 5.0]	1	temf_till
59.70833333333333	37.62499999999997	2	[1.0, 5.0]	1	ofib_till,temf_till
59.70833333333333	37.87499999999997	2	[1.0, 5.0]	1	ofib_till,temf_till
59.70833333333333	37.958333333333314	2	[1.0, 5.0]	1	ofib_till,temf_till
59.70833333333333	38.04166666666666	2	[1.0, 5.0]	1	ofib_till,temf_till
59.70833333333333	38.12499999999997	2	[1.0, 5.0]	1	ofib_till,temf_till
59.70833333333333	38.708333333333314	2	[1.0, 5.0]	1	ofib_till,temf_till
59.70833333333333	38.79166666666666	2	[1.0, 5.0]	1	ofib_till,temf_till
59.70833333333333	38.87499999999997	2	[1.0, 5.0]	1	ofib_till,temf_till
59.70833333333333	38.958333333333314	2	[1.0, 5.0]	1	ofib_till,temf_till
59.70833333333333	39.04166666666666	2	[1.0, 5.0]	1	ofib_till,temf_till
59.70833333333333	39.12499999999997	2	[1.0, 5.0]	1	ofib_till,temf_till
59.70833333333333	39.208333333333314	2	[1.0, 5.0]	1	ofib_till,temf_till
59.70833333333333	39.29166666666666	2	[1.0, 5.0]	1	ofib_till,temf_till
59.70833333333333	39.458333333333314	2	[1.0, 5.0]	1	temf_till
59.70833333333333	39.62499999999997	2	[1.0, 5.0]	1	ofib_till,temf_till
59.70833333333333	39.708333333333314	2	[1.0, 5.0]	1	ofib_till,temf_till
59.70833333333333	39.79166666666666	2	[1.0, 5.0]	1	ofib_till,temf_till
59.70833333333333	39.87499999999997	2	[1.0, 5.0]	1	ofib_till,temf_till
59.70833333333333	39.958333333333314	2	[1.0, 5.0]	1	temf_till
59.70833333333333	40.04166666666666	2	[1.0, 5.0]	1	ofib_till,temf_till
59.70833333333333	40.29166666666666	2	[1.0, 5.0]	1	temf_till
59.70833333333333	40.37499999999997	2	[1.0, 5.0]	1	ofib_till,temf_till
59.70833333333333	40.458333333333314	2	[1.0, 5.0]	1	temf_till
59.70833333333333	40.54166666666666	2	[1.0, 5.0]	1	ofib_till,temf_till
59.70833333333333	40.62499999999997	2	[1.0, 5.0]	1	temf_till
59.70833333333333	40.708333333333314	2	[1.0, 5.0]	1	temf_till
59.70833333333333	40.79166666666666	2	[1.0, 5.0]	1	temf_till
59.70833333333333	40.958333333333314	2	[1.0, 5.0]	1	temf_till
59.70833333333333	41.79166666666666	2	[1.0, 5.0]	1	temf_till
59.70833333333333	41.958333333333314	2	[1.0, 5.0]	1	ofib_till,temf_till
59.70833333333333	42.04166666666666	2	[1.0, 5.0]	1	ofib_till,temf_till
59.70833333333333	42.12499999999997	2	[1.0, 5.0]	1	ofib_till,temf_till
59.70833333333333	42.208333333333314	2	[1.0, 5.0]	1	temf_till
59.70833333333333	42.37499999999997	2	[1.0, 5.0]	1	ofib_till,temf_till
59.70833333333333	42.458333333333314	2	[1.0, 5.0]	1	ofib_till,temf_till
59.70833333333333	42.708333333333314	2	[1.0, 5.0]	1	ofib_till,temf_till
59.70833333333333	42.79166666666666	2	[1.0, 5.0]	1	ofib_till,temf_till
59.70833333333333	43.29166666666666	2	[1.0, 5.0]	1	ofib_till,temf_till
59.70833333333333	43.37499999999997	2	[1.0, 5.0]	1	temf_till
59.70833333333333	43.458333333333314	2	[1.0, 5.0]	1	ofib_till,temf_till
59.70833333333333	43.54166666666666	2	[1.0, 5.0]	1	ofib_till,temf_till
59.70833333333333	43.62499999999997	2	[1.0, 5.0]	1	ofib_till,temf_till
59.70833333333333	43.708333333333314	2	[1.0, 5.0]	1	ofib_till,temf_till
59.70833333333333	43.79166666666666	2	[1.0, 5.0]	1	ofib_till,temf_till
59.70833333333333	43.87499999999997	2	[1.0, 5.0]	1	temf_till
59.70833333333333	43.958333333333314	2	[1.0, 5.0]	1	ofib_till,temf_till
59.70833333333333	44.04166666666666	2	[1.0, 5.0]	1	temf_till
59.70833333333333	44.12499999999997	2	[1.0, 5.0]	1	ofib_till,temf_till
59.70833333333333	44.208333333333314	2	[1.0, 5.0]	1	ofib_till,temf_till
59.70833333333333	45.04166666666666	2	[1.0, 5.0]	1	ofib_till,temf_till
59.70833333333333	45.12499999999997	2	[1.0, 5.0]	1	ofib_till,temf_till
59.70833333333333	45.208333333333314	2	[1.0, 5.0]	1	ofib_till,temf_till
59.70833333333333	45.29166666666666	2	[1.0, 5.0]	1	ofib_till,temf_till
59.70833333333333	45.37499999999997	2	[1.0, 5.0]	1	ofib_till,temf_till
59.70833333333333	45.458333333333314	2	[1.0, 5.0]	1	temf_till
59.70833333333333	45.54166666666666	2	[1.0, 5.0]	1	ofib_till,temf_till
59.70833333333333	47.708333333333314	2	[1.0, 5.0]	1	temf_till
59.70833333333333	47.79166666666666	2	[1.0, 5.0]	1	temf_till
59.70833333333333	48.54166666666666	2	[1.0, 5.0]	1	temf_till
59.70833333333333	48.79166666666666	2	[1.0, 5.0]	1	temf_till
59.70833333333333	48.87499999999997	2	[1.0, 5.0]	1	temf_till
59.70833333333333	48.958333333333314	2	[1.0, 5.0]	1	temf_till
59.70833333333333	49.12499999999997	2	[1.0, 5.0]	1	temf_till
59.70833333333333	49.208333333333314	2	[1.0, 5.0]	1	temf_till
59.70833333333333	49.37499999999997	2	[1.0, 5.0]	1	temf_till
59.70833333333333	49.458333333333314	2	[1.0, 5.0]	1	temf_till
59.70833333333333	49.708333333333314	2	[1.0, 5.0]	1	temf_till
59.70833333333333	56.54166666666666	2	[1.0, 5.0]	1	temf_till
59.70833333333333	56.62499999999997	2	[1.0, 5.0]	1	temf_till
59.70833333333333	56.708333333333314	2	[1.0, 5.0]	1	temf_till
59.70833333333333	56.79166666666666	2	[1.0, 5.0]	1	temf_till
59.70833333333333	56.87499999999997	2	[1.0, 5.0]	1	temf_till
59.70833333333333	56.958333333333314	2	[1.0, 5.0]	1	temf_till
59.70833333333333	57.04166666666666	2	[1.0, 5.0]	1	temf_till
59.70833333333333	57.12499999999997	2	[1.0, 5.0]	1	temf_till
59.70833333333333	57.208333333333314	2	[1.0, 5.0]	1	temf_till
59.70833333333333	65.37499999999997	2	[1.0, 5.0]	1	temf_till
59.625	6.291666666666657	2	[1.0, 5.0]	1	temf_till
59.625	6.791666666666657	2	[1.0, 5.0]	1	temf_till
59.625	9.958333333333314	2	[1.0, 5.0]	1	temf_till
59.625	10.124999999999972	2	[1.0, 5.0]	1	temf_till
59.625	10.208333333333314	2	[1.0, 5.0]	1	temf_till
59.625	10.291666666666657	2	[1.0, 5.0]	1	temf_till
59.625	10.374999999999972	2	[1.0, 5.0]	1	temf_till
59.625	10.624999999999972	2	[1.0, 5.0]	1	temf_till
59.625	10.708333333333314	2	[1.0, 5.0]	1	temf_till
59.625	10.791666666666657	2	[1.0, 5.0]	1	temf_till
59.625	10.874999999999972	2	[1.0, 5.0]	1	temf_till
59.625	10.958333333333314	2	[1.0, 5.0]	1	temf_till
59.625	11.041666666666657	2	[1.0, 5.0]	1	temf_till
59.625	11.124999999999972	2	[1.0, 5.0]	1	temf_till
59.625	11.208333333333314	2	[1.0, 5.0]	1	temf_till
59.625	11.291666666666657	2	[1.0, 5.0]	1	temf_till
59.625	11.374999999999972	2	[1.0, 5.0]	1	temf_till
59.625	11.458333333333314	2	[1.0, 5.0]	1	temf_till
59.625	11.541666666666657	2	[1.0, 5.0]	1	temf_till
59.625	11.624999999999972	2	[1.0, 5.0]	1	temf_till
59.625	14.874999999999972	2	[1.0, 5.0]	1	ooil_till
59.625	14.958333333333314	2	[1.0, 5.0]	1	ooil_till
59.625	15.041666666666657	2	[1.0, 5.0]	1	ooil_till
59.625	15.208333333333314	2	[1.0, 5.0]	1	ooil_till
59.625	15.291666666666657	2	[1.0, 5.0]	1	ooil_till
59.625	15.874999999999972	2	[1.0, 5.0]	1	ooil_till
59.625	16.041666666666657	2	[1.0, 5.0]	1	ooil_till
59.625	16.12499999999997	2	[1.0, 5.0]	1	ooil_till
59.625	16.208333333333314	2	[1.0, 5.0]	1	ooil_till
59.625	16.291666666666657	2	[1.0, 5.0]	1	ooil_till
59.625	16.37499999999997	2	[1.0, 5.0]	1	ooil_till
59.625	16.458333333333314	2	[1.0, 5.0]	1	ooil_till
59.625	16.62499999999997	2	[1.0, 5.0]	1	ooil_till
59.625	16.708333333333314	2	[1.0, 5.0]	1	ooil_till
59.625	16.791666666666657	2	[1.0, 5.0]	1	ooil_till
59.625	16.87499999999997	2	[1.0, 5.0]	1	ooil_till
59.625	16.958333333333314	2	[1.0, 5.0]	1	ooil_till
59.625	17.041666666666657	2	[1.0, 5.0]	1	ooil_till
59.625	17.12499999999997	2	[1.0, 5.0]	1	ooil_till
59.625	17.208333333333314	2	[1.0, 5.0]	1	ooil_till
59.625	17.291666666666657	2	[1.0, 5.0]	1	ooil_till
59.625	17.37499999999997	2	[1.0, 5.0]	1	ooil_till
59.625	17.458333333333314	2	[1.0, 5.0]	1	ooil_till
59.625	17.541666666666657	2	[1.0, 5.0]	1	ooil_till
59.625	17.62499999999997	2	[1.0, 5.0]	1	ooil_till
59.625	17.708333333333314	2	[1.0, 5.0]	1	ooil_till
59.625	17.791666666666657	2	[1.0, 5.0]	1	ooil_till
59.625	17.87499999999997	2	[1.0, 5.0]	1	ooil_till
59.625	17.958333333333314	2	[1.0, 5.0]	1	ooil_till
59.625	18.041666666666657	2	[1.0, 5.0]	1	ooil_till
59.625	18.12499999999997	2	[1.0, 5.0]	1	ooil_till
59.625	18.208333333333314	2	[1.0, 5.0]	1	ooil_till
59.625	18.291666666666657	2	[1.0, 5.0]	1	ooil_till
59.625	18.541666666666657	2	[1.0, 5.0]	1	ooil_till
59.625	18.62499999999997	2	[1.0, 5.0]	1	ooil_till
59.625	28.208333333333314	2	[1.0, 5.0]	1	temf_till
59.625	28.458333333333314	2	[1.0, 5.0]	1	temf_till
59.625	28.791666666666657	2	[1.0, 5.0]	1	temf_till
59.625	28.87499999999997	2	[1.0, 5.0]	1	temf_till
59.625	28.958333333333314	2	[1.0, 5.0]	1	temf_till
59.625	29.041666666666657	2	[1.0, 5.0]	1	temf_till
59.625	29.12499999999997	2	[1.0, 5.0]	1	temf_till
59.625	29.208333333333314	2	[1.0, 5.0]	1	temf_till
59.625	29.291666666666657	2	[1.0, 5.0]	1	temf_till
59.625	29.37499999999997	2	[1.0, 5.0]	1	temf_till
59.625	29.458333333333314	2	[1.0, 5.0]	1	temf_till
59.625	29.541666666666657	2	[1.0, 5.0]	1	temf_till
59.625	29.62499999999997	2	[1.0, 5.0]	1	temf_till
59.625	29.708333333333314	2	[1.0, 5.0]	1	temf_till
59.625	29.791666666666657	2	[1.0, 5.0]	1	temf_till
59.625	29.87499999999997	2	[1.0, 5.0]	1	temf_till
59.625	29.958333333333314	2	[1.0, 5.0]	1	temf_till
59.625	30.041666666666657	2	[1.0, 5.0]	1	ooil_till,temf_till
59.625	30.12499999999997	2	[1.0, 5.0]	1	temf_till
59.625	30.208333333333314	2	[1.0, 5.0]	1	temf_till
59.625	30.37499999999997	2	[1.0, 5.0]	1	temf_till
59.625	30.458333333333314	2	[1.0, 5.0]	1	temf_till
59.625	30.541666666666657	2	[1.0, 5.0]	1	temf_till
59.625	30.62499999999997	2	[1.0, 5.0]	1	temf_till
59.625	30.708333333333314	2	[1.0, 5.0]	1	temf_till
59.625	30.791666666666657	2	[1.0, 5.0]	1	temf_till
59.625	30.87499999999997	2	[1.0, 5.0]	1	temf_till
59.625	30.958333333333314	2	[1.0, 5.0]	1	temf_till
59.625	31.041666666666657	2	[1.0, 5.0]	1	temf_till
59.625	31.12499999999997	2	[1.0, 5.0]	1	temf_till
59.625	31.208333333333314	2	[1.0, 5.0]	1	temf_till
59.625	31.291666666666657	2	[1.0, 5.0]	1	temf_till
59.625	31.87499999999997	2	[1.0, 5.0]	1	temf_till
59.625	31.958333333333314	2	[1.0, 5.0]	1	temf_till
59.625	32.04166666666666	2	[1.0, 5.0]	1	temf_till
59.625	32.12499999999997	2	[1.0, 5.0]	1	temf_till
59.625	32.208333333333314	2	[1.0, 5.0]	1	temf_till
59.625	32.37499999999997	2	[1.0, 5.0]	1	temf_till
59.625	33.04166666666666	2	[1.0, 5.0]	1	temf_till
59.625	33.12499999999997	2	[1.0, 5.0]	1	temf_till
59.625	33.208333333333314	2	[1.0, 5.0]	1	temf_till
59.625	33.37499999999997	2	[1.0, 5.0]	1	temf_till
59.625	33.458333333333314	2	[1.0, 5.0]	1	temf_till
59.625	33.62499999999997	2	[1.0, 5.0]	1	temf_till
59.625	33.708333333333314	2	[1.0, 5.0]	1	temf_till
59.625	33.79166666666666	2	[1.0, 5.0]	1	temf_till
59.625	33.87499999999997	2	[1.0, 5.0]	1	temf_till
59.625	33.958333333333314	2	[1.0, 5.0]	1	temf_till
59.625	34.04166666666666	2	[1.0, 5.0]	1	temf_till
59.625	34.29166666666666	2	[1.0, 5.0]	1	temf_till
59.625	34.37499999999997	2	[1.0, 5.0]	1	temf_till
59.625	34.79166666666666	2	[1.0, 5.0]	1	temf_till
59.625	35.958333333333314	2	[1.0, 5.0]	1	temf_till
59.625	36.04166666666666	2	[1.0, 5.0]	1	ofib_till,temf_till
59.625	36.12499999999997	2	[1.0, 5.0]	1	ofib_till,temf_till
59.625	36.29166666666666	2	[1.0, 5.0]	1	ofib_till,temf_till
59.625	36.37499999999997	2	[1.0, 5.0]	1	temf_till
59.625	36.458333333333314	2	[1.0, 5.0]	1	temf_till
59.625	36.54166666666666	2	[1.0, 5.0]	1	temf_till
59.625	36.708333333333314	2	[1.0, 5.0]	1	temf_till
59.625	36.79166666666666	2	[1.0, 5.0]	1	temf_till
59.625	36.87499999999997	2	[1.0, 5.0]	1	temf_till
59.625	36.958333333333314	2	[1.0, 5.0]	1	temf_till
59.625	37.04166666666666	2	[1.0, 5.0]	1	ofib_till,temf_till
59.625	37.29166666666666	2	[1.0, 5.0]	1	temf_till
59.625	37.458333333333314	2	[1.0, 5.0]	1	ofib_till,temf_till
59.625	37.54166666666666	2	[1.0, 5.0]	1	temf_till
59.625	37.62499999999997	2	[1.0, 5.0]	1	ofib_till,temf_till
59.625	37.708333333333314	2	[1.0, 5.0]	1	ofib_till,temf_till
59.625	37.79166666666666	2	[1.0, 5.0]	1	temf_till
59.625	37.87499999999997	2	[1.0, 5.0]	1	temf_till
59.625	37.958333333333314	2	[1.0, 5.0]	1	temf_till
59.625	38.04166666666666	2	[1.0, 5.0]	1	ofib_till,temf_till
59.625	38.12499999999997	2	[1.0, 5.0]	1	ofib_till,temf_till
59.625	38.708333333333314	2	[1.0, 5.0]	1	ofib_till,temf_till
59.625	38.79166666666666	2	[1.0, 5.0]	1	ofib_till,temf_till
59.625	38.87499999999997	2	[1.0, 5.0]	1	ofib_till,temf_till
59.625	38.958333333333314	2	[1.0, 5.0]	1	temf_till
59.625	39.04166666666666	2	[1.0, 5.0]	1	ofib_till,temf_till
59.625	39.12499999999997	2	[1.0, 5.0]	1	ofib_till,temf_till
59.625	39.208333333333314	2	[1.0, 5.0]	1	ofib_till,temf_till
59.625	39.29166666666666	2	[1.0, 5.0]	1	ofib_till,temf_till
59.625	39.37499999999997	2	[1.0, 5.0]	1	ofib_till,temf_till
59.625	39.458333333333314	2	[1.0, 5.0]	1	ofib_till,temf_till
59.625	39.62499999999997	2	[1.0, 5.0]	1	temf_till
59.625	39.708333333333314	2	[1.0, 5.0]	1	ofib_till,temf_till
59.625	39.79166666666666	2	[1.0, 5.0]	1	ofib_till,temf_till
59.625	39.958333333333314	2	[1.0, 5.0]	1	ofib_till,temf_till
59.625	40.04166666666666	2	[1.0, 5.0]	1	ofib_till,temf_till
59.625	40.12499999999997	2	[1.0, 5.0]	1	ofib_till,temf_till
59.625	40.208333333333314	2	[1.0, 5.0]	1	temf_till
59.625	40.29166666666666	2	[1.0, 5.0]	1	ofib_till,temf_till
59.625	40.37499999999997	2	[1.0, 5.0]	1	ofib_till,temf_till
59.625	40.458333333333314	2	[1.0, 5.0]	1	temf_till
59.625	40.54166666666666	2	[1.0, 5.0]	1	ofib_till,temf_till
59.625	40.62499999999997	2	[1.0, 5.0]	1	temf_till
59.625	40.79166666666666	2	[1.0, 5.0]	1	ofib_till,temf_till
59.625	40.87499999999997	2	[1.0, 5.0]	1	ofib_till,temf_till
59.625	40.958333333333314	2	[1.0, 5.0]	1	ofib_till,temf_till
59.625	41.04166666666666	2	[1.0, 5.0]	1	ofib_till,temf_till
59.625	41.12499999999997	2	[1.0, 5.0]	1	ofib_till,temf_till
59.625	41.208333333333314	2	[1.0, 5.0]	1	ofib_till,temf_till
59.625	41.29166666666666	2	[1.0, 5.0]	1	ofib_till,temf_till
59.625	41.37499999999997	2	[1.0, 5.0]	1	ofib_till,temf_till
59.625	41.458333333333314	2	[1.0, 5.0]	1	ofib_till,temf_till
59.625	41.54166666666666	2	[1.0, 5.0]	1	ofib_till,temf_till
59.625	41.708333333333314	2	[1.0, 5.0]	1	temf_till
59.625	41.79166666666666	2	[1.0, 5.0]	1	temf_till
59.625	42.29166666666666	2	[1.0, 5.0]	1	ofib_till,temf_till
59.625	42.37499999999997	2	[1.0, 5.0]	1	ofib_till,temf_till
59.625	42.79166666666666	2	[1.0, 5.0]	1	ofib_till,temf_till
59.625	43.54166666666666	2	[1.0, 5.0]	1	ofib_till,temf_till
59.625	43.708333333333314	2	[1.0, 5.0]	1	ofib_till,temf_till
59.625	43.79166666666666	2	[1.0, 5.0]	1	temf_till
59.625	43.87499999999997	2	[1.0, 5.0]	1	ofib_till,temf_till
59.625	44.62499999999997	2	[1.0, 5.0]	1	ofib_till,temf_till
59.625	44.708333333333314	2	[1.0, 5.0]	1	ofib_till,temf_till
59.625	44.958333333333314	2	[1.0, 5.0]	1	ofib_till,temf_till
59.625	45.208333333333314	2	[1.0, 5.0]	1	ofib_till,temf_till
59.625	45.29166666666666	2	[1.0, 5.0]	1	ofib_till,temf_till
59.625	45.37499999999997	2	[1.0, 5.0]	1	ofib_till,temf_till
59.625	45.458333333333314	2	[1.0, 5.0]	1	ofib_till,temf_till
59.625	45.54166666666666	2	[1.0, 5.0]	1	ofib_till,temf_till
59.625	45.62499999999997	2	[1.0, 5.0]	1	ofib_till,temf_till
59.625	45.708333333333314	2	[1.0, 5.0]	1	ofib_till,temf_till
59.625	47.79166666666666	2	[1.0, 5.0]	1	temf_till
59.625	49.208333333333314	2	[1.0, 5.0]	1	temf_till
59.625	49.29166666666666	2	[1.0, 5.0]	1	temf_till
59.625	49.37499999999997	2	[1.0, 5.0]	1	temf_till
59.625	49.458333333333314	2	[1.0, 5.0]	1	temf_till
59.625	54.458333333333314	2	[1.0, 5.0]	1	temf_till
59.625	56.208333333333314	2	[1.0, 5.0]	1	temf_till
59.625	56.29166666666666	2	[1.0, 5.0]	1	temf_till
59.625	56.54166666666666	2	[1.0, 5.0]	1	temf_till
59.625	56.62499999999997	2	[1.0, 5.0]	1	temf_till
59.625	56.708333333333314	2	[1.0, 5.0]	1	temf_till
59.625	56.79166666666666	2	[1.0, 5.0]	1	temf_till
59.625	56.87499999999997	2	[1.0, 5.0]	1	temf_till
59.625	56.958333333333314	2	[1.0, 5.0]	1	temf_till
59.625	57.04166666666666	2	[1.0, 5.0]	1	temf_till
59.625	57.12499999999997	2	[1.0, 5.0]	1	temf_till
59.625	57.208333333333314	2	[1.0, 5.0]	1	temf_till
59.625	64.45833333333331	2	[1.0, 5.0]	1	temf_till
59.625	65.62499999999997	2	[1.0, 5.0]	1	temf_till
59.625	65.70833333333331	2	[1.0, 5.0]	1	temf_till
59.625	65.87499999999997	2	[1.0, 5.0]	1	temf_till
59.541666666666664	5.541666666666657	2	[1.0, 5.0]	1	temf_till
59.541666666666664	5.624999999999972	2	[1.0, 5.0]	1	temf_till
59.541666666666664	5.708333333333314	2	[1.0, 5.0]	1	temf_till
59.541666666666664	5.791666666666657	2	[1.0, 5.0]	1	temf_till
59.541666666666664	5.874999999999972	2	[1.0, 5.0]	1	temf_till
59.541666666666664	5.958333333333314	2	[1.0, 5.0]	1	temf_till
59.541666666666664	6.624999999999972	2	[1.0, 5.0]	1	temf_till
59.541666666666664	10.041666666666657	2	[1.0, 5.0]	1	temf_till
59.541666666666664	10.124999999999972	2	[1.0, 5.0]	1	temf_till
59.541666666666664	10.208333333333314	2	[1.0, 5.0]	1	temf_till
59.541666666666664	10.291666666666657	2	[1.0, 5.0]	1	temf_till
59.541666666666664	10.374999999999972	2	[1.0, 5.0]	1	temf_till
59.541666666666664	10.624999999999972	2	[1.0, 5.0]	1	temf_till
59.541666666666664	10.708333333333314	2	[1.0, 5.0]	1	temf_till
59.541666666666664	10.791666666666657	2	[1.0, 5.0]	1	temf_till
59.541666666666664	10.874999999999972	2	[1.0, 5.0]	1	temf_till
59.541666666666664	10.958333333333314	2	[1.0, 5.0]	1	temf_till
59.541666666666664	11.041666666666657	2	[1.0, 5.0]	1	temf_till
59.541666666666664	11.124999999999972	2	[1.0, 5.0]	1	temf_till
59.541666666666664	11.208333333333314	2	[1.0, 5.0]	1	temf_till
59.541666666666664	11.291666666666657	2	[1.0, 5.0]	1	temf_till
59.541666666666664	11.374999999999972	2	[1.0, 5.0]	1	temf_till
59.541666666666664	11.458333333333314	2	[1.0, 5.0]	1	temf_till
59.541666666666664	11.541666666666657	2	[1.0, 5.0]	1	temf_till
59.541666666666664	11.624999999999972	2	[1.0, 5.0]	1	temf_till
59.541666666666664	11.708333333333314	2	[1.0, 5.0]	1	temf_till
59.541666666666664	14.958333333333314	2	[1.0, 5.0]	1	ooil_till
59.541666666666664	15.041666666666657	2	[1.0, 5.0]	1	ooil_till
59.541666666666664	15.124999999999972	2	[1.0, 5.0]	1	ooil_till
59.541666666666664	15.208333333333314	2	[1.0, 5.0]	1	ooil_till
59.541666666666664	15.291666666666657	2	[1.0, 5.0]	1	ooil_till
59.541666666666664	15.374999999999972	2	[1.0, 5.0]	1	ooil_till
59.541666666666664	15.458333333333314	2	[1.0, 5.0]	1	ooil_till
59.541666666666664	15.541666666666657	2	[1.0, 5.0]	1	ooil_till
59.541666666666664	15.624999999999972	2	[1.0, 5.0]	1	ooil_till
59.541666666666664	15.708333333333314	2	[1.0, 5.0]	1	ooil_till
59.541666666666664	15.874999999999972	2	[1.0, 5.0]	1	ooil_till
59.541666666666664	15.958333333333314	2	[1.0, 5.0]	1	ooil_till
59.541666666666664	16.041666666666657	2	[1.0, 5.0]	1	ooil_till
59.541666666666664	16.12499999999997	2	[1.0, 5.0]	1	ooil_till
59.541666666666664	16.208333333333314	2	[1.0, 5.0]	1	ooil_till
59.541666666666664	16.291666666666657	2	[1.0, 5.0]	1	ooil_till
59.541666666666664	16.37499999999997	2	[1.0, 5.0]	1	ooil_till
59.541666666666664	16.458333333333314	2	[1.0, 5.0]	1	ooil_till
59.541666666666664	16.541666666666657	2	[1.0, 5.0]	1	ooil_till
59.541666666666664	16.708333333333314	2	[1.0, 5.0]	1	ooil_till
59.541666666666664	16.791666666666657	2	[1.0, 5.0]	1	ooil_till
59.541666666666664	16.87499999999997	2	[1.0, 5.0]	1	ooil_till
59.541666666666664	16.958333333333314	2	[1.0, 5.0]	1	ooil_till
59.541666666666664	17.041666666666657	2	[1.0, 5.0]	1	ooil_till
59.541666666666664	17.12499999999997	2	[1.0, 5.0]	1	ooil_till
59.541666666666664	17.208333333333314	2	[1.0, 5.0]	1	ooil_till
59.541666666666664	17.291666666666657	2	[1.0, 5.0]	1	ooil_till
59.541666666666664	17.37499999999997	2	[1.0, 5.0]	1	ooil_till
59.541666666666664	17.458333333333314	2	[1.0, 5.0]	1	ooil_till
59.541666666666664	17.541666666666657	2	[1.0, 5.0]	1	ooil_till
59.541666666666664	17.62499999999997	2	[1.0, 5.0]	1	ooil_till
59.541666666666664	17.708333333333314	2	[1.0, 5.0]	1	ooil_till
59.541666666666664	17.87499999999997	2	[1.0, 5.0]	1	ooil_till
59.541666666666664	17.958333333333314	2	[1.0, 5.0]	1	ooil_till
59.541666666666664	18.041666666666657	2	[1.0, 5.0]	1	ooil_till
59.541666666666664	18.12499999999997	2	[1.0, 5.0]	1	ooil_till
59.541666666666664	18.208333333333314	2	[1.0, 5.0]	1	ooil_till
59.541666666666664	18.291666666666657	2	[1.0, 5.0]	1	ooil_till
59.541666666666664	18.541666666666657	2	[1.0, 5.0]	1	ooil_till
59.541666666666664	18.62499999999997	2	[1.0, 5.0]	1	ooil_till
59.541666666666664	28.791666666666657	2	[1.0, 5.0]	1	temf_till
59.541666666666664	28.87499999999997	2	[1.0, 5.0]	1	temf_till
59.541666666666664	28.958333333333314	2	[1.0, 5.0]	1	temf_till
59.541666666666664	29.041666666666657	2	[1.0, 5.0]	1	temf_till
59.541666666666664	29.12499999999997	2	[1.0, 5.0]	1	temf_till
59.541666666666664	29.208333333333314	2	[1.0, 5.0]	1	temf_till
59.541666666666664	29.291666666666657	2	[1.0, 5.0]	1	temf_till
59.541666666666664	29.37499999999997	2	[1.0, 5.0]	1	temf_till
59.541666666666664	29.458333333333314	2	[1.0, 5.0]	1	temf_till
59.541666666666664	29.541666666666657	2	[1.0, 5.0]	1	temf_till
59.541666666666664	29.62499999999997	2	[1.0, 5.0]	1	temf_till
59.541666666666664	29.708333333333314	2	[1.0, 5.0]	1	temf_till
59.541666666666664	29.791666666666657	2	[1.0, 5.0]	1	ooil_till,temf_till
59.541666666666664	29.87499999999997	2	[1.0, 5.0]	1	temf_till
59.541666666666664	29.958333333333314	2	[1.0, 5.0]	1	temf_till
59.541666666666664	30.041666666666657	2	[1.0, 5.0]	1	temf_till
59.541666666666664	30.12499999999997	2	[1.0, 5.0]	1	temf_till
59.541666666666664	30.208333333333314	2	[1.0, 5.0]	1	temf_till
59.541666666666664	30.291666666666657	2	[1.0, 5.0]	1	temf_till
59.541666666666664	30.37499999999997	2	[1.0, 5.0]	1	temf_till
59.541666666666664	30.458333333333314	2	[1.0, 5.0]	1	temf_till
59.541666666666664	30.541666666666657	2	[1.0, 5.0]	1	temf_till
59.541666666666664	30.62499999999997	2	[1.0, 5.0]	1	temf_till
59.541666666666664	30.708333333333314	2	[1.0, 5.0]	1	temf_till
59.541666666666664	30.87499999999997	2	[1.0, 5.0]	1	temf_till
59.541666666666664	30.958333333333314	2	[1.0, 5.0]	1	temf_till
59.541666666666664	31.041666666666657	2	[1.0, 5.0]	1	temf_till
59.541666666666664	31.12499999999997	2	[1.0, 5.0]	1	temf_till
59.541666666666664	31.208333333333314	2	[1.0, 5.0]	1	temf_till
59.541666666666664	31.291666666666657	2	[1.0, 5.0]	1	temf_till
59.541666666666664	31.37499999999997	2	[1.0, 5.0]	1	temf_till
59.541666666666664	31.458333333333314	2	[1.0, 5.0]	1	temf_till
59.541666666666664	31.791666666666657	2	[1.0, 5.0]	1	temf_till
59.541666666666664	31.87499999999997	2	[1.0, 5.0]	1	temf_till
59.541666666666664	31.958333333333314	2	[1.0, 5.0]	1	temf_till
59.541666666666664	32.04166666666666	2	[1.0, 5.0]	1	temf_till
59.541666666666664	32.12499999999997	2	[1.0, 5.0]	1	temf_till
59.541666666666664	32.208333333333314	2	[1.0, 5.0]	1	temf_till
59.541666666666664	32.29166666666666	2	[1.0, 5.0]	1	temf_till
59.541666666666664	32.37499999999997	2	[1.0, 5.0]	1	temf_till
59.541666666666664	32.458333333333314	2	[1.0, 5.0]	1	temf_till
59.541666666666664	32.87499999999997	2	[1.0, 5.0]	1	temf_till
59.541666666666664	33.458333333333314	2	[1.0, 5.0]	1	temf_till
59.541666666666664	33.62499999999997	2	[1.0, 5.0]	1	temf_till
59.541666666666664	33.708333333333314	2	[1.0, 5.0]	1	temf_till
59.541666666666664	33.79166666666666	2	[1.0, 5.0]	1	temf_till
59.541666666666664	33.87499999999997	2	[1.0, 5.0]	1	temf_till
59.541666666666664	33.958333333333314	2	[1.0, 5.0]	1	temf_till
59.541666666666664	34.04166666666666	2	[1.0, 5.0]	1	temf_till
59.541666666666664	34.12499999999997	2	[1.0, 5.0]	1	temf_till
59.541666666666664	34.208333333333314	2	[1.0, 5.0]	1	temf_till
59.541666666666664	34.29166666666666	2	[1.0, 5.0]	1	temf_till
59.541666666666664	34.62499999999997	2	[1.0, 5.0]	1	temf_till
59.541666666666664	34.708333333333314	2	[1.0, 5.0]	1	temf_till
59.541666666666664	34.79166666666666	2	[1.0, 5.0]	1	temf_till
59.541666666666664	34.87499999999997	2	[1.0, 5.0]	1	temf_till
59.541666666666664	34.958333333333314	2	[1.0, 5.0]	1	temf_till
59.541666666666664	35.04166666666666	2	[1.0, 5.0]	1	temf_till
59.541666666666664	35.12499999999997	2	[1.0, 5.0]	1	temf_till
59.541666666666664	35.54166666666666	2	[1.0, 5.0]	1	ofib_till,temf_till
59.541666666666664	35.62499999999997	2	[1.0, 5.0]	1	ofib_till,temf_till
59.541666666666664	35.708333333333314	2	[1.0, 5.0]	1	ofib_till,temf_till
59.541666666666664	36.208333333333314	2	[1.0, 5.0]	1	ofib_till,temf_till
59.541666666666664	36.458333333333314	2	[1.0, 5.0]	1	ofib_till,temf_till
59.541666666666664	36.54166666666666	2	[1.0, 5.0]	1	ofib_till,temf_till
59.541666666666664	36.62499999999997	2	[1.0, 5.0]	1	ofib_till,temf_till
59.541666666666664	36.79166666666666	2	[1.0, 5.0]	1	temf_till
59.541666666666664	36.87499999999997	2	[1.0, 5.0]	1	temf_till
59.541666666666664	36.958333333333314	2	[1.0, 5.0]	1	ofib_till,temf_till
59.541666666666664	37.04166666666666	2	[1.0, 5.0]	1	ofib_till,temf_till
59.541666666666664	37.208333333333314	2	[1.0, 5.0]	1	temf_till
59.541666666666664	37.29166666666666	2	[1.0, 5.0]	1	temf_till
59.541666666666664	37.37499999999997	2	[1.0, 5.0]	1	ofib_till,temf_till
59.541666666666664	37.458333333333314	2	[1.0, 5.0]	1	temf_till
59.541666666666664	37.54166666666666	2	[1.0, 5.0]	1	temf_till
59.541666666666664	37.62499999999997	2	[1.0, 5.0]	1	ofib_till,temf_till
59.541666666666664	37.708333333333314	2	[1.0, 5.0]	1	temf_till
59.541666666666664	37.79166666666666	2	[1.0, 5.0]	1	temf_till
59.541666666666664	37.87499999999997	2	[1.0, 5.0]	1	temf_till
59.541666666666664	37.958333333333314	2	[1.0, 5.0]	1	ofib_till,temf_till
59.541666666666664	38.04166666666666	2	[1.0, 5.0]	1	ofib_till,temf_till
59.541666666666664	38.12499999999997	2	[1.0, 5.0]	1	ofib_till,temf_till
59.541666666666664	38.37499999999997	2	[1.0, 5.0]	1	ofib_till,temf_till
59.541666666666664	38.458333333333314	2	[1.0, 5.0]	1	ofib_till,temf_till
59.541666666666664	38.54166666666666	2	[1.0, 5.0]	1	ofib_till,temf_till
59.541666666666664	38.708333333333314	2	[1.0, 5.0]	1	temf_till
59.541666666666664	38.79166666666666	2	[1.0, 5.0]	1	temf_till
59.541666666666664	39.04166666666666	2	[1.0, 5.0]	1	temf_till
59.541666666666664	39.12499999999997	2	[1.0, 5.0]	1	ofib_till,temf_till
59.541666666666664	39.208333333333314	2	[1.0, 5.0]	1	ofib_till,temf_till
59.541666666666664	39.29166666666666	2	[1.0, 5.0]	1	ofib_till,temf_till
59.541666666666664	39.37499999999997	2	[1.0, 5.0]	1	ofib_till,temf_till
59.541666666666664	39.458333333333314	2	[1.0, 5.0]	1	ofib_till,temf_till
59.541666666666664	39.54166666666666	2	[1.0, 5.0]	1	ofib_till,temf_till
59.541666666666664	39.62499999999997	2	[1.0, 5.0]	1	ofib_till,temf_till
59.541666666666664	39.708333333333314	2	[1.0, 5.0]	1	temf_till
59.541666666666664	39.79166666666666	2	[1.0, 5.0]	1	ofib_till,temf_till
59.541666666666664	39.87499999999997	2	[1.0, 5.0]	1	ofib_till,temf_till
59.541666666666664	39.958333333333314	2	[1.0, 5.0]	1	ofib_till,temf_till
59.541666666666664	40.04166666666666	2	[1.0, 5.0]	1	ofib_till,temf_till
59.541666666666664	40.12499999999997	2	[1.0, 5.0]	1	ofib_till,temf_till
59.541666666666664	40.208333333333314	2	[1.0, 5.0]	1	temf_till
59.541666666666664	40.29166666666666	2	[1.0, 5.0]	1	ofib_till,temf_till
59.541666666666664	40.37499999999997	2	[1.0, 5.0]	1	ofib_till,temf_till
59.541666666666664	40.458333333333314	2	[1.0, 5.0]	1	ofib_till,temf_till
59.541666666666664	40.54166666666666	2	[1.0, 5.0]	1	ofib_till,temf_till
59.541666666666664	40.62499999999997	2	[1.0, 5.0]	1	ofib_till,temf_till
59.541666666666664	41.37499999999997	2	[1.0, 5.0]	1	temf_till
59.541666666666664	41.458333333333314	2	[1.0, 5.0]	1	temf_till
59.541666666666664	41.54166666666666	2	[1.0, 5.0]	1	ofib_till,temf_till
59.541666666666664	41.62499999999997	2	[1.0, 5.0]	1	temf_till
59.541666666666664	41.708333333333314	2	[1.0, 5.0]	1	temf_till
59.541666666666664	41.87499999999997	2	[1.0, 5.0]	1	ofib_till,temf_till
59.541666666666664	42.458333333333314	2	[1.0, 5.0]	1	ofib_till,temf_till
59.541666666666664	42.62499999999997	2	[1.0, 5.0]	1	temf_till
59.541666666666664	43.37499999999997	2	[1.0, 5.0]	1	ofib_till,temf_till
59.541666666666664	43.458333333333314	2	[1.0, 5.0]	1	temf_till
59.541666666666664	43.54166666666666	2	[1.0, 5.0]	1	ofib_till,temf_till
59.541666666666664	43.62499999999997	2	[1.0, 5.0]	1	ofib_till,temf_till
59.541666666666664	43.708333333333314	2	[1.0, 5.0]	1	temf_till
59.541666666666664	43.79166666666666	2	[1.0, 5.0]	1	temf_till
59.541666666666664	43.87499999999997	2	[1.0, 5.0]	1	temf_till
59.541666666666664	44.04166666666666	2	[1.0, 5.0]	1	ofib_till,temf_till
59.541666666666664	44.62499999999997	2	[1.0, 5.0]	1	ofib_till,temf_till
59.541666666666664	44.708333333333314	2	[1.0, 5.0]	1	ofib_till,temf_till
59.541666666666664	44.958333333333314	2	[1.0, 5.0]	1	ofib_till,temf_till
59.541666666666664	45.208333333333314	2	[1.0, 5.0]	1	ofib_till,temf_till
59.541666666666664	45.458333333333314	2	[1.0, 5.0]	1	ofib_till,temf_till
59.541666666666664	45.54166666666666	2	[1.0, 5.0]	1	ofib_till,temf_till
59.541666666666664	49.208333333333314	2	[1.0, 5.0]	1	temf_till
59.541666666666664	49.29166666666666	2	[1.0, 5.0]	1	temf_till
59.541666666666664	49.37499999999997	2	[1.0, 5.0]	1	temf_till
59.541666666666664	49.458333333333314	2	[1.0, 5.0]	1	temf_till
59.541666666666664	49.54166666666666	2	[1.0, 5.0]	1	temf_till
59.541666666666664	54.458333333333314	2	[1.0, 5.0]	1	temf_till
59.541666666666664	55.958333333333314	2	[1.0, 5.0]	1	temf_till
59.541666666666664	56.04166666666666	2	[1.0, 5.0]	1	temf_till
59.541666666666664	56.12499999999997	2	[1.0, 5.0]	1	temf_till
59.541666666666664	56.208333333333314	2	[1.0, 5.0]	1	temf_till
59.541666666666664	56.29166666666666	2	[1.0, 5.0]	1	temf_till
59.541666666666664	56.37499999999997	2	[1.0, 5.0]	1	temf_till
59.541666666666664	56.458333333333314	2	[1.0, 5.0]	1	temf_till
59.541666666666664	56.62499999999997	2	[1.0, 5.0]	1	temf_till
59.541666666666664	56.708333333333314	2	[1.0, 5.0]	1	temf_till
59.541666666666664	56.79166666666666	2	[1.0, 5.0]	1	temf_till
59.541666666666664	57.04166666666666	2	[1.0, 5.0]	1	temf_till
59.541666666666664	57.12499999999997	2	[1.0, 5.0]	1	temf_till
59.541666666666664	64.12499999999997	2	[1.0, 5.0]	1	temf_till
59.541666666666664	64.45833333333331	2	[1.0, 5.0]	1	temf_till
59.541666666666664	65.20833333333331	2	[1.0, 5.0]	1	temf_till
59.541666666666664	65.29166666666666	2	[1.0, 5.0]	1	temf_till
59.541666666666664	65.95833333333331	2	[1.0, 5.0]	1	temf_till
59.541666666666664	75.20833333333331	2	[1.0, 5.0]	1	temf_till
59.45833333333333	-64.29166666666669	2	[1.0, 5.0]	1	temf_till
59.45833333333333	5.208333333333314	2	[1.0, 5.0]	1	temf_till
59.45833333333333	5.291666666666657	2	[1.0, 5.0]	1	temf_till
59.45833333333333	5.374999999999972	2	[1.0, 5.0]	1	temf_till
59.45833333333333	5.458333333333314	2	[1.0, 5.0]	1	temf_till
59.45833333333333	5.708333333333314	2	[1.0, 5.0]	1	temf_till
59.45833333333333	5.791666666666657	2	[1.0, 5.0]	1	temf_till
59.45833333333333	5.958333333333314	2	[1.0, 5.0]	1	temf_till
59.45833333333333	6.041666666666657	2	[1.0, 5.0]	1	temf_till
59.45833333333333	9.041666666666657	2	[1.0, 5.0]	1	temf_till
59.45833333333333	9.958333333333314	2	[1.0, 5.0]	1	temf_till
59.45833333333333	10.041666666666657	2	[1.0, 5.0]	1	temf_till
59.45833333333333	10.124999999999972	2	[1.0, 5.0]	1	temf_till
59.45833333333333	10.208333333333314	2	[1.0, 5.0]	1	temf_till
59.45833333333333	10.291666666666657	2	[1.0, 5.0]	1	temf_till
59.45833333333333	10.374999999999972	2	[1.0, 5.0]	1	temf_till
59.45833333333333	10.458333333333314	2	[1.0, 5.0]	1	temf_till
59.45833333333333	10.708333333333314	2	[1.0, 5.0]	1	temf_till
59.45833333333333	10.791666666666657	2	[1.0, 5.0]	1	temf_till
59.45833333333333	10.874999999999972	2	[1.0, 5.0]	1	temf_till
59.45833333333333	11.041666666666657	2	[1.0, 5.0]	1	temf_till
59.45833333333333	11.124999999999972	2	[1.0, 5.0]	1	temf_till
59.45833333333333	11.208333333333314	2	[1.0, 5.0]	1	temf_till
59.45833333333333	11.291666666666657	2	[1.0, 5.0]	1	temf_till
59.45833333333333	11.374999999999972	2	[1.0, 5.0]	1	temf_till
59.45833333333333	11.458333333333314	2	[1.0, 5.0]	1	temf_till
59.45833333333333	11.624999999999972	2	[1.0, 5.0]	1	temf_till
59.45833333333333	11.708333333333314	2	[1.0, 5.0]	1	temf_till
59.45833333333333	14.458333333333314	2	[1.0, 5.0]	1	ooil_till
59.45833333333333	14.541666666666657	2	[1.0, 5.0]	1	ooil_till
59.45833333333333	15.124999999999972	2	[1.0, 5.0]	1	ooil_till
59.45833333333333	15.208333333333314	2	[1.0, 5.0]	1	ooil_till
59.45833333333333	15.291666666666657	2	[1.0, 5.0]	1	ooil_till
59.45833333333333	15.374999999999972	2	[1.0, 5.0]	1	ooil_till
59.45833333333333	15.458333333333314	2	[1.0, 5.0]	1	ooil_till
59.45833333333333	15.541666666666657	2	[1.0, 5.0]	1	ooil_till
59.45833333333333	15.624999999999972	2	[1.0, 5.0]	1	ooil_till
59.45833333333333	15.708333333333314	2	[1.0, 5.0]	1	ooil_till
59.45833333333333	15.791666666666657	2	[1.0, 5.0]	1	ooil_till
59.45833333333333	15.874999999999972	2	[1.0, 5.0]	1	ooil_till
59.45833333333333	15.958333333333314	2	[1.0, 5.0]	1	ooil_till
59.45833333333333	16.041666666666657	2	[1.0, 5.0]	1	ooil_till
59.45833333333333	16.12499999999997	2	[1.0, 5.0]	1	ooil_till
59.45833333333333	16.208333333333314	2	[1.0, 5.0]	1	ooil_till
59.45833333333333	16.291666666666657	2	[1.0, 5.0]	1	ooil_till
59.45833333333333	16.37499999999997	2	[1.0, 5.0]	1	ooil_till
59.45833333333333	16.458333333333314	2	[1.0, 5.0]	1	ooil_till
59.45833333333333	16.541666666666657	2	[1.0, 5.0]	1	ooil_till
59.45833333333333	16.62499999999997	2	[1.0, 5.0]	1	ooil_till
59.45833333333333	16.708333333333314	2	[1.0, 5.0]	1	ooil_till
59.45833333333333	16.791666666666657	2	[1.0, 5.0]	1	ooil_till
59.45833333333333	16.87499999999997	2	[1.0, 5.0]	1	ooil_till
59.45833333333333	17.041666666666657	2	[1.0, 5.0]	1	ooil_till
59.45833333333333	17.12499999999997	2	[1.0, 5.0]	1	ooil_till
59.45833333333333	17.208333333333314	2	[1.0, 5.0]	1	ooil_till
59.45833333333333	17.291666666666657	2	[1.0, 5.0]	1	ooil_till
59.45833333333333	17.37499999999997	2	[1.0, 5.0]	1	ooil_till
59.45833333333333	17.541666666666657	2	[1.0, 5.0]	1	ooil_till
59.45833333333333	17.62499999999997	2	[1.0, 5.0]	1	ooil_till
59.45833333333333	17.708333333333314	2	[1.0, 5.0]	1	ooil_till
59.45833333333333	17.87499999999997	2	[1.0, 5.0]	1	ooil_till
59.45833333333333	18.12499999999997	2	[1.0, 5.0]	1	ooil_till
59.45833333333333	18.208333333333314	2	[1.0, 5.0]	1	ooil_till
59.45833333333333	18.291666666666657	2	[1.0, 5.0]	1	ooil_till
59.45833333333333	24.958333333333314	2	[1.0, 5.0]	1	ooil_till,ofib_till,temf_till
59.45833333333333	25.041666666666657	2	[1.0, 5.0]	1	ooil_till,ofib_till,temf_till
59.45833333333333	25.12499999999997	2	[1.0, 5.0]	1	ooil_till,ofib_till,temf_till
59.45833333333333	25.37499999999997	2	[1.0, 5.0]	1	ooil_till,ofib_till,temf_till
59.45833333333333	26.12499999999997	2	[1.0, 5.0]	1	ooil_till,ofib_till,temf_till
59.45833333333333	26.208333333333314	2	[1.0, 5.0]	1	ooil_till,ofib_till,temf_till
59.45833333333333	26.291666666666657	2	[1.0, 5.0]	1	ooil_till,ofib_till,temf_till
59.45833333333333	26.37499999999997	2	[1.0, 5.0]	1	ooil_till,ofib_till,temf_till
59.45833333333333	26.458333333333314	2	[1.0, 5.0]	1	ooil_till,ofib_till,temf_till
59.45833333333333	26.708333333333314	2	[1.0, 5.0]	1	ooil_till,ofib_till,temf_till
59.45833333333333	26.791666666666657	2	[1.0, 5.0]	1	ooil_till,ofib_till,temf_till
59.45833333333333	26.87499999999997	2	[1.0, 5.0]	1	ooil_till,ofib_till,temf_till
59.45833333333333	26.958333333333314	2	[1.0, 5.0]	1	ooil_till,temf_till
59.45833333333333	27.041666666666657	2	[1.0, 5.0]	1	ooil_till,temf_till
59.45833333333333	27.12499999999997	2	[1.0, 5.0]	1	ooil_till,temf_till
59.45833333333333	27.208333333333314	2	[1.0, 5.0]	1	ooil_till,temf_till
59.45833333333333	28.12499999999997	2	[1.0, 5.0]	1	temf_till
59.45833333333333	28.208333333333314	2	[1.0, 5.0]	1	temf_till
59.45833333333333	28.291666666666657	2	[1.0, 5.0]	1	temf_till
59.45833333333333	28.37499999999997	2	[1.0, 5.0]	1	temf_till
59.45833333333333	28.458333333333314	2	[1.0, 5.0]	1	temf_till
59.45833333333333	28.541666666666657	2	[1.0, 5.0]	1	temf_till
59.45833333333333	28.62499999999997	2	[1.0, 5.0]	1	temf_till
59.45833333333333	28.708333333333314	2	[1.0, 5.0]	1	temf_till
59.45833333333333	28.791666666666657	2	[1.0, 5.0]	1	temf_till
59.45833333333333	28.87499999999997	2	[1.0, 5.0]	1	temf_till
59.45833333333333	28.958333333333314	2	[1.0, 5.0]	1	temf_till
59.45833333333333	29.041666666666657	2	[1.0, 5.0]	1	ooil_till,temf_till
59.45833333333333	29.12499999999997	2	[1.0, 5.0]	1	temf_till
59.45833333333333	29.208333333333314	2	[1.0, 5.0]	1	temf_till
59.45833333333333	29.291666666666657	2	[1.0, 5.0]	1	temf_till
59.45833333333333	29.37499999999997	2	[1.0, 5.0]	1	temf_till
59.45833333333333	29.458333333333314	2	[1.0, 5.0]	1	temf_till
59.45833333333333	29.541666666666657	2	[1.0, 5.0]	1	temf_till
59.45833333333333	29.62499999999997	2	[1.0, 5.0]	1	temf_till
59.45833333333333	29.708333333333314	2	[1.0, 5.0]	1	temf_till
59.45833333333333	29.791666666666657	2	[1.0, 5.0]	1	temf_till
59.45833333333333	29.87499999999997	2	[1.0, 5.0]	1	temf_till
59.45833333333333	29.958333333333314	2	[1.0, 5.0]	1	temf_till
59.45833333333333	30.041666666666657	2	[1.0, 5.0]	1	temf_till
59.45833333333333	30.12499999999997	2	[1.0, 5.0]	1	temf_till
59.45833333333333	30.208333333333314	2	[1.0, 5.0]	1	temf_till
59.45833333333333	30.291666666666657	2	[1.0, 5.0]	1	temf_till
59.45833333333333	30.458333333333314	2	[1.0, 5.0]	1	temf_till
59.45833333333333	30.541666666666657	2	[1.0, 5.0]	1	temf_till
59.45833333333333	30.62499999999997	2	[1.0, 5.0]	1	temf_till
59.45833333333333	30.708333333333314	2	[1.0, 5.0]	1	temf_till
59.45833333333333	30.791666666666657	2	[1.0, 5.0]	1	temf_till
59.45833333333333	30.87499999999997	2	[1.0, 5.0]	1	temf_till
59.45833333333333	30.958333333333314	2	[1.0, 5.0]	1	temf_till
59.45833333333333	31.041666666666657	2	[1.0, 5.0]	1	temf_till
59.45833333333333	31.12499999999997	2	[1.0, 5.0]	1	temf_till
59.45833333333333	31.208333333333314	2	[1.0, 5.0]	1	temf_till
59.45833333333333	31.291666666666657	2	[1.0, 5.0]	1	temf_till
59.45833333333333	31.37499999999997	2	[1.0, 5.0]	1	temf_till
59.45833333333333	31.458333333333314	2	[1.0, 5.0]	1	temf_till
59.45833333333333	31.791666666666657	2	[1.0, 5.0]	1	temf_till
59.45833333333333	31.87499999999997	2	[1.0, 5.0]	1	temf_till
59.45833333333333	31.958333333333314	2	[1.0, 5.0]	1	temf_till
59.45833333333333	32.04166666666666	2	[1.0, 5.0]	1	temf_till
59.45833333333333	33.458333333333314	2	[1.0, 5.0]	1	temf_till
59.45833333333333	33.54166666666666	2	[1.0, 5.0]	1	temf_till
59.45833333333333	33.708333333333314	2	[1.0, 5.0]	1	temf_till
59.45833333333333	33.79166666666666	2	[1.0, 5.0]	1	temf_till
59.45833333333333	33.87499999999997	2	[1.0, 5.0]	1	temf_till
59.45833333333333	33.958333333333314	2	[1.0, 5.0]	1	temf_till
59.45833333333333	34.04166666666666	2	[1.0, 5.0]	1	temf_till
59.45833333333333	34.12499999999997	2	[1.0, 5.0]	1	temf_till
59.45833333333333	34.208333333333314	2	[1.0, 5.0]	1	temf_till
59.45833333333333	34.29166666666666	2	[1.0, 5.0]	1	temf_till
59.45833333333333	34.37499999999997	2	[1.0, 5.0]	1	temf_till
59.45833333333333	34.54166666666666	2	[1.0, 5.0]	1	temf_till
59.45833333333333	34.62499999999997	2	[1.0, 5.0]	1	temf_till
59.45833333333333	34.708333333333314	2	[1.0, 5.0]	1	temf_till
59.45833333333333	34.958333333333314	2	[1.0, 5.0]	1	temf_till
59.45833333333333	35.04166666666666	2	[1.0, 5.0]	1	temf_till
59.45833333333333	35.12499999999997	2	[1.0, 5.0]	1	temf_till
59.45833333333333	35.79166666666666	2	[1.0, 5.0]	1	ofib_till,temf_till
59.45833333333333	35.87499999999997	2	[1.0, 5.0]	1	ofib_till,temf_till
59.45833333333333	35.958333333333314	2	[1.0, 5.0]	1	ofib_till,temf_till
59.45833333333333	36.458333333333314	2	[1.0, 5.0]	1	ofib_till,temf_till
59.45833333333333	36.54166666666666	2	[1.0, 5.0]	1	temf_till
59.45833333333333	36.62499999999997	2	[1.0, 5.0]	1	ofib_till,temf_till
59.45833333333333	36.708333333333314	2	[1.0, 5.0]	1	temf_till
59.45833333333333	36.958333333333314	2	[1.0, 5.0]	1	temf_till
59.45833333333333	37.04166666666666	2	[1.0, 5.0]	1	ofib_till,temf_till
59.45833333333333	37.12499999999997	2	[1.0, 5.0]	1	ofib_till,temf_till
59.45833333333333	37.208333333333314	2	[1.0, 5.0]	1	ofib_till,temf_till
59.45833333333333	37.29166666666666	2	[1.0, 5.0]	1	ofib_till,temf_till
59.45833333333333	37.37499999999997	2	[1.0, 5.0]	1	ofib_till,temf_till
59.45833333333333	37.458333333333314	2	[1.0, 5.0]	1	ofib_till,temf_till
59.45833333333333	37.54166666666666	2	[1.0, 5.0]	1	ofib_till,temf_till
59.45833333333333	37.62499999999997	2	[1.0, 5.0]	1	temf_till
59.45833333333333	37.708333333333314	2	[1.0, 5.0]	1	temf_till
59.45833333333333	37.79166666666666	2	[1.0, 5.0]	1	temf_till
59.45833333333333	37.87499999999997	2	[1.0, 5.0]	1	ofib_till,temf_till
59.45833333333333	37.958333333333314	2	[1.0, 5.0]	1	ofib_till,temf_till
59.45833333333333	38.04166666666666	2	[1.0, 5.0]	1	ofib_till,temf_till
59.45833333333333	38.12499999999997	2	[1.0, 5.0]	1	ofib_till,temf_till
59.45833333333333	38.208333333333314	2	[1.0, 5.0]	1	temf_till
59.45833333333333	38.29166666666666	2	[1.0, 5.0]	1	temf_till
59.45833333333333	38.37499999999997	2	[1.0, 5.0]	1	temf_till
59.45833333333333	38.54166666666666	2	[1.0, 5.0]	1	ofib_till,temf_till
59.45833333333333	38.62499999999997	2	[1.0, 5.0]	1	ofib_till,temf_till
59.45833333333333	38.708333333333314	2	[1.0, 5.0]	1	ofib_till,temf_till
59.45833333333333	38.79166666666666	2	[1.0, 5.0]	1	ofib_till,temf_till
59.45833333333333	38.958333333333314	2	[1.0, 5.0]	1	ofib_till,temf_till
59.45833333333333	39.12499999999997	2	[1.0, 5.0]	1	ofib_till,temf_till
59.45833333333333	39.208333333333314	2	[1.0, 5.0]	1	ofib_till,temf_till
59.45833333333333	39.29166666666666	2	[1.0, 5.0]	1	ofib_till,temf_till
59.45833333333333	39.37499999999997	2	[1.0, 5.0]	1	ofib_till,temf_till
59.45833333333333	39.458333333333314	2	[1.0, 5.0]	1	ofib_till,temf_till
59.45833333333333	39.54166666666666	2	[1.0, 5.0]	1	ofib_till,temf_till
59.45833333333333	39.62499999999997	2	[1.0, 5.0]	1	ofib_till,temf_till
59.45833333333333	39.708333333333314	2	[1.0, 5.0]	1	ofib_till,temf_till
59.45833333333333	39.79166666666666	2	[1.0, 5.0]	1	temf_till
59.45833333333333	39.87499999999997	2	[1.0, 5.0]	1	ofib_till,temf_till
59.45833333333333	39.958333333333314	2	[1.0, 5.0]	1	ofib_till,temf_till
59.45833333333333	40.04166666666666	2	[1.0, 5.0]	1	ofib_till,temf_till
59.45833333333333	40.12499999999997	2	[1.0, 5.0]	1	ofib_till,temf_till
59.45833333333333	40.208333333333314	2	[1.0, 5.0]	1	ofib_till,temf_till
59.45833333333333	40.37499999999997	2	[1.0, 5.0]	1	ofib_till,temf_till
59.45833333333333	40.458333333333314	2	[1.0, 5.0]	1	ofib_till,temf_till
59.45833333333333	40.54166666666666	2	[1.0, 5.0]	1	ofib_till,temf_till
59.45833333333333	40.62499999999997	2	[1.0, 5.0]	1	ofib_till,temf_till
59.45833333333333	41.54166666666666	2	[1.0, 5.0]	1	ofib_till,temf_till
59.45833333333333	41.62499999999997	2	[1.0, 5.0]	1	ofib_till,temf_till
59.45833333333333	41.708333333333314	2	[1.0, 5.0]	1	ofib_till,temf_till
59.45833333333333	41.79166666666666	2	[1.0, 5.0]	1	ofib_till,temf_till
59.45833333333333	41.87499999999997	2	[1.0, 5.0]	1	ofib_till,temf_till
59.45833333333333	42.54166666666666	2	[1.0, 5.0]	1	ofib_till,temf_till
59.45833333333333	42.62499999999997	2	[1.0, 5.0]	1	ofib_till,temf_till
59.45833333333333	42.708333333333314	2	[1.0, 5.0]	1	ofib_till,temf_till
59.45833333333333	42.79166666666666	2	[1.0, 5.0]	1	ofib_till,temf_till
59.45833333333333	42.87499999999997	2	[1.0, 5.0]	1	ofib_till,temf_till
59.45833333333333	43.54166666666666	2	[1.0, 5.0]	1	temf_till
59.45833333333333	43.62499999999997	2	[1.0, 5.0]	1	temf_till
59.45833333333333	43.87499999999997	2	[1.0, 5.0]	1	temf_till
59.45833333333333	43.958333333333314	2	[1.0, 5.0]	1	ofib_till,temf_till
59.45833333333333	44.12499999999997	2	[1.0, 5.0]	1	ofib_till,temf_till
59.45833333333333	44.708333333333314	2	[1.0, 5.0]	1	ofib_till,temf_till
59.45833333333333	45.37499999999997	2	[1.0, 5.0]	1	ofib_till,temf_till
59.45833333333333	45.458333333333314	2	[1.0, 5.0]	1	temf_till
59.45833333333333	45.54166666666666	2	[1.0, 5.0]	1	ofib_till,temf_till
59.45833333333333	45.62499999999997	2	[1.0, 5.0]	1	ofib_till,temf_till
59.45833333333333	45.87499999999997	2	[1.0, 5.0]	1	ofib_till,temf_till
59.45833333333333	49.37499999999997	2	[1.0, 5.0]	1	temf_till
59.45833333333333	49.458333333333314	2	[1.0, 5.0]	1	temf_till
59.45833333333333	49.54166666666666	2	[1.0, 5.0]	1	temf_till
59.45833333333333	49.62499999999997	2	[1.0, 5.0]	1	temf_till
59.45833333333333	49.708333333333314	2	[1.0, 5.0]	1	temf_till
59.45833333333333	49.79166666666666	2	[1.0, 5.0]	1	temf_till
59.45833333333333	50.708333333333314	2	[1.0, 5.0]	1	temf_till
59.45833333333333	50.79166666666666	2	[1.0, 5.0]	1	temf_till
59.45833333333333	50.87499999999997	2	[1.0, 5.0]	1	temf_till
59.45833333333333	54.04166666666666	2	[1.0, 5.0]	1	temf_till
59.45833333333333	54.12499999999997	2	[1.0, 5.0]	1	temf_till
59.45833333333333	54.208333333333314	2	[1.0, 5.0]	1	temf_till
59.45833333333333	54.29166666666666	2	[1.0, 5.0]	1	temf_till
59.45833333333333	54.458333333333314	2	[1.0, 5.0]	1	temf_till
59.45833333333333	54.54166666666666	2	[1.0, 5.0]	1	temf_till
59.45833333333333	55.87499999999997	2	[1.0, 5.0]	1	temf_till
59.45833333333333	55.958333333333314	2	[1.0, 5.0]	1	temf_till
59.45833333333333	56.04166666666666	2	[1.0, 5.0]	1	temf_till
59.45833333333333	56.208333333333314	2	[1.0, 5.0]	1	temf_till
59.45833333333333	56.29166666666666	2	[1.0, 5.0]	1	temf_till
59.45833333333333	64.37499999999997	2	[1.0, 5.0]	1	temf_till
59.45833333333333	64.45833333333331	2	[1.0, 5.0]	1	temf_till
59.45833333333333	65.45833333333331	2	[1.0, 5.0]	1	temf_till
59.45833333333333	65.79166666666666	2	[1.0, 5.0]	1	temf_till
59.375	5.208333333333314	2	[1.0, 5.0]	1	temf_till
59.375	5.291666666666657	2	[1.0, 5.0]	1	temf_till
59.375	5.374999999999972	2	[1.0, 5.0]	1	temf_till
59.375	5.458333333333314	2	[1.0, 5.0]	1	temf_till
59.375	5.708333333333314	2	[1.0, 5.0]	1	temf_till
59.375	5.791666666666657	2	[1.0, 5.0]	1	temf_till
59.375	5.958333333333314	2	[1.0, 5.0]	1	temf_till
59.375	8.458333333333314	2	[1.0, 5.0]	1	temf_till
59.375	9.874999999999972	2	[1.0, 5.0]	1	temf_till
59.375	9.958333333333314	2	[1.0, 5.0]	1	temf_till
59.375	10.041666666666657	2	[1.0, 5.0]	1	temf_till
59.375	10.124999999999972	2	[1.0, 5.0]	1	temf_till
59.375	10.208333333333314	2	[1.0, 5.0]	1	temf_till
59.375	10.291666666666657	2	[1.0, 5.0]	1	temf_till
59.375	10.374999999999972	2	[1.0, 5.0]	1	temf_till
59.375	10.458333333333314	2	[1.0, 5.0]	1	temf_till
59.375	10.624999999999972	2	[1.0, 5.0]	1	temf_till
59.375	10.708333333333314	2	[1.0, 5.0]	1	temf_till
59.375	10.791666666666657	2	[1.0, 5.0]	1	temf_till
59.375	10.874999999999972	2	[1.0, 5.0]	1	temf_till
59.375	10.958333333333314	2	[1.0, 5.0]	1	temf_till
59.375	11.041666666666657	2	[1.0, 5.0]	1	temf_till
59.375	11.124999999999972	2	[1.0, 5.0]	1	temf_till
59.375	11.208333333333314	2	[1.0, 5.0]	1	temf_till
59.375	11.291666666666657	2	[1.0, 5.0]	1	temf_till
59.375	11.374999999999972	2	[1.0, 5.0]	1	temf_till
59.375	11.458333333333314	2	[1.0, 5.0]	1	temf_till
59.375	11.541666666666657	2	[1.0, 5.0]	1	temf_till
59.375	11.624999999999972	2	[1.0, 5.0]	1	temf_till
59.375	11.708333333333314	2	[1.0, 5.0]	1	temf_till
59.375	14.458333333333314	2	[1.0, 5.0]	1	ooil_till
59.375	14.541666666666657	2	[1.0, 5.0]	1	ooil_till
59.375	14.624999999999972	2	[1.0, 5.0]	1	ooil_till
59.375	15.041666666666657	2	[1.0, 5.0]	1	ooil_till
59.375	15.124999999999972	2	[1.0, 5.0]	1	ooil_till
59.375	15.208333333333314	2	[1.0, 5.0]	1	ooil_till
59.375	15.291666666666657	2	[1.0, 5.0]	1	ooil_till
59.375	15.374999999999972	2	[1.0, 5.0]	1	ooil_till
59.375	15.458333333333314	2	[1.0, 5.0]	1	ooil_till
59.375	15.541666666666657	2	[1.0, 5.0]	1	ooil_till
59.375	15.624999999999972	2	[1.0, 5.0]	1	ooil_till
59.375	15.708333333333314	2	[1.0, 5.0]	1	ooil_till
59.375	15.874999999999972	2	[1.0, 5.0]	1	ooil_till
59.375	15.958333333333314	2	[1.0, 5.0]	1	ooil_till
59.375	16.041666666666657	2	[1.0, 5.0]	1	ooil_till
59.375	16.12499999999997	2	[1.0, 5.0]	1	ooil_till
59.375	16.208333333333314	2	[1.0, 5.0]	1	ooil_till
